{
  "files": [
    {
      "features": [
        {
          "CONSTANT": {
            "true": {
              "C1_SAME_TYPE_CONSTANT": "true",
              "C2_SAME_TYPE_CONSTANT_VAR": "false",
              "C2_SAME_TYPE_VAR": "true"
            }
          },
          "FEATURES_BINARYOPERATOR": {
            "0_numeratorDegreesOfFreedom <= 0": {
              "O1_IS_BIT": "false",
              "O1_IS_COMPARE": "true",
              "O1_IS_LOGICAL": "false",
              "O1_IS_MATH": "false",
              "O1_IS_OTHERS": "false",
              "O1_IS_SHIFT": "false",
              "O2_LOGICAL_CONTAIN_NOT": "false",
              "O3_CONTAIN_01": "true",
              "O3_CONTAIN_NULL": "false",
              "O4_COMPARE_IN_CONDITION": "false",
              "O5_IS_MATH_ROOT": "false"
            },
            "10_(((nhalf * logn) + (nhalf * logx)) - logx)": {
              "O1_IS_BIT": "false",
              "O1_IS_COMPARE": "false",
              "O1_IS_LOGICAL": "false",
              "O1_IS_MATH": "true",
              "O1_IS_OTHERS": "false",
              "O1_IS_SHIFT": "false",
              "O2_LOGICAL_CONTAIN_NOT": "false",
              "O3_CONTAIN_01": "false",
              "O3_CONTAIN_NULL": "false",
              "O4_COMPARE_IN_CONDITION": "false",
              "O5_IS_MATH_ROOT": "false"
            },
            "11_((nhalf * logn) + (nhalf * logx))": {
              "O1_IS_BIT": "false",
              "O1_IS_COMPARE": "false",
              "O1_IS_LOGICAL": "false",
              "O1_IS_MATH": "true",
              "O1_IS_OTHERS": "false",
              "O1_IS_SHIFT": "false",
              "O2_LOGICAL_CONTAIN_NOT": "false",
              "O3_CONTAIN_01": "false",
              "O3_CONTAIN_NULL": "false",
              "O4_COMPARE_IN_CONDITION": "false",
              "O5_IS_MATH_ROOT": "false"
            },
            "12_(nhalf * logn)": {
              "O1_IS_BIT": "false",
              "O1_IS_COMPARE": "false",
              "O1_IS_LOGICAL": "false",
              "O1_IS_MATH": "true",
              "O1_IS_OTHERS": "false",
              "O1_IS_SHIFT": "false",
              "O2_LOGICAL_CONTAIN_NOT": "false",
              "O3_CONTAIN_01": "false",
              "O3_CONTAIN_NULL": "false",
              "O4_COMPARE_IN_CONDITION": "false",
              "O5_IS_MATH_ROOT": "false"
            },
            "13_(nhalf * logx)": {
              "O1_IS_BIT": "false",
              "O1_IS_COMPARE": "false",
              "O1_IS_LOGICAL": "false",
              "O1_IS_MATH": "true",
              "O1_IS_OTHERS": "false",
              "O1_IS_SHIFT": "false",
              "O2_LOGICAL_CONTAIN_NOT": "false",
              "O3_CONTAIN_01": "false",
              "O3_CONTAIN_NULL": "false",
              "O4_COMPARE_IN_CONDITION": "false",
              "O5_IS_MATH_ROOT": "false"
            },
            "14_(mhalf * logm)": {
              "O1_IS_BIT": "false",
              "O1_IS_COMPARE": "false",
              "O1_IS_LOGICAL": "false",
              "O1_IS_MATH": "true",
              "O1_IS_OTHERS": "false",
              "O1_IS_SHIFT": "false",
              "O2_LOGICAL_CONTAIN_NOT": "false",
              "O3_CONTAIN_01": "false",
              "O3_CONTAIN_NULL": "false",
              "O4_COMPARE_IN_CONDITION": "false",
              "O5_IS_MATH_ROOT": "false"
            },
            "15_(nhalf * lognxm)": {
              "O1_IS_BIT": "false",
              "O1_IS_COMPARE": "false",
              "O1_IS_LOGICAL": "false",
              "O1_IS_MATH": "true",
              "O1_IS_OTHERS": "false",
              "O1_IS_SHIFT": "false",
              "O2_LOGICAL_CONTAIN_NOT": "false",
              "O3_CONTAIN_01": "false",
              "O3_CONTAIN_NULL": "false",
              "O4_COMPARE_IN_CONDITION": "false",
              "O5_IS_MATH_ROOT": "false"
            },
            "16_(mhalf * lognxm)": {
              "O1_IS_BIT": "false",
              "O1_IS_COMPARE": "false",
              "O1_IS_LOGICAL": "false",
              "O1_IS_MATH": "true",
              "O1_IS_OTHERS": "false",
              "O1_IS_SHIFT": "false",
              "O2_LOGICAL_CONTAIN_NOT": "false",
              "O3_CONTAIN_01": "false",
              "O3_CONTAIN_NULL": "false",
              "O4_COMPARE_IN_CONDITION": "false",
              "O5_IS_MATH_ROOT": "false"
            },
            "17_x <= 0": {
              "O1_IS_BIT": "false",
              "O1_IS_COMPARE": "true",
              "O1_IS_LOGICAL": "false",
              "O1_IS_MATH": "false",
              "O1_IS_OTHERS": "false",
              "O1_IS_SHIFT": "false",
              "O2_LOGICAL_CONTAIN_NOT": "false",
              "O3_CONTAIN_01": "true",
              "O3_CONTAIN_NULL": "false",
              "O4_COMPARE_IN_CONDITION": "false",
              "O5_IS_MATH_ROOT": "false"
            },
            "18_(n * x) / (m + (n * x))": {
              "O1_IS_BIT": "false",
              "O1_IS_COMPARE": "false",
              "O1_IS_LOGICAL": "false",
              "O1_IS_MATH": "true",
              "O1_IS_OTHERS": "false",
              "O1_IS_SHIFT": "false",
              "O2_LOGICAL_CONTAIN_NOT": "false",
              "O3_CONTAIN_01": "false",
              "O3_CONTAIN_NULL": "false",
              "O4_COMPARE_IN_CONDITION": "false",
              "O5_IS_MATH_ROOT": "true"
            },
            "19_(n * x)": {
              "O1_IS_BIT": "false",
              "O1_IS_COMPARE": "false",
              "O1_IS_LOGICAL": "false",
              "O1_IS_MATH": "true",
              "O1_IS_OTHERS": "false",
              "O1_IS_SHIFT": "false",
              "O2_LOGICAL_CONTAIN_NOT": "false",
              "O3_CONTAIN_01": "false",
              "O3_CONTAIN_NULL": "false",
              "O4_COMPARE_IN_CONDITION": "false",
              "O5_IS_MATH_ROOT": "false"
            },
            "1_denominatorDegreesOfFreedom <= 0": {
              "O1_IS_BIT": "false",
              "O1_IS_COMPARE": "true",
              "O1_IS_LOGICAL": "false",
              "O1_IS_MATH": "false",
              "O1_IS_OTHERS": "false",
              "O1_IS_SHIFT": "false",
              "O2_LOGICAL_CONTAIN_NOT": "false",
              "O3_CONTAIN_01": "true",
              "O3_CONTAIN_NULL": "false",
              "O4_COMPARE_IN_CONDITION": "false",
              "O5_IS_MATH_ROOT": "false"
            },
            "20_(m + (n * x))": {
              "O1_IS_BIT": "false",
              "O1_IS_COMPARE": "false",
              "O1_IS_LOGICAL": "false",
              "O1_IS_MATH": "true",
              "O1_IS_OTHERS": "false",
              "O1_IS_SHIFT": "false",
              "O2_LOGICAL_CONTAIN_NOT": "false",
              "O3_CONTAIN_01": "false",
              "O3_CONTAIN_NULL": "false",
              "O4_COMPARE_IN_CONDITION": "false",
              "O5_IS_MATH_ROOT": "false"
            },
            "21_(n * x)": {
              "O1_IS_BIT": "false",
              "O1_IS_COMPARE": "false",
              "O1_IS_LOGICAL": "false",
              "O1_IS_MATH": "true",
              "O1_IS_OTHERS": "false",
              "O1_IS_SHIFT": "false",
              "O2_LOGICAL_CONTAIN_NOT": "false",
              "O3_CONTAIN_01": "false",
              "O3_CONTAIN_NULL": "false",
              "O4_COMPARE_IN_CONDITION": "false",
              "O5_IS_MATH_ROOT": "false"
            },
            "22_0.5 * n": {
              "O1_IS_BIT": "false",
              "O1_IS_COMPARE": "false",
              "O1_IS_LOGICAL": "false",
              "O1_IS_MATH": "true",
              "O1_IS_OTHERS": "false",
              "O1_IS_SHIFT": "false",
              "O2_LOGICAL_CONTAIN_NOT": "false",
              "O3_CONTAIN_01": "false",
              "O3_CONTAIN_NULL": "false",
              "O4_COMPARE_IN_CONDITION": "false",
              "O5_IS_MATH_ROOT": "true"
            },
            "23_0.5 * m": {
              "O1_IS_BIT": "false",
              "O1_IS_COMPARE": "false",
              "O1_IS_LOGICAL": "false",
              "O1_IS_MATH": "true",
              "O1_IS_OTHERS": "false",
              "O1_IS_SHIFT": "false",
              "O2_LOGICAL_CONTAIN_NOT": "false",
              "O3_CONTAIN_01": "false",
              "O3_CONTAIN_NULL": "false",
              "O4_COMPARE_IN_CONDITION": "false",
              "O5_IS_MATH_ROOT": "true"
            },
            "24_denominatorDF > 2": {
              "O1_IS_BIT": "false",
              "O1_IS_COMPARE": "true",
              "O1_IS_LOGICAL": "false",
              "O1_IS_MATH": "false",
              "O1_IS_OTHERS": "false",
              "O1_IS_SHIFT": "false",
              "O2_LOGICAL_CONTAIN_NOT": "false",
              "O3_CONTAIN_01": "false",
              "O3_CONTAIN_NULL": "false",
              "O4_COMPARE_IN_CONDITION": "false",
              "O5_IS_MATH_ROOT": "false"
            },
            "25_denominatorDF / (denominatorDF - 2)": {
              "O1_IS_BIT": "false",
              "O1_IS_COMPARE": "false",
              "O1_IS_LOGICAL": "false",
              "O1_IS_MATH": "true",
              "O1_IS_OTHERS": "false",
              "O1_IS_SHIFT": "false",
              "O2_LOGICAL_CONTAIN_NOT": "false",
              "O3_CONTAIN_01": "false",
              "O3_CONTAIN_NULL": "false",
              "O4_COMPARE_IN_CONDITION": "false",
              "O5_IS_MATH_ROOT": "true"
            },
            "26_(denominatorDF - 2)": {
              "O1_IS_BIT": "false",
              "O1_IS_COMPARE": "false",
              "O1_IS_LOGICAL": "false",
              "O1_IS_MATH": "true",
              "O1_IS_OTHERS": "false",
              "O1_IS_SHIFT": "false",
              "O2_LOGICAL_CONTAIN_NOT": "false",
              "O3_CONTAIN_01": "false",
              "O3_CONTAIN_NULL": "false",
              "O4_COMPARE_IN_CONDITION": "false",
              "O5_IS_MATH_ROOT": "false"
            },
            "27_denominatorDF > 4": {
              "O1_IS_BIT": "false",
              "O1_IS_COMPARE": "true",
              "O1_IS_LOGICAL": "false",
              "O1_IS_MATH": "false",
              "O1_IS_OTHERS": "false",
              "O1_IS_SHIFT": "false",
              "O2_LOGICAL_CONTAIN_NOT": "false",
              "O3_CONTAIN_01": "false",
              "O3_CONTAIN_NULL": "false",
              "O4_COMPARE_IN_CONDITION": "false",
              "O5_IS_MATH_ROOT": "false"
            },
            "28_denominatorDF - 2": {
              "O1_IS_BIT": "false",
              "O1_IS_COMPARE": "false",
              "O1_IS_LOGICAL": "false",
              "O1_IS_MATH": "true",
              "O1_IS_OTHERS": "false",
              "O1_IS_SHIFT": "false",
              "O2_LOGICAL_CONTAIN_NOT": "false",
              "O3_CONTAIN_01": "false",
              "O3_CONTAIN_NULL": "false",
              "O4_COMPARE_IN_CONDITION": "false",
              "O5_IS_MATH_ROOT": "true"
            },
            "29_((2 * (denominatorDF * denominatorDF)) * ((numeratorDF + denominatorDF) - 2)) / ((numeratorDF * (denomDFMinusTwo * denomDFMinusTwo)) * (denominatorDF - 4))": {
              "O1_IS_BIT": "false",
              "O1_IS_COMPARE": "false",
              "O1_IS_LOGICAL": "false",
              "O1_IS_MATH": "true",
              "O1_IS_OTHERS": "false",
              "O1_IS_SHIFT": "false",
              "O2_LOGICAL_CONTAIN_NOT": "false",
              "O3_CONTAIN_01": "false",
              "O3_CONTAIN_NULL": "false",
              "O4_COMPARE_IN_CONDITION": "false",
              "O5_IS_MATH_ROOT": "true"
            },
            "2_numeratorDegreesOfFreedom / 2": {
              "O1_IS_BIT": "false",
              "O1_IS_COMPARE": "false",
              "O1_IS_LOGICAL": "false",
              "O1_IS_MATH": "true",
              "O1_IS_OTHERS": "false",
              "O1_IS_SHIFT": "false",
              "O2_LOGICAL_CONTAIN_NOT": "false",
              "O3_CONTAIN_01": "false",
              "O3_CONTAIN_NULL": "false",
              "O4_COMPARE_IN_CONDITION": "false",
              "O5_IS_MATH_ROOT": "true"
            },
            "30_((2 * (denominatorDF * denominatorDF)) * ((numeratorDF + denominatorDF) - 2))": {
              "O1_IS_BIT": "false",
              "O1_IS_COMPARE": "false",
              "O1_IS_LOGICAL": "false",
              "O1_IS_MATH": "true",
              "O1_IS_OTHERS": "false",
              "O1_IS_SHIFT": "false",
              "O2_LOGICAL_CONTAIN_NOT": "false",
              "O3_CONTAIN_01": "false",
              "O3_CONTAIN_NULL": "false",
              "O4_COMPARE_IN_CONDITION": "false",
              "O5_IS_MATH_ROOT": "false"
            },
            "31_(2 * (denominatorDF * denominatorDF))": {
              "O1_IS_BIT": "false",
              "O1_IS_COMPARE": "false",
              "O1_IS_LOGICAL": "false",
              "O1_IS_MATH": "true",
              "O1_IS_OTHERS": "false",
              "O1_IS_SHIFT": "false",
              "O2_LOGICAL_CONTAIN_NOT": "false",
              "O3_CONTAIN_01": "false",
              "O3_CONTAIN_NULL": "false",
              "O4_COMPARE_IN_CONDITION": "false",
              "O5_IS_MATH_ROOT": "false"
            },
            "32_(denominatorDF * denominatorDF)": {
              "O1_IS_BIT": "false",
              "O1_IS_COMPARE": "false",
              "O1_IS_LOGICAL": "false",
              "O1_IS_MATH": "true",
              "O1_IS_OTHERS": "false",
              "O1_IS_SHIFT": "false",
              "O2_LOGICAL_CONTAIN_NOT": "false",
              "O3_CONTAIN_01": "false",
              "O3_CONTAIN_NULL": "false",
              "O4_COMPARE_IN_CONDITION": "false",
              "O5_IS_MATH_ROOT": "false"
            },
            "33_((numeratorDF + denominatorDF) - 2)": {
              "O1_IS_BIT": "false",
              "O1_IS_COMPARE": "false",
              "O1_IS_LOGICAL": "false",
              "O1_IS_MATH": "true",
              "O1_IS_OTHERS": "false",
              "O1_IS_SHIFT": "false",
              "O2_LOGICAL_CONTAIN_NOT": "false",
              "O3_CONTAIN_01": "false",
              "O3_CONTAIN_NULL": "false",
              "O4_COMPARE_IN_CONDITION": "false",
              "O5_IS_MATH_ROOT": "false"
            },
            "34_(numeratorDF + denominatorDF)": {
              "O1_IS_BIT": "false",
              "O1_IS_COMPARE": "false",
              "O1_IS_LOGICAL": "false",
              "O1_IS_MATH": "true",
              "O1_IS_OTHERS": "false",
              "O1_IS_SHIFT": "false",
              "O2_LOGICAL_CONTAIN_NOT": "false",
              "O3_CONTAIN_01": "false",
              "O3_CONTAIN_NULL": "false",
              "O4_COMPARE_IN_CONDITION": "false",
              "O5_IS_MATH_ROOT": "false"
            },
            "35_((numeratorDF * (denomDFMinusTwo * denomDFMinusTwo)) * (denominatorDF - 4))": {
              "O1_IS_BIT": "false",
              "O1_IS_COMPARE": "false",
              "O1_IS_LOGICAL": "false",
              "O1_IS_MATH": "true",
              "O1_IS_OTHERS": "false",
              "O1_IS_SHIFT": "false",
              "O2_LOGICAL_CONTAIN_NOT": "false",
              "O3_CONTAIN_01": "false",
              "O3_CONTAIN_NULL": "false",
              "O4_COMPARE_IN_CONDITION": "false",
              "O5_IS_MATH_ROOT": "false"
            },
            "36_(numeratorDF * (denomDFMinusTwo * denomDFMinusTwo))": {
              "O1_IS_BIT": "false",
              "O1_IS_COMPARE": "false",
              "O1_IS_LOGICAL": "false",
              "O1_IS_MATH": "true",
              "O1_IS_OTHERS": "false",
              "O1_IS_SHIFT": "false",
              "O2_LOGICAL_CONTAIN_NOT": "false",
              "O3_CONTAIN_01": "false",
              "O3_CONTAIN_NULL": "false",
              "O4_COMPARE_IN_CONDITION": "false",
              "O5_IS_MATH_ROOT": "false"
            },
            "37_(denomDFMinusTwo * denomDFMinusTwo)": {
              "O1_IS_BIT": "false",
              "O1_IS_COMPARE": "false",
              "O1_IS_LOGICAL": "false",
              "O1_IS_MATH": "true",
              "O1_IS_OTHERS": "false",
              "O1_IS_SHIFT": "false",
              "O2_LOGICAL_CONTAIN_NOT": "false",
              "O3_CONTAIN_01": "false",
              "O3_CONTAIN_NULL": "false",
              "O4_COMPARE_IN_CONDITION": "false",
              "O5_IS_MATH_ROOT": "false"
            },
            "38_(denominatorDF - 4)": {
              "O1_IS_BIT": "false",
              "O1_IS_COMPARE": "false",
              "O1_IS_LOGICAL": "false",
              "O1_IS_MATH": "true",
              "O1_IS_OTHERS": "false",
              "O1_IS_SHIFT": "false",
              "O2_LOGICAL_CONTAIN_NOT": "false",
              "O3_CONTAIN_01": "false",
              "O3_CONTAIN_NULL": "false",
              "O4_COMPARE_IN_CONDITION": "false",
              "O5_IS_MATH_ROOT": "false"
            },
            "3_denominatorDegreesOfFreedom / 2": {
              "O1_IS_BIT": "false",
              "O1_IS_COMPARE": "false",
              "O1_IS_LOGICAL": "false",
              "O1_IS_MATH": "true",
              "O1_IS_OTHERS": "false",
              "O1_IS_SHIFT": "false",
              "O2_LOGICAL_CONTAIN_NOT": "false",
              "O3_CONTAIN_01": "false",
              "O3_CONTAIN_NULL": "false",
              "O4_COMPARE_IN_CONDITION": "false",
              "O5_IS_MATH_ROOT": "true"
            },
            "4_(numeratorDegreesOfFreedom * x) + denominatorDegreesOfFreedom": {
              "O1_IS_BIT": "false",
              "O1_IS_COMPARE": "false",
              "O1_IS_LOGICAL": "false",
              "O1_IS_MATH": "true",
              "O1_IS_OTHERS": "false",
              "O1_IS_SHIFT": "false",
              "O2_LOGICAL_CONTAIN_NOT": "false",
              "O3_CONTAIN_01": "false",
              "O3_CONTAIN_NULL": "false",
              "O4_COMPARE_IN_CONDITION": "false",
              "O5_IS_MATH_ROOT": "true"
            },
            "5_(numeratorDegreesOfFreedom * x)": {
              "O1_IS_BIT": "false",
              "O1_IS_COMPARE": "false",
              "O1_IS_LOGICAL": "false",
              "O1_IS_MATH": "true",
              "O1_IS_OTHERS": "false",
              "O1_IS_SHIFT": "false",
              "O2_LOGICAL_CONTAIN_NOT": "false",
              "O3_CONTAIN_01": "false",
              "O3_CONTAIN_NULL": "false",
              "O4_COMPARE_IN_CONDITION": "false",
              "O5_IS_MATH_ROOT": "false"
            },
            "6_((((((nhalf * logn) + (nhalf * logx)) - logx) + (mhalf * logm)) - (nhalf * lognxm)) - (mhalf * lognxm)) - org.apache.commons.math3.special.Beta.logBeta(nhalf, mhalf)": {
              "O1_IS_BIT": "false",
              "O1_IS_COMPARE": "false",
              "O1_IS_LOGICAL": "false",
              "O1_IS_MATH": "true",
              "O1_IS_OTHERS": "false",
              "O1_IS_SHIFT": "false",
              "O2_LOGICAL_CONTAIN_NOT": "false",
              "O3_CONTAIN_01": "false",
              "O3_CONTAIN_NULL": "false",
              "O4_COMPARE_IN_CONDITION": "false",
              "O5_IS_MATH_ROOT": "true"
            },
            "7_((((((nhalf * logn) + (nhalf * logx)) - logx) + (mhalf * logm)) - (nhalf * lognxm)) - (mhalf * lognxm))": {
              "O1_IS_BIT": "false",
              "O1_IS_COMPARE": "false",
              "O1_IS_LOGICAL": "false",
              "O1_IS_MATH": "true",
              "O1_IS_OTHERS": "false",
              "O1_IS_SHIFT": "false",
              "O2_LOGICAL_CONTAIN_NOT": "false",
              "O3_CONTAIN_01": "false",
              "O3_CONTAIN_NULL": "false",
              "O4_COMPARE_IN_CONDITION": "false",
              "O5_IS_MATH_ROOT": "false"
            },
            "8_(((((nhalf * logn) + (nhalf * logx)) - logx) + (mhalf * logm)) - (nhalf * lognxm))": {
              "O1_IS_BIT": "false",
              "O1_IS_COMPARE": "false",
              "O1_IS_LOGICAL": "false",
              "O1_IS_MATH": "true",
              "O1_IS_OTHERS": "false",
              "O1_IS_SHIFT": "false",
              "O2_LOGICAL_CONTAIN_NOT": "false",
              "O3_CONTAIN_01": "false",
              "O3_CONTAIN_NULL": "false",
              "O4_COMPARE_IN_CONDITION": "false",
              "O5_IS_MATH_ROOT": "false"
            },
            "9_((((nhalf * logn) + (nhalf * logx)) - logx) + (mhalf * logm))": {
              "O1_IS_BIT": "false",
              "O1_IS_COMPARE": "false",
              "O1_IS_LOGICAL": "false",
              "O1_IS_MATH": "true",
              "O1_IS_OTHERS": "false",
              "O1_IS_SHIFT": "false",
              "O2_LOGICAL_CONTAIN_NOT": "false",
              "O3_CONTAIN_01": "false",
              "O3_CONTAIN_NULL": "false",
              "O4_COMPARE_IN_CONDITION": "false",
              "O5_IS_MATH_ROOT": "false"
            }
          },
          "FEATURES_LOGICAL_EXPRESSION": {
            "logical_expression_0_true": {
              "LE10_ATOMIC_EXPRESSION_COMPARISION_SAME_LEFT": "false",
              "LE10_ATOMIC_EXPRESSION_COMPARISION_SAME_RIGHT": "false",
              "LE10_ATOMIC_EXPRESSION_MULTIPLE_VAR_AS_BOOLEAN": "false",
              "LE10_ATOMIC_EXPRESSION_SAME_INVOCATION_TARGET": "false",
              "LE10_ATOMIC_EXPRESSION_USED_IN_INVOCATION_COMPARISION_VARIABLE": "false",
              "LE10_CONTAINS_ALL_INVOCATION_COMPARISION_VARIABLE": "false",
              "LE1_EXISTS_RELATED_BOOLEAN_EXPRESSION": "false",
              "LE2_IS_BOOLEAN_METHOD_PARAM_TYPE_VAR": "false",
              "LE3_IS_COMPATIBLE_VAR_NOT_INCLUDED": "false",
              "LE4_EXISTS_LOCAL_UNUSED_VARIABLES": "true",
              "LE5_COMPLEX_REFERENCE": "false",
              "LE6_HAS_NEGATION": "false",
              "LE7_SIMPLE_VAR_OR_METHOD_IN_LOGIC": "false",
              "LE8_SCOPE_VAR_USED_OTHER_BOOLEXPER": "true",
              "LE9_EQUAL_NOTEQUAL_NULL_CHECK": "false",
              "LE9_MIX_CHECK": "false",
              "LE9_NORMAL_CHECK": "false",
              "LE9_NULL_CHECK": "false"
            }
          },
          "FEATURES_METHOD_INVOCATION": {},
          "FEATURES_TYPEACCESS": {},
          "FEATURES_VARS": {},
          "S10_METHOD_CALL_WITH_NULL_GUARD": "false",
          "S11_FAULTY_CLASS_EXCEPTION_TYPE": "false",
          "S12_METHOD_CALL_WITH_TRY_CATCH": "false",
          "S13_TYPE_OF_FAULTY_STATEMENT_AFTER_1": "",
          "S13_TYPE_OF_FAULTY_STATEMENT_AFTER_2": "",
          "S13_TYPE_OF_FAULTY_STATEMENT_AFTER_3": "",
          "S13_TYPE_OF_FAULTY_STATEMENT_BEFORE_1": "",
          "S13_TYPE_OF_FAULTY_STATEMENT_BEFORE_2": "",
          "S13_TYPE_OF_FAULTY_STATEMENT_BEFORE_3": "",
          "S14_TYPE_OF_FAULTY_STATEMENT_PARENT": "Method",
          "S15_HAS_OBJECTIVE_METHOD_CALL": "false",
          "S16_HAS_Invocations_Prone_Exception": "false",
          "S18_In_Synchronized_Method": "false",
          "S1_LOCAL_VAR_NOT_ASSIGNED": "false",
          "S1_LOCAL_VAR_NOT_USED": "false",
          "S2_SIMILAR_OBJECT_TYPE_WITH_NORMAL_GUARD": "false",
          "S2_SIMILAR_OBJECT_TYPE_WITH_NULL_GUARD": "false",
          "S3_TYPE_OF_FAULTY_STATEMENT": "Return",
          "S4_Field_NOT_ASSIGNED": "false",
          "S4_Field_NOT_USED": "false",
          "S5_SIMILAR_PRIMITIVE_TYPE_WITH_NORMAL_GUARD": "false",
          "S5_SIMILAR_PRIMITIVE_TYPE_WITH_NULL_GUARD": "false",
          "S6_METHOD_THROWS_EXCEPTION": "false",
          "S7_OBJECT_USED_IN_ASSIGNMENT": "false",
          "S8_PRIMITIVE_USED_IN_ASSIGNMENT": "false",
          "S9_METHOD_CALL_WITH_NORMAL_GUARD": "false",
          "ast_info": {
            "dst": "false",
            "dst_parent": "return false",
            "dst_parent_type": "Return",
            "dst_type": "Literal",
            "operator": "UPD",
            "src": "true",
            "src_parent": "return true",
            "src_parent_type": "Return",
            "src_type": "Literal"
          }
        },
        {
          "P4J_FORMER_ABST_V_AF": "0",
          "P4J_FORMER_ASSIGN_CONST_AF": "0",
          "P4J_FORMER_ASSIGN_LHS_AF": "0",
          "P4J_FORMER_ASSIGN_ZERO_AF": "0",
          "P4J_FORMER_CALLEE_AF": "0",
          "P4J_FORMER_CALL_ARGUMENT_AF": "0",
          "P4J_FORMER_CHANGED_AF": "0",
          "P4J_FORMER_DEREF_AF": "0",
          "P4J_FORMER_FUNC_ARGUMENT_VF": "0",
          "P4J_FORMER_GLOBAL_VARIABLE_VF": "0",
          "P4J_FORMER_INDEX_AF": "0",
          "P4J_FORMER_INSERT_CONTROL_RF": "0",
          "P4J_FORMER_INSERT_GUARD_RF": "0",
          "P4J_FORMER_INSERT_STMT_RF": "0",
          "P4J_FORMER_LOCAL_VARIABLE_VF": "0",
          "P4J_FORMER_MEMBER_ACCESS_AF": "0",
          "P4J_FORMER_MEMBER_VF": "0",
          "P4J_FORMER_MODIFIED_SIMILAR_VF": "0",
          "P4J_FORMER_MODIFIED_VF": "0",
          "P4J_FORMER_NONZERO_CONST_VF": "0",
          "P4J_FORMER_OP_ADD_AF": "0",
          "P4J_FORMER_OP_DIV_AF": "0",
          "P4J_FORMER_OP_EQ_AF": "0",
          "P4J_FORMER_OP_GE_AF": "0",
          "P4J_FORMER_OP_GT_AF": "0",
          "P4J_FORMER_OP_LE_AF": "0",
          "P4J_FORMER_OP_LT_AF": "0",
          "P4J_FORMER_OP_MOD_AF": "0",
          "P4J_FORMER_OP_MUL_AF": "0",
          "P4J_FORMER_OP_NE_AF": "0",
          "P4J_FORMER_OP_SUB_AF": "0",
          "P4J_FORMER_REMOVE_PARTIAL_IF": "0",
          "P4J_FORMER_REMOVE_STMT": "0",
          "P4J_FORMER_REMOVE_WHOLE_BLOCK": "0",
          "P4J_FORMER_REMOVE_WHOLE_IF": "0",
          "P4J_FORMER_REPLACE_COND_RF": "0",
          "P4J_FORMER_REPLACE_STMT_RF": "0",
          "P4J_FORMER_R_STMT_ASSIGN_AF": "0",
          "P4J_FORMER_R_STMT_CALL_AF": "0",
          "P4J_FORMER_R_STMT_COND_AF": "0",
          "P4J_FORMER_R_STMT_CONTROL_AF": "0",
          "P4J_FORMER_SIZE_LITERAL_VF": "0",
          "P4J_FORMER_STMT_ASSIGN_AF": "0",
          "P4J_FORMER_STMT_CALL_AF": "0",
          "P4J_FORMER_STMT_COND_AF": "0",
          "P4J_FORMER_STMT_CONTROL_AF": "0",
          "P4J_FORMER_STMT_LABEL_AF": "0",
          "P4J_FORMER_STMT_LOOP_AF": "0",
          "P4J_FORMER_STRING_LITERAL_VF": "0",
          "P4J_FORMER_UOP_DEC_AF": "0",
          "P4J_FORMER_UOP_INC_AF": "0",
          "P4J_FORMER_ZERO_CONST_VF": "0",
          "P4J_LATER_ABST_V_AF": "0",
          "P4J_LATER_ASSIGN_CONST_AF": "0",
          "P4J_LATER_ASSIGN_LHS_AF": "0",
          "P4J_LATER_ASSIGN_ZERO_AF": "0",
          "P4J_LATER_CALLEE_AF": "0",
          "P4J_LATER_CALL_ARGUMENT_AF": "0",
          "P4J_LATER_CHANGED_AF": "0",
          "P4J_LATER_DEREF_AF": "0",
          "P4J_LATER_FUNC_ARGUMENT_VF": "0",
          "P4J_LATER_GLOBAL_VARIABLE_VF": "0",
          "P4J_LATER_INDEX_AF": "0",
          "P4J_LATER_INSERT_CONTROL_RF": "0",
          "P4J_LATER_INSERT_GUARD_RF": "0",
          "P4J_LATER_INSERT_STMT_RF": "0",
          "P4J_LATER_LOCAL_VARIABLE_VF": "0",
          "P4J_LATER_MEMBER_ACCESS_AF": "0",
          "P4J_LATER_MEMBER_VF": "0",
          "P4J_LATER_MODIFIED_SIMILAR_VF": "0",
          "P4J_LATER_MODIFIED_VF": "0",
          "P4J_LATER_NONZERO_CONST_VF": "0",
          "P4J_LATER_OP_ADD_AF": "0",
          "P4J_LATER_OP_DIV_AF": "0",
          "P4J_LATER_OP_EQ_AF": "0",
          "P4J_LATER_OP_GE_AF": "0",
          "P4J_LATER_OP_GT_AF": "0",
          "P4J_LATER_OP_LE_AF": "0",
          "P4J_LATER_OP_LT_AF": "0",
          "P4J_LATER_OP_MOD_AF": "0",
          "P4J_LATER_OP_MUL_AF": "0",
          "P4J_LATER_OP_NE_AF": "0",
          "P4J_LATER_OP_SUB_AF": "0",
          "P4J_LATER_REMOVE_PARTIAL_IF": "0",
          "P4J_LATER_REMOVE_STMT": "0",
          "P4J_LATER_REMOVE_WHOLE_BLOCK": "0",
          "P4J_LATER_REMOVE_WHOLE_IF": "0",
          "P4J_LATER_REPLACE_COND_RF": "0",
          "P4J_LATER_REPLACE_STMT_RF": "0",
          "P4J_LATER_R_STMT_ASSIGN_AF": "0",
          "P4J_LATER_R_STMT_CALL_AF": "0",
          "P4J_LATER_R_STMT_COND_AF": "0",
          "P4J_LATER_R_STMT_CONTROL_AF": "0",
          "P4J_LATER_SIZE_LITERAL_VF": "0",
          "P4J_LATER_STMT_ASSIGN_AF": "0",
          "P4J_LATER_STMT_CALL_AF": "0",
          "P4J_LATER_STMT_COND_AF": "0",
          "P4J_LATER_STMT_CONTROL_AF": "0",
          "P4J_LATER_STMT_LABEL_AF": "0",
          "P4J_LATER_STMT_LOOP_AF": "0",
          "P4J_LATER_STRING_LITERAL_VF": "0",
          "P4J_LATER_UOP_DEC_AF": "0",
          "P4J_LATER_UOP_INC_AF": "0",
          "P4J_LATER_ZERO_CONST_VF": "0",
          "P4J_SRC_ABST_V_AF": "0",
          "P4J_SRC_ASSIGN_CONST_AF": "0",
          "P4J_SRC_ASSIGN_LHS_AF": "0",
          "P4J_SRC_ASSIGN_ZERO_AF": "0",
          "P4J_SRC_CALLEE_AF": "0",
          "P4J_SRC_CALL_ARGUMENT_AF": "0",
          "P4J_SRC_CHANGED_AF": "0",
          "P4J_SRC_DEREF_AF": "0",
          "P4J_SRC_FUNC_ARGUMENT_VF": "0",
          "P4J_SRC_GLOBAL_VARIABLE_VF": "0",
          "P4J_SRC_INDEX_AF": "0",
          "P4J_SRC_INSERT_CONTROL_RF": "0",
          "P4J_SRC_INSERT_GUARD_RF": "0",
          "P4J_SRC_INSERT_STMT_RF": "0",
          "P4J_SRC_LOCAL_VARIABLE_VF": "0",
          "P4J_SRC_MEMBER_ACCESS_AF": "0",
          "P4J_SRC_MEMBER_VF": "0",
          "P4J_SRC_MODIFIED_SIMILAR_VF": "0",
          "P4J_SRC_MODIFIED_VF": "0",
          "P4J_SRC_NONZERO_CONST_VF": "0",
          "P4J_SRC_OP_ADD_AF": "0",
          "P4J_SRC_OP_DIV_AF": "0",
          "P4J_SRC_OP_EQ_AF": "0",
          "P4J_SRC_OP_GE_AF": "0",
          "P4J_SRC_OP_GT_AF": "0",
          "P4J_SRC_OP_LE_AF": "0",
          "P4J_SRC_OP_LT_AF": "0",
          "P4J_SRC_OP_MOD_AF": "0",
          "P4J_SRC_OP_MUL_AF": "0",
          "P4J_SRC_OP_NE_AF": "0",
          "P4J_SRC_OP_SUB_AF": "0",
          "P4J_SRC_REMOVE_PARTIAL_IF": "0",
          "P4J_SRC_REMOVE_STMT": "0",
          "P4J_SRC_REMOVE_WHOLE_BLOCK": "0",
          "P4J_SRC_REMOVE_WHOLE_IF": "0",
          "P4J_SRC_REPLACE_COND_RF": "0",
          "P4J_SRC_REPLACE_STMT_RF": "1",
          "P4J_SRC_R_STMT_ASSIGN_AF": "0",
          "P4J_SRC_R_STMT_CALL_AF": "0",
          "P4J_SRC_R_STMT_COND_AF": "0",
          "P4J_SRC_R_STMT_CONTROL_AF": "0",
          "P4J_SRC_SIZE_LITERAL_VF": "0",
          "P4J_SRC_STMT_ASSIGN_AF": "0",
          "P4J_SRC_STMT_CALL_AF": "0",
          "P4J_SRC_STMT_COND_AF": "0",
          "P4J_SRC_STMT_CONTROL_AF": "1",
          "P4J_SRC_STMT_LABEL_AF": "0",
          "P4J_SRC_STMT_LOOP_AF": "0",
          "P4J_SRC_STRING_LITERAL_VF": "0",
          "P4J_SRC_UOP_DEC_AF": "0",
          "P4J_SRC_UOP_INC_AF": "0",
          "P4J_SRC_ZERO_CONST_VF": "0"
        },
        {
          "repairPatterns": {
            "codeMove": 0,
            "condBlockExcAdd": 0,
            "condBlockOthersAdd": 0,
            "condBlockRem": 0,
            "condBlockRetAdd": 0,
            "constChange": 1,
            "copyPaste": 0,
            "expArithMod": 0,
            "expLogicExpand": 0,
            "expLogicMod": 0,
            "expLogicReduce": 0,
            "missNullCheckN": 0,
            "missNullCheckP": 0,
            "notClassified": 0,
            "singleLine": 1,
            "unwrapIfElse": 0,
            "unwrapMethod": 0,
            "unwrapTryCatch": 0,
            "wrapsElse": 0,
            "wrapsIf": 0,
            "wrapsIfElse": 0,
            "wrapsLoop": 0,
            "wrapsMethod": 0,
            "wrapsTryCatch": 0,
            "wrongMethodRef": 0,
            "wrongVarRef": 0
          }
        },
        {
          "UpdateLiteral": 1,
          "addLineNo": 1,
          "addThis": 0,
          "condLogicReduce": 0,
          "dupArgsInvocation": 0,
          "ifTrue": 0,
          "insertBooleanLiteral": 0,
          "insertIfFalse": 0,
          "insertNewConstLiteral": 0,
          "patchedFileNo": 1,
          "removeNullinCond": 0,
          "rmLineNo": 1,
          "updIfFalse": 0
        }
      ],
      "file_name": "HDRepair"
    }
  ],
  "id": "patch1#1-Math-22"
}