{
  "files": [
    {
      "features": [
        {
          "FEATURES_BINARYOPERATOR": {
            "0_n instanceof com.google.javascript.rhino.head.ast.Name": {
              "O1_IS_BIT": "false",
              "O1_IS_COMPARE": "false",
              "O1_IS_LOGICAL": "false",
              "O1_IS_MATH": "false",
              "O1_IS_OTHERS": "true",
              "O1_IS_SHIFT": "false",
              "O2_LOGICAL_CONTAIN_NOT": "false",
              "O3_CONTAIN_01": "false",
              "O3_CONTAIN_NULL": "false",
              "O4_COMPARE_IN_CONDITION": "false",
              "O5_IS_MATH_ROOT": "false"
            },
            "10_statementNode.getLabel() != null": {
              "O1_IS_BIT": "false",
              "O1_IS_COMPARE": "true",
              "O1_IS_LOGICAL": "false",
              "O1_IS_MATH": "false",
              "O1_IS_OTHERS": "false",
              "O1_IS_SHIFT": "false",
              "O2_LOGICAL_CONTAIN_NOT": "false",
              "O3_CONTAIN_01": "false",
              "O3_CONTAIN_NULL": "true",
              "O4_COMPARE_IN_CONDITION": "false",
              "O5_IS_MATH_ROOT": "false"
            },
            "11_name == null": {
              "O1_IS_BIT": "false",
              "O1_IS_COMPARE": "true",
              "O1_IS_LOGICAL": "false",
              "O1_IS_MATH": "false",
              "O1_IS_OTHERS": "false",
              "O1_IS_SHIFT": "false",
              "O2_LOGICAL_CONTAIN_NOT": "false",
              "O3_CONTAIN_01": "false",
              "O3_CONTAIN_NULL": "true",
              "O4_COMPARE_IN_CONDITION": "false",
              "O5_IS_MATH_ROOT": "false"
            },
            "12_functionType != com.google.javascript.rhino.head.ast.FunctionNode.FUNCTION_EXPRESSION": {
              "O1_IS_BIT": "false",
              "O1_IS_COMPARE": "true",
              "O1_IS_LOGICAL": "false",
              "O1_IS_MATH": "false",
              "O1_IS_OTHERS": "false",
              "O1_IS_SHIFT": "false",
              "O2_LOGICAL_CONTAIN_NOT": "false",
              "O3_CONTAIN_01": "false",
              "O3_CONTAIN_NULL": "false",
              "O4_COMPARE_IN_CONDITION": "false",
              "O5_IS_MATH_ROOT": "false"
            },
            "13_functionNode.getAbsolutePosition() + functionNode.getLp()": {
              "O1_IS_BIT": "false",
              "O1_IS_COMPARE": "false",
              "O1_IS_LOGICAL": "false",
              "O1_IS_MATH": "true",
              "O1_IS_OTHERS": "false",
              "O1_IS_SHIFT": "false",
              "O2_LOGICAL_CONTAIN_NOT": "false",
              "O3_CONTAIN_01": "false",
              "O3_CONTAIN_NULL": "false",
              "O4_COMPARE_IN_CONDITION": "false",
              "O5_IS_MATH_ROOT": "true"
            },
            "14_fnName != null": {
              "O1_IS_BIT": "false",
              "O1_IS_COMPARE": "true",
              "O1_IS_LOGICAL": "false",
              "O1_IS_MATH": "false",
              "O1_IS_OTHERS": "false",
              "O1_IS_SHIFT": "false",
              "O2_LOGICAL_CONTAIN_NOT": "false",
              "O3_CONTAIN_01": "false",
              "O3_CONTAIN_NULL": "true",
              "O4_COMPARE_IN_CONDITION": "false",
              "O5_IS_MATH_ROOT": "false"
            },
            "15_functionNode.getLp() + functionNode.getAbsolutePosition()": {
              "O1_IS_BIT": "false",
              "O1_IS_COMPARE": "false",
              "O1_IS_LOGICAL": "false",
              "O1_IS_MATH": "true",
              "O1_IS_OTHERS": "false",
              "O1_IS_SHIFT": "false",
              "O2_LOGICAL_CONTAIN_NOT": "false",
              "O3_CONTAIN_01": "false",
              "O3_CONTAIN_NULL": "false",
              "O4_COMPARE_IN_CONDITION": "false",
              "O5_IS_MATH_ROOT": "true"
            },
            "16_statementNode.getElsePart() != null": {
              "O1_IS_BIT": "false",
              "O1_IS_COMPARE": "true",
              "O1_IS_LOGICAL": "false",
              "O1_IS_MATH": "false",
              "O1_IS_OTHERS": "false",
              "O1_IS_SHIFT": "false",
              "O2_LOGICAL_CONTAIN_NOT": "false",
              "O3_CONTAIN_01": "false",
              "O3_CONTAIN_NULL": "true",
              "O4_COMPARE_IN_CONDITION": "false",
              "O5_IS_MATH_ROOT": "false"
            },
            "17_prev != null": {
              "O1_IS_BIT": "false",
              "O1_IS_COMPARE": "true",
              "O1_IS_LOGICAL": "false",
              "O1_IS_MATH": "false",
              "O1_IS_OTHERS": "false",
              "O1_IS_SHIFT": "false",
              "O2_LOGICAL_CONTAIN_NOT": "false",
              "O3_CONTAIN_01": "false",
              "O3_CONTAIN_NULL": "true",
              "O4_COMPARE_IN_CONDITION": "false",
              "O5_IS_MATH_ROOT": "false"
            },
            "18_(reservedKeywords != null) && reservedKeywords.contains(identifier)": {
              "O1_IS_BIT": "false",
              "O1_IS_COMPARE": "false",
              "O1_IS_LOGICAL": "true",
              "O1_IS_MATH": "false",
              "O1_IS_OTHERS": "false",
              "O1_IS_SHIFT": "false",
              "O2_LOGICAL_CONTAIN_NOT": "false",
              "O3_CONTAIN_01": "false",
              "O3_CONTAIN_NULL": "false",
              "O4_COMPARE_IN_CONDITION": "false",
              "O5_IS_MATH_ROOT": "false"
            },
            "19_(reservedKeywords != null)": {
              "O1_IS_BIT": "false",
              "O1_IS_COMPARE": "true",
              "O1_IS_LOGICAL": "false",
              "O1_IS_MATH": "false",
              "O1_IS_OTHERS": "false",
              "O1_IS_SHIFT": "false",
              "O2_LOGICAL_CONTAIN_NOT": "false",
              "O3_CONTAIN_01": "false",
              "O3_CONTAIN_NULL": "true",
              "O4_COMPARE_IN_CONDITION": "false",
              "O5_IS_MATH_ROOT": "false"
            },
            "1_n instanceof com.google.javascript.rhino.head.ast.NumberLiteral": {
              "O1_IS_BIT": "false",
              "O1_IS_COMPARE": "false",
              "O1_IS_LOGICAL": "false",
              "O1_IS_MATH": "false",
              "O1_IS_OTHERS": "true",
              "O1_IS_SHIFT": "false",
              "O2_LOGICAL_CONTAIN_NOT": "false",
              "O3_CONTAIN_01": "false",
              "O3_CONTAIN_NULL": "false",
              "O4_COMPARE_IN_CONDITION": "false",
              "O5_IS_MATH_ROOT": "false"
            },
            "20_config.languageMode == com.google.javascript.jscomp.parsing.Config.LanguageMode.ECMASCRIPT3": {
              "O1_IS_BIT": "false",
              "O1_IS_COMPARE": "true",
              "O1_IS_LOGICAL": "false",
              "O1_IS_MATH": "false",
              "O1_IS_OTHERS": "false",
              "O1_IS_SHIFT": "false",
              "O2_LOGICAL_CONTAIN_NOT": "false",
              "O3_CONTAIN_01": "false",
              "O3_CONTAIN_NULL": "false",
              "O4_COMPARE_IN_CONDITION": "false",
              "O5_IS_MATH_ROOT": "false"
            },
            "21_(flags != null) && (!flags.isEmpty())": {
              "O1_IS_BIT": "false",
              "O1_IS_COMPARE": "false",
              "O1_IS_LOGICAL": "true",
              "O1_IS_MATH": "false",
              "O1_IS_OTHERS": "false",
              "O1_IS_SHIFT": "false",
              "O2_LOGICAL_CONTAIN_NOT": "true",
              "O3_CONTAIN_01": "false",
              "O3_CONTAIN_NULL": "false",
              "O4_COMPARE_IN_CONDITION": "false",
              "O5_IS_MATH_ROOT": "false"
            },
            "22_(flags != null)": {
              "O1_IS_BIT": "false",
              "O1_IS_COMPARE": "true",
              "O1_IS_LOGICAL": "false",
              "O1_IS_MATH": "false",
              "O1_IS_OTHERS": "false",
              "O1_IS_SHIFT": "false",
              "O2_LOGICAL_CONTAIN_NOT": "false",
              "O3_CONTAIN_01": "false",
              "O3_CONTAIN_NULL": "true",
              "O4_COMPARE_IN_CONDITION": "false",
              "O5_IS_MATH_ROOT": "false"
            },
            "23_statementNode.getReturnValue() != null": {
              "O1_IS_BIT": "false",
              "O1_IS_COMPARE": "true",
              "O1_IS_LOGICAL": "false",
              "O1_IS_MATH": "false",
              "O1_IS_OTHERS": "false",
              "O1_IS_SHIFT": "false",
              "O2_LOGICAL_CONTAIN_NOT": "false",
              "O3_CONTAIN_01": "false",
              "O3_CONTAIN_NULL": "true",
              "O4_COMPARE_IN_CONDITION": "false",
              "O5_IS_MATH_ROOT": "false"
            },
            "24_value.indexOf('\\u000b') != (-1)": {
              "O1_IS_BIT": "false",
              "O1_IS_COMPARE": "true",
              "O1_IS_LOGICAL": "false",
              "O1_IS_MATH": "false",
              "O1_IS_OTHERS": "false",
              "O1_IS_SHIFT": "false",
              "O2_LOGICAL_CONTAIN_NOT": "false",
              "O3_CONTAIN_01": "false",
              "O3_CONTAIN_NULL": "false",
              "O4_COMPARE_IN_CONDITION": "false",
              "O5_IS_MATH_ROOT": "false"
            },
            "25_start + literalNode.getLength()": {
              "O1_IS_BIT": "false",
              "O1_IS_COMPARE": "false",
              "O1_IS_LOGICAL": "false",
              "O1_IS_MATH": "true",
              "O1_IS_OTHERS": "false",
              "O1_IS_SHIFT": "false",
              "O2_LOGICAL_CONTAIN_NOT": "false",
              "O3_CONTAIN_01": "false",
              "O3_CONTAIN_NULL": "false",
              "O4_COMPARE_IN_CONDITION": "false",
              "O5_IS_MATH_ROOT": "true"
            },
            "26_(start < sourceString.length()) && (sourceString.substring(start, java.lang.Math.min(sourceString.length(), end)).indexOf(\"\\\\v\") != (-1))": {
              "O1_IS_BIT": "false",
              "O1_IS_COMPARE": "false",
              "O1_IS_LOGICAL": "true",
              "O1_IS_MATH": "false",
              "O1_IS_OTHERS": "false",
              "O1_IS_SHIFT": "false",
              "O2_LOGICAL_CONTAIN_NOT": "false",
              "O3_CONTAIN_01": "false",
              "O3_CONTAIN_NULL": "false",
              "O4_COMPARE_IN_CONDITION": "false",
              "O5_IS_MATH_ROOT": "false"
            },
            "27_(start < sourceString.length())": {
              "O1_IS_BIT": "false",
              "O1_IS_COMPARE": "true",
              "O1_IS_LOGICAL": "false",
              "O1_IS_MATH": "false",
              "O1_IS_OTHERS": "false",
              "O1_IS_SHIFT": "false",
              "O2_LOGICAL_CONTAIN_NOT": "false",
              "O3_CONTAIN_01": "false",
              "O3_CONTAIN_NULL": "false",
              "O4_COMPARE_IN_CONDITION": "false",
              "O5_IS_MATH_ROOT": "false"
            },
            "28_(sourceString.substring(start, java.lang.Math.min(sourceString.length(), end)).indexOf(\"\\\\v\") != (-1))": {
              "O1_IS_BIT": "false",
              "O1_IS_COMPARE": "true",
              "O1_IS_LOGICAL": "false",
              "O1_IS_MATH": "false",
              "O1_IS_OTHERS": "false",
              "O1_IS_SHIFT": "false",
              "O2_LOGICAL_CONTAIN_NOT": "false",
              "O3_CONTAIN_01": "false",
              "O3_CONTAIN_NULL": "false",
              "O4_COMPARE_IN_CONDITION": "false",
              "O5_IS_MATH_ROOT": "false"
            },
            "29_caseNode.getStatements() != null": {
              "O1_IS_BIT": "false",
              "O1_IS_COMPARE": "true",
              "O1_IS_LOGICAL": "false",
              "O1_IS_MATH": "false",
              "O1_IS_OTHERS": "false",
              "O1_IS_SHIFT": "false",
              "O2_LOGICAL_CONTAIN_NOT": "false",
              "O3_CONTAIN_01": "false",
              "O3_CONTAIN_NULL": "true",
              "O4_COMPARE_IN_CONDITION": "false",
              "O5_IS_MATH_ROOT": "false"
            },
            "2_directives == null": {
              "O1_IS_BIT": "false",
              "O1_IS_COMPARE": "true",
              "O1_IS_LOGICAL": "false",
              "O1_IS_MATH": "false",
              "O1_IS_OTHERS": "false",
              "O1_IS_SHIFT": "false",
              "O2_LOGICAL_CONTAIN_NOT": "false",
              "O3_CONTAIN_01": "false",
              "O3_CONTAIN_NULL": "true",
              "O4_COMPARE_IN_CONDITION": "false",
              "O5_IS_MATH_ROOT": "false"
            },
            "30_lineSet == false": {
              "O1_IS_BIT": "false",
              "O1_IS_COMPARE": "true",
              "O1_IS_LOGICAL": "false",
              "O1_IS_MATH": "false",
              "O1_IS_OTHERS": "false",
              "O1_IS_SHIFT": "false",
              "O2_LOGICAL_CONTAIN_NOT": "false",
              "O3_CONTAIN_01": "false",
              "O3_CONTAIN_NULL": "false",
              "O4_COMPARE_IN_CONDITION": "false",
              "O5_IS_MATH_ROOT": "false"
            },
            "31_finallyBlock != null": {
              "O1_IS_BIT": "false",
              "O1_IS_COMPARE": "true",
              "O1_IS_LOGICAL": "false",
              "O1_IS_MATH": "false",
              "O1_IS_OTHERS": "false",
              "O1_IS_SHIFT": "false",
              "O2_LOGICAL_CONTAIN_NOT": "false",
              "O3_CONTAIN_01": "false",
              "O3_CONTAIN_NULL": "true",
              "O4_COMPARE_IN_CONDITION": "false",
              "O5_IS_MATH_ROOT": "false"
            },
            "32_(lineSet == false) && (finallyBlock != null)": {
              "O1_IS_BIT": "false",
              "O1_IS_COMPARE": "false",
              "O1_IS_LOGICAL": "true",
              "O1_IS_MATH": "false",
              "O1_IS_OTHERS": "false",
              "O1_IS_SHIFT": "false",
              "O2_LOGICAL_CONTAIN_NOT": "false",
              "O3_CONTAIN_01": "false",
              "O3_CONTAIN_NULL": "false",
              "O4_COMPARE_IN_CONDITION": "false",
              "O5_IS_MATH_ROOT": "false"
            },
            "33_(lineSet == false)": {
              "O1_IS_BIT": "false",
              "O1_IS_COMPARE": "true",
              "O1_IS_LOGICAL": "false",
              "O1_IS_MATH": "false",
              "O1_IS_OTHERS": "false",
              "O1_IS_SHIFT": "false",
              "O2_LOGICAL_CONTAIN_NOT": "false",
              "O3_CONTAIN_01": "false",
              "O3_CONTAIN_NULL": "false",
              "O4_COMPARE_IN_CONDITION": "false",
              "O5_IS_MATH_ROOT": "false"
            },
            "34_(finallyBlock != null)": {
              "O1_IS_BIT": "false",
              "O1_IS_COMPARE": "true",
              "O1_IS_LOGICAL": "false",
              "O1_IS_MATH": "false",
              "O1_IS_OTHERS": "false",
              "O1_IS_SHIFT": "false",
              "O2_LOGICAL_CONTAIN_NOT": "false",
              "O3_CONTAIN_01": "false",
              "O3_CONTAIN_NULL": "true",
              "O4_COMPARE_IN_CONDITION": "false",
              "O5_IS_MATH_ROOT": "false"
            },
            "35_(type == com.google.javascript.rhino.Token.NEG) && operand.isNumber()": {
              "O1_IS_BIT": "false",
              "O1_IS_COMPARE": "false",
              "O1_IS_LOGICAL": "true",
              "O1_IS_MATH": "false",
              "O1_IS_OTHERS": "false",
              "O1_IS_SHIFT": "false",
              "O2_LOGICAL_CONTAIN_NOT": "false",
              "O3_CONTAIN_01": "false",
              "O3_CONTAIN_NULL": "false",
              "O4_COMPARE_IN_CONDITION": "false",
              "O5_IS_MATH_ROOT": "false"
            },
            "36_(type == com.google.javascript.rhino.Token.NEG)": {
              "O1_IS_BIT": "false",
              "O1_IS_COMPARE": "true",
              "O1_IS_LOGICAL": "false",
              "O1_IS_MATH": "false",
              "O1_IS_OTHERS": "false",
              "O1_IS_SHIFT": "false",
              "O2_LOGICAL_CONTAIN_NOT": "false",
              "O3_CONTAIN_01": "false",
              "O3_CONTAIN_NULL": "false",
              "O4_COMPARE_IN_CONDITION": "false",
              "O5_IS_MATH_ROOT": "false"
            },
            "37_(type == com.google.javascript.rhino.Token.DELPROP) && (!((operand.isGetProp() || operand.isGetElem()) || operand.isName()))": {
              "O1_IS_BIT": "false",
              "O1_IS_COMPARE": "false",
              "O1_IS_LOGICAL": "true",
              "O1_IS_MATH": "false",
              "O1_IS_OTHERS": "false",
              "O1_IS_SHIFT": "false",
              "O2_LOGICAL_CONTAIN_NOT": "false",
              "O3_CONTAIN_01": "false",
              "O3_CONTAIN_NULL": "false",
              "O4_COMPARE_IN_CONDITION": "false",
              "O5_IS_MATH_ROOT": "false"
            },
            "38_(type == com.google.javascript.rhino.Token.DELPROP)": {
              "O1_IS_BIT": "false",
              "O1_IS_COMPARE": "true",
              "O1_IS_LOGICAL": "false",
              "O1_IS_MATH": "false",
              "O1_IS_OTHERS": "false",
              "O1_IS_SHIFT": "false",
              "O2_LOGICAL_CONTAIN_NOT": "false",
              "O3_CONTAIN_01": "false",
              "O3_CONTAIN_NULL": "false",
              "O4_COMPARE_IN_CONDITION": "false",
              "O5_IS_MATH_ROOT": "false"
            },
            "39_((operand.isGetProp() || operand.isGetElem()) || operand.isName())": {
              "O1_IS_BIT": "false",
              "O1_IS_COMPARE": "false",
              "O1_IS_LOGICAL": "true",
              "O1_IS_MATH": "false",
              "O1_IS_OTHERS": "false",
              "O1_IS_SHIFT": "false",
              "O2_LOGICAL_CONTAIN_NOT": "false",
              "O3_CONTAIN_01": "false",
              "O3_CONTAIN_NULL": "false",
              "O4_COMPARE_IN_CONDITION": "false",
              "O5_IS_MATH_ROOT": "false"
            },
            "3_directives != null": {
              "O1_IS_BIT": "false",
              "O1_IS_COMPARE": "true",
              "O1_IS_LOGICAL": "false",
              "O1_IS_MATH": "false",
              "O1_IS_OTHERS": "false",
              "O1_IS_SHIFT": "false",
              "O2_LOGICAL_CONTAIN_NOT": "false",
              "O3_CONTAIN_01": "false",
              "O3_CONTAIN_NULL": "true",
              "O4_COMPARE_IN_CONDITION": "false",
              "O5_IS_MATH_ROOT": "false"
            },
            "40_(operand.isGetProp() || operand.isGetElem())": {
              "O1_IS_BIT": "false",
              "O1_IS_COMPARE": "false",
              "O1_IS_LOGICAL": "true",
              "O1_IS_MATH": "false",
              "O1_IS_OTHERS": "false",
              "O1_IS_SHIFT": "false",
              "O2_LOGICAL_CONTAIN_NOT": "false",
              "O3_CONTAIN_01": "false",
              "O3_CONTAIN_NULL": "false",
              "O4_COMPARE_IN_CONDITION": "false",
              "O5_IS_MATH_ROOT": "false"
            },
            "41_(type == com.google.javascript.rhino.Token.INC) || (type == com.google.javascript.rhino.Token.DEC)": {
              "O1_IS_BIT": "false",
              "O1_IS_COMPARE": "false",
              "O1_IS_LOGICAL": "true",
              "O1_IS_MATH": "false",
              "O1_IS_OTHERS": "false",
              "O1_IS_SHIFT": "false",
              "O2_LOGICAL_CONTAIN_NOT": "false",
              "O3_CONTAIN_01": "false",
              "O3_CONTAIN_NULL": "false",
              "O4_COMPARE_IN_CONDITION": "false",
              "O5_IS_MATH_ROOT": "false"
            },
            "42_(type == com.google.javascript.rhino.Token.INC)": {
              "O1_IS_BIT": "false",
              "O1_IS_COMPARE": "true",
              "O1_IS_LOGICAL": "false",
              "O1_IS_MATH": "false",
              "O1_IS_OTHERS": "false",
              "O1_IS_SHIFT": "false",
              "O2_LOGICAL_CONTAIN_NOT": "false",
              "O3_CONTAIN_01": "false",
              "O3_CONTAIN_NULL": "false",
              "O4_COMPARE_IN_CONDITION": "false",
              "O5_IS_MATH_ROOT": "false"
            },
            "43_(type == com.google.javascript.rhino.Token.DEC)": {
              "O1_IS_BIT": "false",
              "O1_IS_COMPARE": "true",
              "O1_IS_LOGICAL": "false",
              "O1_IS_MATH": "false",
              "O1_IS_OTHERS": "false",
              "O1_IS_SHIFT": "false",
              "O2_LOGICAL_CONTAIN_NOT": "false",
              "O3_CONTAIN_01": "false",
              "O3_CONTAIN_NULL": "false",
              "O4_COMPARE_IN_CONDITION": "false",
              "O5_IS_MATH_ROOT": "false"
            },
            "44_type == com.google.javascript.rhino.Token.INC": {
              "O1_IS_BIT": "false",
              "O1_IS_COMPARE": "true",
              "O1_IS_LOGICAL": "false",
              "O1_IS_MATH": "false",
              "O1_IS_OTHERS": "false",
              "O1_IS_SHIFT": "false",
              "O2_LOGICAL_CONTAIN_NOT": "false",
              "O3_CONTAIN_01": "false",
              "O3_CONTAIN_NULL": "false",
              "O4_COMPARE_IN_CONDITION": "false",
              "O5_IS_MATH_ROOT": "false"
            },
            "45_(!config.acceptConstKeyword) && (declarationNode.getType() == com.google.javascript.rhino.Token.CONST)": {
              "O1_IS_BIT": "false",
              "O1_IS_COMPARE": "false",
              "O1_IS_LOGICAL": "true",
              "O1_IS_MATH": "false",
              "O1_IS_OTHERS": "false",
              "O1_IS_SHIFT": "false",
              "O2_LOGICAL_CONTAIN_NOT": "true",
              "O3_CONTAIN_01": "false",
              "O3_CONTAIN_NULL": "false",
              "O4_COMPARE_IN_CONDITION": "false",
              "O5_IS_MATH_ROOT": "false"
            },
            "46_(declarationNode.getType() == com.google.javascript.rhino.Token.CONST)": {
              "O1_IS_BIT": "false",
              "O1_IS_COMPARE": "true",
              "O1_IS_LOGICAL": "false",
              "O1_IS_MATH": "false",
              "O1_IS_OTHERS": "false",
              "O1_IS_SHIFT": "false",
              "O2_LOGICAL_CONTAIN_NOT": "false",
              "O3_CONTAIN_01": "false",
              "O3_CONTAIN_NULL": "false",
              "O4_COMPARE_IN_CONDITION": "false",
              "O5_IS_MATH_ROOT": "false"
            },
            "47_initializerNode.getInitializer() != null": {
              "O1_IS_BIT": "false",
              "O1_IS_COMPARE": "true",
              "O1_IS_LOGICAL": "false",
              "O1_IS_MATH": "false",
              "O1_IS_OTHERS": "false",
              "O1_IS_SHIFT": "false",
              "O2_LOGICAL_CONTAIN_NOT": "false",
              "O3_CONTAIN_01": "false",
              "O3_CONTAIN_NULL": "true",
              "O4_COMPARE_IN_CONDITION": "false",
              "O5_IS_MATH_ROOT": "false"
            },
            "48_\"Unsupported syntax: \" + com.google.javascript.rhino.Token.typeToName(node.getType())": {
              "O1_IS_BIT": "false",
              "O1_IS_COMPARE": "false",
              "O1_IS_LOGICAL": "false",
              "O1_IS_MATH": "true",
              "O1_IS_OTHERS": "false",
              "O1_IS_SHIFT": "false",
              "O2_LOGICAL_CONTAIN_NOT": "false",
              "O3_CONTAIN_01": "false",
              "O3_CONTAIN_NULL": "false",
              "O4_COMPARE_IN_CONDITION": "false",
              "O5_IS_MATH_ROOT": "true"
            },
            "4_n == null": {
              "O1_IS_BIT": "false",
              "O1_IS_COMPARE": "true",
              "O1_IS_LOGICAL": "false",
              "O1_IS_MATH": "false",
              "O1_IS_OTHERS": "false",
              "O1_IS_SHIFT": "false",
              "O2_LOGICAL_CONTAIN_NOT": "false",
              "O3_CONTAIN_01": "false",
              "O3_CONTAIN_NULL": "true",
              "O4_COMPARE_IN_CONDITION": "false",
              "O5_IS_MATH_ROOT": "false"
            },
            "5_((nType == com.google.javascript.rhino.Token.EXPR_RESULT) && n.getFirstChild().isString()) && ALLOWED_DIRECTIVES.contains(n.getFirstChild().getString())": {
              "O1_IS_BIT": "false",
              "O1_IS_COMPARE": "false",
              "O1_IS_LOGICAL": "true",
              "O1_IS_MATH": "false",
              "O1_IS_OTHERS": "false",
              "O1_IS_SHIFT": "false",
              "O2_LOGICAL_CONTAIN_NOT": "false",
              "O3_CONTAIN_01": "false",
              "O3_CONTAIN_NULL": "false",
              "O4_COMPARE_IN_CONDITION": "false",
              "O5_IS_MATH_ROOT": "false"
            },
            "6_((nType == com.google.javascript.rhino.Token.EXPR_RESULT) && n.getFirstChild().isString())": {
              "O1_IS_BIT": "false",
              "O1_IS_COMPARE": "false",
              "O1_IS_LOGICAL": "true",
              "O1_IS_MATH": "false",
              "O1_IS_OTHERS": "false",
              "O1_IS_SHIFT": "false",
              "O2_LOGICAL_CONTAIN_NOT": "false",
              "O3_CONTAIN_01": "false",
              "O3_CONTAIN_NULL": "false",
              "O4_COMPARE_IN_CONDITION": "false",
              "O5_IS_MATH_ROOT": "false"
            },
            "7_(nType == com.google.javascript.rhino.Token.EXPR_RESULT)": {
              "O1_IS_BIT": "false",
              "O1_IS_COMPARE": "true",
              "O1_IS_LOGICAL": "false",
              "O1_IS_MATH": "false",
              "O1_IS_OTHERS": "false",
              "O1_IS_SHIFT": "false",
              "O2_LOGICAL_CONTAIN_NOT": "false",
              "O3_CONTAIN_01": "false",
              "O3_CONTAIN_NULL": "false",
              "O4_COMPARE_IN_CONDITION": "false",
              "O5_IS_MATH_ROOT": "false"
            },
            "8_statementNode.getBreakLabel() != null": {
              "O1_IS_BIT": "false",
              "O1_IS_COMPARE": "true",
              "O1_IS_LOGICAL": "false",
              "O1_IS_MATH": "false",
              "O1_IS_OTHERS": "false",
              "O1_IS_SHIFT": "false",
              "O2_LOGICAL_CONTAIN_NOT": "false",
              "O3_CONTAIN_01": "false",
              "O3_CONTAIN_NULL": "true",
              "O4_COMPARE_IN_CONDITION": "false",
              "O5_IS_MATH_ROOT": "false"
            },
            "9_clauseNode.getCatchCondition() != null": {
              "O1_IS_BIT": "false",
              "O1_IS_COMPARE": "true",
              "O1_IS_LOGICAL": "false",
              "O1_IS_MATH": "false",
              "O1_IS_OTHERS": "false",
              "O1_IS_SHIFT": "false",
              "O2_LOGICAL_CONTAIN_NOT": "false",
              "O3_CONTAIN_01": "false",
              "O3_CONTAIN_NULL": "true",
              "O4_COMPARE_IN_CONDITION": "false",
              "O5_IS_MATH_ROOT": "false"
            }
          },
          "FEATURES_METHODS": {
            "getBody": {
              "M10_METHOD_CALL_WITH_NULL_GUARD": "false",
              "M10_WRAPTTED_IN_OTHER_CALLS": "true",
              "M11_Satrt_With_Get": "true",
              "M12_Has_Var_Similar_In_Name": "false",
              "M12_METHOD_CALL_WITH_TRY_CATCH": "false",
              "M13_Argument_Has_Primitive": "false",
              "M1_LOCAL_VAR_NOT_ASSIGNED": "false",
              "M1_LOCAL_VAR_NOT_USED": "false",
              "M1_OVERLOADED_METHOD": "false",
              "M2_SIMILAR_METHOD_WITH_SAME_RETURN": "false",
              "M2_SIMILAR_OBJECT_TYPE_WITH_NORMAL_GUARD": "false",
              "M2_SIMILAR_OBJECT_TYPE_WITH_NULL_GUARD": "false",
              "M3_ANOTHER_METHOD_WITH_PARAMETER_RETURN_COMP": "false",
              "M4_Field_NOT_ASSIGNED": "false",
              "M4_Field_NOT_USED": "false",
              "M4_PARAMETER_RETURN_COMPABILITY": "false",
              "M5_MI_WITH_COMPATIBLE_VAR_TYPE": "false",
              "M5_SIMILAR_PRIMITIVE_TYPE_WITH_NORMAL_GUARD": "false",
              "M5_SIMILAR_PRIMITIVE_TYPE_WITH_NULL_GUARD": "false",
              "M6_INV_Invocation_INV_REPLACE_BY_VAR": "true",
              "M7_INV_Invocation_INV_REPLACE_BY_INV": "true",
              "M7_OBJECT_USED_IN_ASSIGNMENT": "false",
              "M8_PRIMITIVE_USED_IN_ASSIGNMENT": "false",
              "M8_RETURN_PRIMITIVE": "false",
              "M9_METHOD_CALL_WITH_NORMAL_GUARD": "false",
              "M9_RETURN_OBJECTIVE": "true"
            },
            "getIteratedObject": {
              "M10_METHOD_CALL_WITH_NULL_GUARD": "false",
              "M10_WRAPTTED_IN_OTHER_CALLS": "true",
              "M11_Satrt_With_Get": "true",
              "M12_Has_Var_Similar_In_Name": "false",
              "M12_METHOD_CALL_WITH_TRY_CATCH": "false",
              "M13_Argument_Has_Primitive": "false",
              "M1_LOCAL_VAR_NOT_ASSIGNED": "false",
              "M1_LOCAL_VAR_NOT_USED": "false",
              "M1_OVERLOADED_METHOD": "false",
              "M2_SIMILAR_METHOD_WITH_SAME_RETURN": "false",
              "M2_SIMILAR_OBJECT_TYPE_WITH_NORMAL_GUARD": "false",
              "M2_SIMILAR_OBJECT_TYPE_WITH_NULL_GUARD": "false",
              "M3_ANOTHER_METHOD_WITH_PARAMETER_RETURN_COMP": "false",
              "M4_Field_NOT_ASSIGNED": "false",
              "M4_Field_NOT_USED": "false",
              "M4_PARAMETER_RETURN_COMPABILITY": "false",
              "M5_MI_WITH_COMPATIBLE_VAR_TYPE": "false",
              "M5_SIMILAR_PRIMITIVE_TYPE_WITH_NORMAL_GUARD": "false",
              "M5_SIMILAR_PRIMITIVE_TYPE_WITH_NULL_GUARD": "false",
              "M6_INV_Invocation_INV_REPLACE_BY_VAR": "true",
              "M7_INV_Invocation_INV_REPLACE_BY_INV": "true",
              "M7_OBJECT_USED_IN_ASSIGNMENT": "false",
              "M8_PRIMITIVE_USED_IN_ASSIGNMENT": "false",
              "M8_RETURN_PRIMITIVE": "false",
              "M9_METHOD_CALL_WITH_NORMAL_GUARD": "false",
              "M9_RETURN_OBJECTIVE": "true"
            },
            "getIterator": {
              "M10_METHOD_CALL_WITH_NULL_GUARD": "false",
              "M10_WRAPTTED_IN_OTHER_CALLS": "true",
              "M11_Satrt_With_Get": "true",
              "M12_Has_Var_Similar_In_Name": "false",
              "M12_METHOD_CALL_WITH_TRY_CATCH": "false",
              "M13_Argument_Has_Primitive": "false",
              "M1_LOCAL_VAR_NOT_ASSIGNED": "false",
              "M1_LOCAL_VAR_NOT_USED": "false",
              "M1_OVERLOADED_METHOD": "false",
              "M2_SIMILAR_METHOD_WITH_SAME_RETURN": "false",
              "M2_SIMILAR_OBJECT_TYPE_WITH_NORMAL_GUARD": "false",
              "M2_SIMILAR_OBJECT_TYPE_WITH_NULL_GUARD": "false",
              "M3_ANOTHER_METHOD_WITH_PARAMETER_RETURN_COMP": "false",
              "M4_Field_NOT_ASSIGNED": "false",
              "M4_Field_NOT_USED": "false",
              "M4_PARAMETER_RETURN_COMPABILITY": "false",
              "M5_MI_WITH_COMPATIBLE_VAR_TYPE": "false",
              "M5_SIMILAR_PRIMITIVE_TYPE_WITH_NORMAL_GUARD": "false",
              "M5_SIMILAR_PRIMITIVE_TYPE_WITH_NULL_GUARD": "false",
              "M6_INV_Invocation_INV_REPLACE_BY_VAR": "true",
              "M7_INV_Invocation_INV_REPLACE_BY_INV": "true",
              "M7_OBJECT_USED_IN_ASSIGNMENT": "false",
              "M8_PRIMITIVE_USED_IN_ASSIGNMENT": "false",
              "M8_RETURN_PRIMITIVE": "false",
              "M9_METHOD_CALL_WITH_NORMAL_GUARD": "false",
              "M9_RETURN_OBJECTIVE": "true"
            },
            "newNode": {
              "M10_METHOD_CALL_WITH_NULL_GUARD": "false",
              "M10_WRAPTTED_IN_OTHER_CALLS": "false",
              "M11_Satrt_With_Get": "false",
              "M12_Has_Var_Similar_In_Name": "false",
              "M12_METHOD_CALL_WITH_TRY_CATCH": "false",
              "M13_Argument_Has_Primitive": "true",
              "M1_LOCAL_VAR_NOT_ASSIGNED": "false",
              "M1_LOCAL_VAR_NOT_USED": "false",
              "M1_OVERLOADED_METHOD": "true",
              "M2_SIMILAR_METHOD_WITH_SAME_RETURN": "true",
              "M2_SIMILAR_OBJECT_TYPE_WITH_NORMAL_GUARD": "false",
              "M2_SIMILAR_OBJECT_TYPE_WITH_NULL_GUARD": "false",
              "M3_ANOTHER_METHOD_WITH_PARAMETER_RETURN_COMP": "true",
              "M4_Field_NOT_ASSIGNED": "false",
              "M4_Field_NOT_USED": "false",
              "M4_PARAMETER_RETURN_COMPABILITY": "true",
              "M5_MI_WITH_COMPATIBLE_VAR_TYPE": "false",
              "M5_SIMILAR_PRIMITIVE_TYPE_WITH_NORMAL_GUARD": "false",
              "M5_SIMILAR_PRIMITIVE_TYPE_WITH_NULL_GUARD": "false",
              "M6_INV_Invocation_INV_REPLACE_BY_VAR": "false",
              "M7_INV_Invocation_INV_REPLACE_BY_INV": "false",
              "M7_OBJECT_USED_IN_ASSIGNMENT": "false",
              "M8_PRIMITIVE_USED_IN_ASSIGNMENT": "false",
              "M8_RETURN_PRIMITIVE": "false",
              "M9_METHOD_CALL_WITH_NORMAL_GUARD": "true",
              "M9_RETURN_OBJECTIVE": "true"
            },
            "transform": {
              "M10_METHOD_CALL_WITH_NULL_GUARD": "true",
              "M10_WRAPTTED_IN_OTHER_CALLS": "true",
              "M11_Satrt_With_Get": "false",
              "M12_Has_Var_Similar_In_Name": "false",
              "M12_METHOD_CALL_WITH_TRY_CATCH": "false",
              "M13_Argument_Has_Primitive": "false",
              "M1_LOCAL_VAR_NOT_ASSIGNED": "false",
              "M1_LOCAL_VAR_NOT_USED": "false",
              "M1_OVERLOADED_METHOD": "false",
              "M2_SIMILAR_METHOD_WITH_SAME_RETURN": "true",
              "M2_SIMILAR_OBJECT_TYPE_WITH_NORMAL_GUARD": "false",
              "M2_SIMILAR_OBJECT_TYPE_WITH_NULL_GUARD": "false",
              "M3_ANOTHER_METHOD_WITH_PARAMETER_RETURN_COMP": "true",
              "M4_Field_NOT_ASSIGNED": "false",
              "M4_Field_NOT_USED": "false",
              "M4_PARAMETER_RETURN_COMPABILITY": "false",
              "M5_MI_WITH_COMPATIBLE_VAR_TYPE": "false",
              "M5_SIMILAR_PRIMITIVE_TYPE_WITH_NORMAL_GUARD": "false",
              "M5_SIMILAR_PRIMITIVE_TYPE_WITH_NULL_GUARD": "false",
              "M6_INV_Invocation_INV_REPLACE_BY_VAR": "false",
              "M7_INV_Invocation_INV_REPLACE_BY_INV": "false",
              "M7_OBJECT_USED_IN_ASSIGNMENT": "false",
              "M8_PRIMITIVE_USED_IN_ASSIGNMENT": "false",
              "M8_RETURN_PRIMITIVE": "false",
              "M9_METHOD_CALL_WITH_NORMAL_GUARD": "true",
              "M9_RETURN_OBJECTIVE": "true"
            },
            "transformBlock": {
              "M10_METHOD_CALL_WITH_NULL_GUARD": "true",
              "M10_WRAPTTED_IN_OTHER_CALLS": "true",
              "M11_Satrt_With_Get": "false",
              "M12_Has_Var_Similar_In_Name": "false",
              "M12_METHOD_CALL_WITH_TRY_CATCH": "false",
              "M13_Argument_Has_Primitive": "false",
              "M1_LOCAL_VAR_NOT_ASSIGNED": "false",
              "M1_LOCAL_VAR_NOT_USED": "false",
              "M1_OVERLOADED_METHOD": "false",
              "M2_SIMILAR_METHOD_WITH_SAME_RETURN": "true",
              "M2_SIMILAR_OBJECT_TYPE_WITH_NORMAL_GUARD": "false",
              "M2_SIMILAR_OBJECT_TYPE_WITH_NULL_GUARD": "false",
              "M3_ANOTHER_METHOD_WITH_PARAMETER_RETURN_COMP": "true",
              "M4_Field_NOT_ASSIGNED": "false",
              "M4_Field_NOT_USED": "false",
              "M4_PARAMETER_RETURN_COMPABILITY": "false",
              "M5_MI_WITH_COMPATIBLE_VAR_TYPE": "false",
              "M5_SIMILAR_PRIMITIVE_TYPE_WITH_NORMAL_GUARD": "false",
              "M5_SIMILAR_PRIMITIVE_TYPE_WITH_NULL_GUARD": "false",
              "M6_INV_Invocation_INV_REPLACE_BY_VAR": "false",
              "M7_INV_Invocation_INV_REPLACE_BY_INV": "false",
              "M7_OBJECT_USED_IN_ASSIGNMENT": "false",
              "M8_PRIMITIVE_USED_IN_ASSIGNMENT": "false",
              "M8_RETURN_PRIMITIVE": "false",
              "M9_METHOD_CALL_WITH_NORMAL_GUARD": "false",
              "M9_RETURN_OBJECTIVE": "true"
            }
          },
          "FEATURES_METHOD_INVOCATION": {},
          "FEATURES_TYPEACCESS": {
            "Token.FOR": {
              "C3_TYPEACCESS_ACTUAL_VAR": "true",
              "C4_SIMILAR_TYPEACCESS_ACTUAL_VAR": "true"
            },
            "com.google.javascript.jscomp.parsing.IRFactory$TransformDispatcher": {
              "C3_TYPEACCESS_ACTUAL_VAR": "false",
              "C4_SIMILAR_TYPEACCESS_ACTUAL_VAR": "false"
            }
          },
          "FEATURES_VARS": {
            "loopNode": {
              "V10_VAR_TYPE_Similar_VAR": "false",
              "V11_VAR_COMPATIBLE_TYPE_IN_CONDITION": "false",
              "V12_VAR_Invocation_VAR_REPLACE_BY_VAR": "false",
              "V13_VAR_Invocation_VAR_REPLACE_BY_INVOCATION": "false",
              "V14_VAR_INSTANCE_OF_CLASS": "false",
              "V16_IS_METHOD_PARAMETER_TYPE_VAR": "true",
              "V17_VAR_IS_ENUMERATION": "false",
              "V18_Has_Method_Similar_In_Name": "false",
              "V19_With_Special_Name": "false",
              "V1_IS_TYPE_COMPATIBLE_METHOD_CALL_PARAM_RETURN": "false",
              "V1_LOCAL_VAR_NOT_ASSIGNED": "false",
              "V1_LOCAL_VAR_NOT_USED": "false",
              "V2_HAS_VAR_SIM_NAME": "false",
              "V2_HAS_VAR_SIM_NAME_COMP_TYPE": "false",
              "V3_HAS_CONSTANT": "false",
              "V4B_USED_MULTIPLE_AS_PARAMETER": "false",
              "V4_Field_NOT_ASSIGNED": "false",
              "V4_Field_NOT_USED": "false",
              "V5_HAS_VAR_IN_TRANSFORMATION": "false",
              "V6_IS_METHOD_RETURN_TYPE_VAR": "true",
              "V8_VAR_OBJECT": "true",
              "V8_VAR_PRIMITIVE": "false",
              "V9_VAR_TYPE_Similar_Literal": "false"
            }
          },
          "S10_METHOD_CALL_WITH_NULL_GUARD": "true",
          "S11_FAULTY_CLASS_EXCEPTION_TYPE": "false",
          "S12_METHOD_CALL_WITH_TRY_CATCH": "false",
          "S13_TYPE_OF_FAULTY_STATEMENT_AFTER_1": "",
          "S13_TYPE_OF_FAULTY_STATEMENT_AFTER_2": "",
          "S13_TYPE_OF_FAULTY_STATEMENT_AFTER_3": "",
          "S13_TYPE_OF_FAULTY_STATEMENT_BEFORE_1": "",
          "S13_TYPE_OF_FAULTY_STATEMENT_BEFORE_2": "",
          "S13_TYPE_OF_FAULTY_STATEMENT_BEFORE_3": "",
          "S14_TYPE_OF_FAULTY_STATEMENT_PARENT": "Class",
          "S15_HAS_OBJECTIVE_METHOD_CALL": "true",
          "S16_HAS_Invocations_Prone_Exception": "false",
          "S18_In_Synchronized_Method": "false",
          "S1_LOCAL_VAR_NOT_ASSIGNED": "false",
          "S1_LOCAL_VAR_NOT_USED": "false",
          "S2_SIMILAR_OBJECT_TYPE_WITH_NORMAL_GUARD": "false",
          "S2_SIMILAR_OBJECT_TYPE_WITH_NULL_GUARD": "false",
          "S3_TYPE_OF_FAULTY_STATEMENT": "Method",
          "S4_Field_NOT_ASSIGNED": "false",
          "S4_Field_NOT_USED": "false",
          "S5_SIMILAR_PRIMITIVE_TYPE_WITH_NORMAL_GUARD": "false",
          "S5_SIMILAR_PRIMITIVE_TYPE_WITH_NULL_GUARD": "false",
          "S7_OBJECT_USED_IN_ASSIGNMENT": "false",
          "S8_PRIMITIVE_USED_IN_ASSIGNMENT": "false",
          "S9_METHOD_CALL_WITH_NORMAL_GUARD": "true",
          "ast_info": {
            "dst": "null",
            "dst_parent": "null",
            "dst_parent_type": "null",
            "dst_type": "null",
            "operator": "INS",
            "src": "if (loopNode.isForEach()) {\n    errorReporter.error(\"unsupported language extension: for each\", sourceName, loopNode.getLineno(), \"\", 0);\n    return newNode(Token.EXPR_RESULT, com.google.javascript.rhino.Node.newNumber(0));\n}",
            "src_parent": "{\n    if (loopNode.isForEach()) {\n        errorReporter.error(\"unsupported language extension: for each\", sourceName, loopNode.getLineno(), \"\", 0);\n        return newNode(Token.EXPR_RESULT, com.google.javascript.rhino.Node.newNumber(0));\n    }\n    return newNode(Token.FOR, transform(loopNode.getIterator()), transform(loopNode.getIteratedObject()), transformBlock(loopNode.getBody()));\n}",
            "src_parent_type": "Block",
            "src_type": "If"
          }
        },
        {
          "P4J_FORMER_ABST_V_AF": "0",
          "P4J_FORMER_ASSIGN_CONST_AF": "0",
          "P4J_FORMER_ASSIGN_LHS_AF": "0",
          "P4J_FORMER_ASSIGN_ZERO_AF": "0",
          "P4J_FORMER_CALLEE_AF": "0",
          "P4J_FORMER_CALL_ARGUMENT_AF": "0",
          "P4J_FORMER_CHANGED_AF": "0",
          "P4J_FORMER_DEREF_AF": "0",
          "P4J_FORMER_FUNC_ARGUMENT_VF": "0",
          "P4J_FORMER_GLOBAL_VARIABLE_VF": "0",
          "P4J_FORMER_INDEX_AF": "0",
          "P4J_FORMER_INSERT_CONTROL_RF": "0",
          "P4J_FORMER_INSERT_GUARD_RF": "0",
          "P4J_FORMER_INSERT_STMT_RF": "0",
          "P4J_FORMER_LOCAL_VARIABLE_VF": "0",
          "P4J_FORMER_MEMBER_ACCESS_AF": "0",
          "P4J_FORMER_MEMBER_VF": "0",
          "P4J_FORMER_MODIFIED_SIMILAR_VF": "0",
          "P4J_FORMER_MODIFIED_VF": "0",
          "P4J_FORMER_NONZERO_CONST_VF": "0",
          "P4J_FORMER_OP_ADD_AF": "0",
          "P4J_FORMER_OP_DIV_AF": "0",
          "P4J_FORMER_OP_EQ_AF": "0",
          "P4J_FORMER_OP_GE_AF": "0",
          "P4J_FORMER_OP_GT_AF": "0",
          "P4J_FORMER_OP_LE_AF": "0",
          "P4J_FORMER_OP_LT_AF": "0",
          "P4J_FORMER_OP_MOD_AF": "0",
          "P4J_FORMER_OP_MUL_AF": "0",
          "P4J_FORMER_OP_NE_AF": "0",
          "P4J_FORMER_OP_SUB_AF": "0",
          "P4J_FORMER_REMOVE_PARTIAL_IF": "0",
          "P4J_FORMER_REMOVE_STMT": "0",
          "P4J_FORMER_REMOVE_WHOLE_BLOCK": "0",
          "P4J_FORMER_REMOVE_WHOLE_IF": "0",
          "P4J_FORMER_REPLACE_COND_RF": "0",
          "P4J_FORMER_REPLACE_STMT_RF": "0",
          "P4J_FORMER_R_STMT_ASSIGN_AF": "0",
          "P4J_FORMER_R_STMT_CALL_AF": "0",
          "P4J_FORMER_R_STMT_COND_AF": "0",
          "P4J_FORMER_R_STMT_CONTROL_AF": "0",
          "P4J_FORMER_SIZE_LITERAL_VF": "0",
          "P4J_FORMER_STMT_ASSIGN_AF": "0",
          "P4J_FORMER_STMT_CALL_AF": "0",
          "P4J_FORMER_STMT_COND_AF": "0",
          "P4J_FORMER_STMT_CONTROL_AF": "0",
          "P4J_FORMER_STMT_LABEL_AF": "0",
          "P4J_FORMER_STMT_LOOP_AF": "0",
          "P4J_FORMER_STRING_LITERAL_VF": "0",
          "P4J_FORMER_UOP_DEC_AF": "0",
          "P4J_FORMER_UOP_INC_AF": "0",
          "P4J_FORMER_ZERO_CONST_VF": "0",
          "P4J_LATER_ABST_V_AF": "0",
          "P4J_LATER_ASSIGN_CONST_AF": "0",
          "P4J_LATER_ASSIGN_LHS_AF": "0",
          "P4J_LATER_ASSIGN_ZERO_AF": "0",
          "P4J_LATER_CALLEE_AF": "1",
          "P4J_LATER_CALL_ARGUMENT_AF": "1",
          "P4J_LATER_CHANGED_AF": "0",
          "P4J_LATER_DEREF_AF": "0",
          "P4J_LATER_FUNC_ARGUMENT_VF": "0",
          "P4J_LATER_GLOBAL_VARIABLE_VF": "0",
          "P4J_LATER_INDEX_AF": "0",
          "P4J_LATER_INSERT_CONTROL_RF": "0",
          "P4J_LATER_INSERT_GUARD_RF": "0",
          "P4J_LATER_INSERT_STMT_RF": "0",
          "P4J_LATER_LOCAL_VARIABLE_VF": "0",
          "P4J_LATER_MEMBER_ACCESS_AF": "1",
          "P4J_LATER_MEMBER_VF": "0",
          "P4J_LATER_MODIFIED_SIMILAR_VF": "0",
          "P4J_LATER_MODIFIED_VF": "0",
          "P4J_LATER_NONZERO_CONST_VF": "0",
          "P4J_LATER_OP_ADD_AF": "0",
          "P4J_LATER_OP_DIV_AF": "0",
          "P4J_LATER_OP_EQ_AF": "0",
          "P4J_LATER_OP_GE_AF": "0",
          "P4J_LATER_OP_GT_AF": "0",
          "P4J_LATER_OP_LE_AF": "0",
          "P4J_LATER_OP_LT_AF": "0",
          "P4J_LATER_OP_MOD_AF": "0",
          "P4J_LATER_OP_MUL_AF": "0",
          "P4J_LATER_OP_NE_AF": "0",
          "P4J_LATER_OP_SUB_AF": "0",
          "P4J_LATER_REMOVE_PARTIAL_IF": "0",
          "P4J_LATER_REMOVE_STMT": "0",
          "P4J_LATER_REMOVE_WHOLE_BLOCK": "0",
          "P4J_LATER_REMOVE_WHOLE_IF": "0",
          "P4J_LATER_REPLACE_COND_RF": "0",
          "P4J_LATER_REPLACE_STMT_RF": "0",
          "P4J_LATER_R_STMT_ASSIGN_AF": "0",
          "P4J_LATER_R_STMT_CALL_AF": "0",
          "P4J_LATER_R_STMT_COND_AF": "0",
          "P4J_LATER_R_STMT_CONTROL_AF": "0",
          "P4J_LATER_SIZE_LITERAL_VF": "0",
          "P4J_LATER_STMT_ASSIGN_AF": "0",
          "P4J_LATER_STMT_CALL_AF": "1",
          "P4J_LATER_STMT_COND_AF": "1",
          "P4J_LATER_STMT_CONTROL_AF": "1",
          "P4J_LATER_STMT_LABEL_AF": "0",
          "P4J_LATER_STMT_LOOP_AF": "0",
          "P4J_LATER_STRING_LITERAL_VF": "0",
          "P4J_LATER_UOP_DEC_AF": "0",
          "P4J_LATER_UOP_INC_AF": "0",
          "P4J_LATER_ZERO_CONST_VF": "0",
          "P4J_SRC_ABST_V_AF": "0",
          "P4J_SRC_ASSIGN_CONST_AF": "0",
          "P4J_SRC_ASSIGN_LHS_AF": "0",
          "P4J_SRC_ASSIGN_ZERO_AF": "0",
          "P4J_SRC_CALLEE_AF": "1",
          "P4J_SRC_CALL_ARGUMENT_AF": "1",
          "P4J_SRC_CHANGED_AF": "0",
          "P4J_SRC_DEREF_AF": "0",
          "P4J_SRC_FUNC_ARGUMENT_VF": "1",
          "P4J_SRC_GLOBAL_VARIABLE_VF": "1",
          "P4J_SRC_INDEX_AF": "0",
          "P4J_SRC_INSERT_CONTROL_RF": "1",
          "P4J_SRC_INSERT_GUARD_RF": "0",
          "P4J_SRC_INSERT_STMT_RF": "0",
          "P4J_SRC_LOCAL_VARIABLE_VF": "1",
          "P4J_SRC_MEMBER_ACCESS_AF": "1",
          "P4J_SRC_MEMBER_VF": "0",
          "P4J_SRC_MODIFIED_SIMILAR_VF": "0",
          "P4J_SRC_MODIFIED_VF": "0",
          "P4J_SRC_NONZERO_CONST_VF": "0",
          "P4J_SRC_OP_ADD_AF": "0",
          "P4J_SRC_OP_DIV_AF": "0",
          "P4J_SRC_OP_EQ_AF": "0",
          "P4J_SRC_OP_GE_AF": "0",
          "P4J_SRC_OP_GT_AF": "0",
          "P4J_SRC_OP_LE_AF": "0",
          "P4J_SRC_OP_LT_AF": "0",
          "P4J_SRC_OP_MOD_AF": "0",
          "P4J_SRC_OP_MUL_AF": "0",
          "P4J_SRC_OP_NE_AF": "0",
          "P4J_SRC_OP_SUB_AF": "0",
          "P4J_SRC_REMOVE_PARTIAL_IF": "0",
          "P4J_SRC_REMOVE_STMT": "0",
          "P4J_SRC_REMOVE_WHOLE_BLOCK": "0",
          "P4J_SRC_REMOVE_WHOLE_IF": "0",
          "P4J_SRC_REPLACE_COND_RF": "0",
          "P4J_SRC_REPLACE_STMT_RF": "0",
          "P4J_SRC_R_STMT_ASSIGN_AF": "0",
          "P4J_SRC_R_STMT_CALL_AF": "0",
          "P4J_SRC_R_STMT_COND_AF": "0",
          "P4J_SRC_R_STMT_CONTROL_AF": "0",
          "P4J_SRC_SIZE_LITERAL_VF": "0",
          "P4J_SRC_STMT_ASSIGN_AF": "0",
          "P4J_SRC_STMT_CALL_AF": "1",
          "P4J_SRC_STMT_COND_AF": "1",
          "P4J_SRC_STMT_CONTROL_AF": "1",
          "P4J_SRC_STMT_LABEL_AF": "0",
          "P4J_SRC_STMT_LOOP_AF": "0",
          "P4J_SRC_STRING_LITERAL_VF": "1",
          "P4J_SRC_UOP_DEC_AF": "0",
          "P4J_SRC_UOP_INC_AF": "0",
          "P4J_SRC_ZERO_CONST_VF": "1"
        },
        {
          "repairPatterns": {
            "codeMove": 0,
            "condBlockExcAdd": 0,
            "condBlockOthersAdd": 0,
            "condBlockRem": 0,
            "condBlockRetAdd": 0,
            "constChange": 0,
            "copyPaste": 0,
            "expArithMod": 0,
            "expLogicExpand": 0,
            "expLogicMod": 0,
            "expLogicReduce": 0,
            "missNullCheckN": 0,
            "missNullCheckP": 0,
            "notClassified": 0,
            "singleLine": 1,
            "unwrapIfElse": 0,
            "unwrapMethod": 0,
            "unwrapTryCatch": 0,
            "wrapsElse": 0,
            "wrapsIf": 0,
            "wrapsIfElse": 0,
            "wrapsLoop": 0,
            "wrapsMethod": 0,
            "wrapsTryCatch": 0,
            "wrongMethodRef": 0,
            "wrongVarRef": 0
          }
        },
        {
          "UpdateLiteral": 0,
          "addLineNo": 7,
          "addThis": 0,
          "condLogicReduce": 0,
          "dupArgsInvocation": 0,
          "ifTrue": 0,
          "insertBooleanLiteral": 0,
          "insertIfFalse": 0,
          "insertNewConstLiteral": 0,
          "patchedFileNo": 1,
          "removeNullinCond": 0,
          "rmLineNo": 0,
          "updIfFalse": 0
        }
      ],
      "file_name": "Developer"
    }
  ],
  "id": "patch1#1-Closure-42"
}