{
  "files": [
    {
      "features": [
        {
          "CONSTANT": {
            "0": {
              "C1_SAME_TYPE_CONSTANT": "true",
              "C2_SAME_TYPE_CONSTANT_VAR": "false",
              "C2_SAME_TYPE_VAR": "true"
            }
          },
          "FEATURES_BINARYOPERATOR": {
            "0_props == null": {
              "O1_IS_BIT": "false",
              "O1_IS_COMPARE": "true",
              "O1_IS_LOGICAL": "false",
              "O1_IS_MATH": "false",
              "O1_IS_OTHERS": "false",
              "O1_IS_SHIFT": "false",
              "O2_LOGICAL_CONTAIN_NOT": "false",
              "O3_CONTAIN_01": "false",
              "O3_CONTAIN_NULL": "true",
              "O4_COMPARE_IN_CONDITION": "true",
              "O5_IS_MATH_ROOT": "false"
            },
            "10_(!canCollapseUnannotatedChildNames()) || (totalGets > 0)": {
              "O1_IS_BIT": "false",
              "O1_IS_COMPARE": "false",
              "O1_IS_LOGICAL": "true",
              "O1_IS_MATH": "false",
              "O1_IS_OTHERS": "false",
              "O1_IS_SHIFT": "false",
              "O2_LOGICAL_CONTAIN_NOT": "true",
              "O3_CONTAIN_01": "false",
              "O3_CONTAIN_NULL": "false",
              "O4_COMPARE_IN_CONDITION": "false",
              "O5_IS_MATH_ROOT": "false"
            },
            "11_(totalGets > 0)": {
              "O1_IS_BIT": "false",
              "O1_IS_COMPARE": "true",
              "O1_IS_LOGICAL": "false",
              "O1_IS_MATH": "false",
              "O1_IS_OTHERS": "false",
              "O1_IS_SHIFT": "false",
              "O2_LOGICAL_CONTAIN_NOT": "false",
              "O3_CONTAIN_01": "true",
              "O3_CONTAIN_NULL": "false",
              "O4_COMPARE_IN_CONDITION": "true",
              "O5_IS_MATH_ROOT": "false"
            },
            "12_props != null": {
              "O1_IS_BIT": "false",
              "O1_IS_COMPARE": "true",
              "O1_IS_LOGICAL": "false",
              "O1_IS_MATH": "false",
              "O1_IS_OTHERS": "false",
              "O1_IS_SHIFT": "false",
              "O2_LOGICAL_CONTAIN_NOT": "false",
              "O3_CONTAIN_01": "false",
              "O3_CONTAIN_NULL": "true",
              "O4_COMPARE_IN_CONDITION": "true",
              "O5_IS_MATH_ROOT": "false"
            },
            "13_(!inExterns) && (isClassOrEnum || (((parent == null) || parent.canCollapseUnannotatedChildNames()) && ((globalSets > 0) || (localSets > 0))))": {
              "O1_IS_BIT": "false",
              "O1_IS_COMPARE": "false",
              "O1_IS_LOGICAL": "true",
              "O1_IS_MATH": "false",
              "O1_IS_OTHERS": "false",
              "O1_IS_SHIFT": "false",
              "O2_LOGICAL_CONTAIN_NOT": "true",
              "O3_CONTAIN_01": "false",
              "O3_CONTAIN_NULL": "false",
              "O4_COMPARE_IN_CONDITION": "false",
              "O5_IS_MATH_ROOT": "false"
            },
            "14_(isClassOrEnum || (((parent == null) || parent.canCollapseUnannotatedChildNames()) && ((globalSets > 0) || (localSets > 0))))": {
              "O1_IS_BIT": "false",
              "O1_IS_COMPARE": "false",
              "O1_IS_LOGICAL": "true",
              "O1_IS_MATH": "false",
              "O1_IS_OTHERS": "false",
              "O1_IS_SHIFT": "false",
              "O2_LOGICAL_CONTAIN_NOT": "false",
              "O3_CONTAIN_01": "false",
              "O3_CONTAIN_NULL": "false",
              "O4_COMPARE_IN_CONDITION": "false",
              "O5_IS_MATH_ROOT": "false"
            },
            "15_(((parent == null) || parent.canCollapseUnannotatedChildNames()) && ((globalSets > 0) || (localSets > 0)))": {
              "O1_IS_BIT": "false",
              "O1_IS_COMPARE": "false",
              "O1_IS_LOGICAL": "true",
              "O1_IS_MATH": "false",
              "O1_IS_OTHERS": "false",
              "O1_IS_SHIFT": "false",
              "O2_LOGICAL_CONTAIN_NOT": "false",
              "O3_CONTAIN_01": "false",
              "O3_CONTAIN_NULL": "false",
              "O4_COMPARE_IN_CONDITION": "false",
              "O5_IS_MATH_ROOT": "false"
            },
            "16_((parent == null) || parent.canCollapseUnannotatedChildNames())": {
              "O1_IS_BIT": "false",
              "O1_IS_COMPARE": "false",
              "O1_IS_LOGICAL": "true",
              "O1_IS_MATH": "false",
              "O1_IS_OTHERS": "false",
              "O1_IS_SHIFT": "false",
              "O2_LOGICAL_CONTAIN_NOT": "false",
              "O3_CONTAIN_01": "false",
              "O3_CONTAIN_NULL": "false",
              "O4_COMPARE_IN_CONDITION": "false",
              "O5_IS_MATH_ROOT": "false"
            },
            "17_(parent == null)": {
              "O1_IS_BIT": "false",
              "O1_IS_COMPARE": "true",
              "O1_IS_LOGICAL": "false",
              "O1_IS_MATH": "false",
              "O1_IS_OTHERS": "false",
              "O1_IS_SHIFT": "false",
              "O2_LOGICAL_CONTAIN_NOT": "false",
              "O3_CONTAIN_01": "false",
              "O3_CONTAIN_NULL": "true",
              "O4_COMPARE_IN_CONDITION": "true",
              "O5_IS_MATH_ROOT": "false"
            },
            "18_((globalSets > 0) || (localSets > 0))": {
              "O1_IS_BIT": "false",
              "O1_IS_COMPARE": "false",
              "O1_IS_LOGICAL": "true",
              "O1_IS_MATH": "false",
              "O1_IS_OTHERS": "false",
              "O1_IS_SHIFT": "false",
              "O2_LOGICAL_CONTAIN_NOT": "false",
              "O3_CONTAIN_01": "false",
              "O3_CONTAIN_NULL": "false",
              "O4_COMPARE_IN_CONDITION": "false",
              "O5_IS_MATH_ROOT": "false"
            },
            "19_(globalSets > 0)": {
              "O1_IS_BIT": "false",
              "O1_IS_COMPARE": "true",
              "O1_IS_LOGICAL": "false",
              "O1_IS_MATH": "false",
              "O1_IS_OTHERS": "false",
              "O1_IS_SHIFT": "false",
              "O2_LOGICAL_CONTAIN_NOT": "false",
              "O3_CONTAIN_01": "true",
              "O3_CONTAIN_NULL": "false",
              "O4_COMPARE_IN_CONDITION": "true",
              "O5_IS_MATH_ROOT": "false"
            },
            "1_declaration == null": {
              "O1_IS_BIT": "false",
              "O1_IS_COMPARE": "true",
              "O1_IS_LOGICAL": "false",
              "O1_IS_MATH": "false",
              "O1_IS_OTHERS": "false",
              "O1_IS_SHIFT": "false",
              "O2_LOGICAL_CONTAIN_NOT": "false",
              "O3_CONTAIN_01": "false",
              "O3_CONTAIN_NULL": "true",
              "O4_COMPARE_IN_CONDITION": "true",
              "O5_IS_MATH_ROOT": "false"
            },
            "20_(localSets > 0)": {
              "O1_IS_BIT": "false",
              "O1_IS_COMPARE": "true",
              "O1_IS_LOGICAL": "false",
              "O1_IS_MATH": "false",
              "O1_IS_OTHERS": "false",
              "O1_IS_SHIFT": "false",
              "O2_LOGICAL_CONTAIN_NOT": "false",
              "O3_CONTAIN_01": "true",
              "O3_CONTAIN_NULL": "false",
              "O4_COMPARE_IN_CONDITION": "true",
              "O5_IS_MATH_ROOT": "false"
            },
            "21_((type == com.google.javascript.jscomp.GlobalNamespace.Name.Type.OTHER) || (globalSets != 1)) || (localSets != 0)": {
              "O1_IS_BIT": "false",
              "O1_IS_COMPARE": "false",
              "O1_IS_LOGICAL": "true",
              "O1_IS_MATH": "false",
              "O1_IS_OTHERS": "false",
              "O1_IS_SHIFT": "false",
              "O2_LOGICAL_CONTAIN_NOT": "false",
              "O3_CONTAIN_01": "false",
              "O3_CONTAIN_NULL": "false",
              "O4_COMPARE_IN_CONDITION": "false",
              "O5_IS_MATH_ROOT": "false"
            },
            "22_((type == com.google.javascript.jscomp.GlobalNamespace.Name.Type.OTHER) || (globalSets != 1))": {
              "O1_IS_BIT": "false",
              "O1_IS_COMPARE": "false",
              "O1_IS_LOGICAL": "true",
              "O1_IS_MATH": "false",
              "O1_IS_OTHERS": "false",
              "O1_IS_SHIFT": "false",
              "O2_LOGICAL_CONTAIN_NOT": "false",
              "O3_CONTAIN_01": "false",
              "O3_CONTAIN_NULL": "false",
              "O4_COMPARE_IN_CONDITION": "false",
              "O5_IS_MATH_ROOT": "false"
            },
            "23_(type == com.google.javascript.jscomp.GlobalNamespace.Name.Type.OTHER)": {
              "O1_IS_BIT": "false",
              "O1_IS_COMPARE": "true",
              "O1_IS_LOGICAL": "false",
              "O1_IS_MATH": "false",
              "O1_IS_OTHERS": "false",
              "O1_IS_SHIFT": "false",
              "O2_LOGICAL_CONTAIN_NOT": "false",
              "O3_CONTAIN_01": "false",
              "O3_CONTAIN_NULL": "false",
              "O4_COMPARE_IN_CONDITION": "true",
              "O5_IS_MATH_ROOT": "false"
            },
            "24_(globalSets != 1)": {
              "O1_IS_BIT": "false",
              "O1_IS_COMPARE": "true",
              "O1_IS_LOGICAL": "false",
              "O1_IS_MATH": "false",
              "O1_IS_OTHERS": "false",
              "O1_IS_SHIFT": "false",
              "O2_LOGICAL_CONTAIN_NOT": "false",
              "O3_CONTAIN_01": "true",
              "O3_CONTAIN_NULL": "false",
              "O4_COMPARE_IN_CONDITION": "true",
              "O5_IS_MATH_ROOT": "false"
            },
            "25_(localSets != 0)": {
              "O1_IS_BIT": "false",
              "O1_IS_COMPARE": "true",
              "O1_IS_LOGICAL": "false",
              "O1_IS_MATH": "false",
              "O1_IS_OTHERS": "false",
              "O1_IS_SHIFT": "false",
              "O2_LOGICAL_CONTAIN_NOT": "false",
              "O3_CONTAIN_01": "true",
              "O3_CONTAIN_NULL": "false",
              "O4_COMPARE_IN_CONDITION": "true",
              "O5_IS_MATH_ROOT": "false"
            },
            "26_declaration.getTwin() != null": {
              "O1_IS_BIT": "false",
              "O1_IS_COMPARE": "true",
              "O1_IS_LOGICAL": "false",
              "O1_IS_MATH": "false",
              "O1_IS_OTHERS": "false",
              "O1_IS_SHIFT": "false",
              "O2_LOGICAL_CONTAIN_NOT": "false",
              "O3_CONTAIN_01": "false",
              "O3_CONTAIN_NULL": "true",
              "O4_COMPARE_IN_CONDITION": "true",
              "O5_IS_MATH_ROOT": "false"
            },
            "27_(parent != null) && parent.shouldKeepKeys()": {
              "O1_IS_BIT": "false",
              "O1_IS_COMPARE": "false",
              "O1_IS_LOGICAL": "true",
              "O1_IS_MATH": "false",
              "O1_IS_OTHERS": "false",
              "O1_IS_SHIFT": "false",
              "O2_LOGICAL_CONTAIN_NOT": "false",
              "O3_CONTAIN_01": "false",
              "O3_CONTAIN_NULL": "false",
              "O4_COMPARE_IN_CONDITION": "false",
              "O5_IS_MATH_ROOT": "false"
            },
            "28_(parent != null)": {
              "O1_IS_BIT": "false",
              "O1_IS_COMPARE": "true",
              "O1_IS_LOGICAL": "false",
              "O1_IS_MATH": "false",
              "O1_IS_OTHERS": "false",
              "O1_IS_SHIFT": "false",
              "O2_LOGICAL_CONTAIN_NOT": "false",
              "O3_CONTAIN_01": "false",
              "O3_CONTAIN_NULL": "true",
              "O4_COMPARE_IN_CONDITION": "true",
              "O5_IS_MATH_ROOT": "false"
            },
            "29_(type != com.google.javascript.jscomp.GlobalNamespace.Name.Type.FUNCTION) && (aliasingGets > 0)": {
              "O1_IS_BIT": "false",
              "O1_IS_COMPARE": "false",
              "O1_IS_LOGICAL": "true",
              "O1_IS_MATH": "false",
              "O1_IS_OTHERS": "false",
              "O1_IS_SHIFT": "false",
              "O2_LOGICAL_CONTAIN_NOT": "false",
              "O3_CONTAIN_01": "false",
              "O3_CONTAIN_NULL": "false",
              "O4_COMPARE_IN_CONDITION": "false",
              "O5_IS_MATH_ROOT": "false"
            },
            "2_(ref == declaration) || ((refs != null) && refs.remove(ref))": {
              "O1_IS_BIT": "false",
              "O1_IS_COMPARE": "false",
              "O1_IS_LOGICAL": "true",
              "O1_IS_MATH": "false",
              "O1_IS_OTHERS": "false",
              "O1_IS_SHIFT": "false",
              "O2_LOGICAL_CONTAIN_NOT": "false",
              "O3_CONTAIN_01": "false",
              "O3_CONTAIN_NULL": "false",
              "O4_COMPARE_IN_CONDITION": "false",
              "O5_IS_MATH_ROOT": "false"
            },
            "30_(type != com.google.javascript.jscomp.GlobalNamespace.Name.Type.FUNCTION)": {
              "O1_IS_BIT": "false",
              "O1_IS_COMPARE": "true",
              "O1_IS_LOGICAL": "false",
              "O1_IS_MATH": "false",
              "O1_IS_OTHERS": "false",
              "O1_IS_SHIFT": "false",
              "O2_LOGICAL_CONTAIN_NOT": "false",
              "O3_CONTAIN_01": "false",
              "O3_CONTAIN_NULL": "false",
              "O4_COMPARE_IN_CONDITION": "true",
              "O5_IS_MATH_ROOT": "false"
            },
            "31_(aliasingGets > 0)": {
              "O1_IS_BIT": "false",
              "O1_IS_COMPARE": "true",
              "O1_IS_LOGICAL": "false",
              "O1_IS_MATH": "false",
              "O1_IS_OTHERS": "false",
              "O1_IS_SHIFT": "false",
              "O2_LOGICAL_CONTAIN_NOT": "false",
              "O3_CONTAIN_01": "true",
              "O3_CONTAIN_NULL": "false",
              "O4_COMPARE_IN_CONDITION": "true",
              "O5_IS_MATH_ROOT": "false"
            },
            "32_(parent == null) || parent.canCollapseUnannotatedChildNames()": {
              "O1_IS_BIT": "false",
              "O1_IS_COMPARE": "false",
              "O1_IS_LOGICAL": "true",
              "O1_IS_MATH": "false",
              "O1_IS_OTHERS": "false",
              "O1_IS_SHIFT": "false",
              "O2_LOGICAL_CONTAIN_NOT": "false",
              "O3_CONTAIN_01": "false",
              "O3_CONTAIN_NULL": "false",
              "O4_COMPARE_IN_CONDITION": "false",
              "O5_IS_MATH_ROOT": "false"
            },
            "33_(parent == null)": {
              "O1_IS_BIT": "false",
              "O1_IS_COMPARE": "true",
              "O1_IS_LOGICAL": "false",
              "O1_IS_MATH": "false",
              "O1_IS_OTHERS": "false",
              "O1_IS_SHIFT": "false",
              "O2_LOGICAL_CONTAIN_NOT": "false",
              "O3_CONTAIN_01": "false",
              "O3_CONTAIN_NULL": "true",
              "O4_COMPARE_IN_CONDITION": "true",
              "O5_IS_MATH_ROOT": "false"
            },
            "34_(type == com.google.javascript.jscomp.GlobalNamespace.Name.Type.OBJECTLIT) && (aliasingGets > 0)": {
              "O1_IS_BIT": "false",
              "O1_IS_COMPARE": "false",
              "O1_IS_LOGICAL": "true",
              "O1_IS_MATH": "false",
              "O1_IS_OTHERS": "false",
              "O1_IS_SHIFT": "false",
              "O2_LOGICAL_CONTAIN_NOT": "false",
              "O3_CONTAIN_01": "false",
              "O3_CONTAIN_NULL": "false",
              "O4_COMPARE_IN_CONDITION": "false",
              "O5_IS_MATH_ROOT": "false"
            },
            "35_(type == com.google.javascript.jscomp.GlobalNamespace.Name.Type.OBJECTLIT)": {
              "O1_IS_BIT": "false",
              "O1_IS_COMPARE": "true",
              "O1_IS_LOGICAL": "false",
              "O1_IS_MATH": "false",
              "O1_IS_OTHERS": "false",
              "O1_IS_SHIFT": "false",
              "O2_LOGICAL_CONTAIN_NOT": "false",
              "O3_CONTAIN_01": "false",
              "O3_CONTAIN_NULL": "false",
              "O4_COMPARE_IN_CONDITION": "true",
              "O5_IS_MATH_ROOT": "false"
            },
            "36_(aliasingGets > 0)": {
              "O1_IS_BIT": "false",
              "O1_IS_COMPARE": "true",
              "O1_IS_LOGICAL": "false",
              "O1_IS_MATH": "false",
              "O1_IS_OTHERS": "false",
              "O1_IS_SHIFT": "false",
              "O2_LOGICAL_CONTAIN_NOT": "false",
              "O3_CONTAIN_01": "true",
              "O3_CONTAIN_NULL": "false",
              "O4_COMPARE_IN_CONDITION": "true",
              "O5_IS_MATH_ROOT": "false"
            },
            "37_(globalSets == 0) && (localSets > 0)": {
              "O1_IS_BIT": "false",
              "O1_IS_COMPARE": "false",
              "O1_IS_LOGICAL": "true",
              "O1_IS_MATH": "false",
              "O1_IS_OTHERS": "false",
              "O1_IS_SHIFT": "false",
              "O2_LOGICAL_CONTAIN_NOT": "false",
              "O3_CONTAIN_01": "false",
              "O3_CONTAIN_NULL": "false",
              "O4_COMPARE_IN_CONDITION": "false",
              "O5_IS_MATH_ROOT": "false"
            },
            "38_(globalSets == 0)": {
              "O1_IS_BIT": "false",
              "O1_IS_COMPARE": "true",
              "O1_IS_LOGICAL": "false",
              "O1_IS_MATH": "false",
              "O1_IS_OTHERS": "false",
              "O1_IS_SHIFT": "false",
              "O2_LOGICAL_CONTAIN_NOT": "false",
              "O3_CONTAIN_01": "true",
              "O3_CONTAIN_NULL": "false",
              "O4_COMPARE_IN_CONDITION": "true",
              "O5_IS_MATH_ROOT": "false"
            },
            "39_(localSets > 0)": {
              "O1_IS_BIT": "false",
              "O1_IS_COMPARE": "true",
              "O1_IS_LOGICAL": "false",
              "O1_IS_MATH": "false",
              "O1_IS_OTHERS": "false",
              "O1_IS_SHIFT": "false",
              "O2_LOGICAL_CONTAIN_NOT": "false",
              "O3_CONTAIN_01": "true",
              "O3_CONTAIN_NULL": "false",
              "O4_COMPARE_IN_CONDITION": "true",
              "O5_IS_MATH_ROOT": "false"
            },
            "3_(ref == declaration)": {
              "O1_IS_BIT": "false",
              "O1_IS_COMPARE": "true",
              "O1_IS_LOGICAL": "false",
              "O1_IS_MATH": "false",
              "O1_IS_OTHERS": "false",
              "O1_IS_SHIFT": "false",
              "O2_LOGICAL_CONTAIN_NOT": "false",
              "O3_CONTAIN_01": "false",
              "O3_CONTAIN_NULL": "false",
              "O4_COMPARE_IN_CONDITION": "true",
              "O5_IS_MATH_ROOT": "false"
            },
            "40_ancestor != null": {
              "O1_IS_BIT": "false",
              "O1_IS_COMPARE": "true",
              "O1_IS_LOGICAL": "false",
              "O1_IS_MATH": "false",
              "O1_IS_OTHERS": "false",
              "O1_IS_SHIFT": "false",
              "O2_LOGICAL_CONTAIN_NOT": "false",
              "O3_CONTAIN_01": "false",
              "O3_CONTAIN_NULL": "true",
              "O4_COMPARE_IN_CONDITION": "true",
              "O5_IS_MATH_ROOT": "false"
            },
            "41_hasClassOrEnumDescendant && (type == com.google.javascript.jscomp.GlobalNamespace.Name.Type.OBJECTLIT)": {
              "O1_IS_BIT": "false",
              "O1_IS_COMPARE": "false",
              "O1_IS_LOGICAL": "true",
              "O1_IS_MATH": "false",
              "O1_IS_OTHERS": "false",
              "O1_IS_SHIFT": "false",
              "O2_LOGICAL_CONTAIN_NOT": "false",
              "O3_CONTAIN_01": "false",
              "O3_CONTAIN_NULL": "false",
              "O4_COMPARE_IN_CONDITION": "false",
              "O5_IS_MATH_ROOT": "false"
            },
            "42_(type == com.google.javascript.jscomp.GlobalNamespace.Name.Type.OBJECTLIT)": {
              "O1_IS_BIT": "false",
              "O1_IS_COMPARE": "true",
              "O1_IS_LOGICAL": "false",
              "O1_IS_MATH": "false",
              "O1_IS_OTHERS": "false",
              "O1_IS_SHIFT": "false",
              "O2_LOGICAL_CONTAIN_NOT": "false",
              "O3_CONTAIN_01": "false",
              "O3_CONTAIN_NULL": "false",
              "O4_COMPARE_IN_CONDITION": "true",
              "O5_IS_MATH_ROOT": "false"
            },
            "43_parent == null": {
              "O1_IS_BIT": "false",
              "O1_IS_COMPARE": "true",
              "O1_IS_LOGICAL": "false",
              "O1_IS_MATH": "false",
              "O1_IS_OTHERS": "false",
              "O1_IS_SHIFT": "false",
              "O2_LOGICAL_CONTAIN_NOT": "false",
              "O3_CONTAIN_01": "false",
              "O3_CONTAIN_NULL": "true",
              "O4_COMPARE_IN_CONDITION": "true",
              "O5_IS_MATH_ROOT": "false"
            },
            "44_(((((((((((fullName() + \" (\") + type) + \"): globalSets=\") + globalSets) + \", localSets=\") + localSets) + \", totalGets=\") + totalGets) + \", aliasingGets=\") + aliasingGets) + \", callGets=\") + callGets": {
              "O1_IS_BIT": "false",
              "O1_IS_COMPARE": "false",
              "O1_IS_LOGICAL": "false",
              "O1_IS_MATH": "true",
              "O1_IS_OTHERS": "false",
              "O1_IS_SHIFT": "false",
              "O2_LOGICAL_CONTAIN_NOT": "false",
              "O3_CONTAIN_01": "false",
              "O3_CONTAIN_NULL": "false",
              "O4_COMPARE_IN_CONDITION": "false",
              "O5_IS_MATH_ROOT": "true"
            },
            "45_(((((((((((fullName() + \" (\") + type) + \"): globalSets=\") + globalSets) + \", localSets=\") + localSets) + \", totalGets=\") + totalGets) + \", aliasingGets=\") + aliasingGets) + \", callGets=\")": {
              "O1_IS_BIT": "false",
              "O1_IS_COMPARE": "false",
              "O1_IS_LOGICAL": "false",
              "O1_IS_MATH": "true",
              "O1_IS_OTHERS": "false",
              "O1_IS_SHIFT": "false",
              "O2_LOGICAL_CONTAIN_NOT": "false",
              "O3_CONTAIN_01": "false",
              "O3_CONTAIN_NULL": "false",
              "O4_COMPARE_IN_CONDITION": "false",
              "O5_IS_MATH_ROOT": "false"
            },
            "46_((((((((((fullName() + \" (\") + type) + \"): globalSets=\") + globalSets) + \", localSets=\") + localSets) + \", totalGets=\") + totalGets) + \", aliasingGets=\") + aliasingGets)": {
              "O1_IS_BIT": "false",
              "O1_IS_COMPARE": "false",
              "O1_IS_LOGICAL": "false",
              "O1_IS_MATH": "true",
              "O1_IS_OTHERS": "false",
              "O1_IS_SHIFT": "false",
              "O2_LOGICAL_CONTAIN_NOT": "false",
              "O3_CONTAIN_01": "false",
              "O3_CONTAIN_NULL": "false",
              "O4_COMPARE_IN_CONDITION": "false",
              "O5_IS_MATH_ROOT": "false"
            },
            "47_(((((((((fullName() + \" (\") + type) + \"): globalSets=\") + globalSets) + \", localSets=\") + localSets) + \", totalGets=\") + totalGets) + \", aliasingGets=\")": {
              "O1_IS_BIT": "false",
              "O1_IS_COMPARE": "false",
              "O1_IS_LOGICAL": "false",
              "O1_IS_MATH": "true",
              "O1_IS_OTHERS": "false",
              "O1_IS_SHIFT": "false",
              "O2_LOGICAL_CONTAIN_NOT": "false",
              "O3_CONTAIN_01": "false",
              "O3_CONTAIN_NULL": "false",
              "O4_COMPARE_IN_CONDITION": "false",
              "O5_IS_MATH_ROOT": "false"
            },
            "48_((((((((fullName() + \" (\") + type) + \"): globalSets=\") + globalSets) + \", localSets=\") + localSets) + \", totalGets=\") + totalGets)": {
              "O1_IS_BIT": "false",
              "O1_IS_COMPARE": "false",
              "O1_IS_LOGICAL": "false",
              "O1_IS_MATH": "true",
              "O1_IS_OTHERS": "false",
              "O1_IS_SHIFT": "false",
              "O2_LOGICAL_CONTAIN_NOT": "false",
              "O3_CONTAIN_01": "false",
              "O3_CONTAIN_NULL": "false",
              "O4_COMPARE_IN_CONDITION": "false",
              "O5_IS_MATH_ROOT": "false"
            },
            "49_(((((((fullName() + \" (\") + type) + \"): globalSets=\") + globalSets) + \", localSets=\") + localSets) + \", totalGets=\")": {
              "O1_IS_BIT": "false",
              "O1_IS_COMPARE": "false",
              "O1_IS_LOGICAL": "false",
              "O1_IS_MATH": "true",
              "O1_IS_OTHERS": "false",
              "O1_IS_SHIFT": "false",
              "O2_LOGICAL_CONTAIN_NOT": "false",
              "O3_CONTAIN_01": "false",
              "O3_CONTAIN_NULL": "false",
              "O4_COMPARE_IN_CONDITION": "false",
              "O5_IS_MATH_ROOT": "false"
            },
            "4_((refs != null) && refs.remove(ref))": {
              "O1_IS_BIT": "false",
              "O1_IS_COMPARE": "false",
              "O1_IS_LOGICAL": "true",
              "O1_IS_MATH": "false",
              "O1_IS_OTHERS": "false",
              "O1_IS_SHIFT": "false",
              "O2_LOGICAL_CONTAIN_NOT": "false",
              "O3_CONTAIN_01": "false",
              "O3_CONTAIN_NULL": "false",
              "O4_COMPARE_IN_CONDITION": "false",
              "O5_IS_MATH_ROOT": "false"
            },
            "50_((((((fullName() + \" (\") + type) + \"): globalSets=\") + globalSets) + \", localSets=\") + localSets)": {
              "O1_IS_BIT": "false",
              "O1_IS_COMPARE": "false",
              "O1_IS_LOGICAL": "false",
              "O1_IS_MATH": "true",
              "O1_IS_OTHERS": "false",
              "O1_IS_SHIFT": "false",
              "O2_LOGICAL_CONTAIN_NOT": "false",
              "O3_CONTAIN_01": "false",
              "O3_CONTAIN_NULL": "false",
              "O4_COMPARE_IN_CONDITION": "false",
              "O5_IS_MATH_ROOT": "false"
            },
            "51_(((((fullName() + \" (\") + type) + \"): globalSets=\") + globalSets) + \", localSets=\")": {
              "O1_IS_BIT": "false",
              "O1_IS_COMPARE": "false",
              "O1_IS_LOGICAL": "false",
              "O1_IS_MATH": "true",
              "O1_IS_OTHERS": "false",
              "O1_IS_SHIFT": "false",
              "O2_LOGICAL_CONTAIN_NOT": "false",
              "O3_CONTAIN_01": "false",
              "O3_CONTAIN_NULL": "false",
              "O4_COMPARE_IN_CONDITION": "false",
              "O5_IS_MATH_ROOT": "false"
            },
            "52_((((fullName() + \" (\") + type) + \"): globalSets=\") + globalSets)": {
              "O1_IS_BIT": "false",
              "O1_IS_COMPARE": "false",
              "O1_IS_LOGICAL": "false",
              "O1_IS_MATH": "true",
              "O1_IS_OTHERS": "false",
              "O1_IS_SHIFT": "false",
              "O2_LOGICAL_CONTAIN_NOT": "false",
              "O3_CONTAIN_01": "false",
              "O3_CONTAIN_NULL": "false",
              "O4_COMPARE_IN_CONDITION": "false",
              "O5_IS_MATH_ROOT": "false"
            },
            "53_(((fullName() + \" (\") + type) + \"): globalSets=\")": {
              "O1_IS_BIT": "false",
              "O1_IS_COMPARE": "false",
              "O1_IS_LOGICAL": "false",
              "O1_IS_MATH": "true",
              "O1_IS_OTHERS": "false",
              "O1_IS_SHIFT": "false",
              "O2_LOGICAL_CONTAIN_NOT": "false",
              "O3_CONTAIN_01": "false",
              "O3_CONTAIN_NULL": "false",
              "O4_COMPARE_IN_CONDITION": "false",
              "O5_IS_MATH_ROOT": "false"
            },
            "54_((fullName() + \" (\") + type)": {
              "O1_IS_BIT": "false",
              "O1_IS_COMPARE": "false",
              "O1_IS_LOGICAL": "false",
              "O1_IS_MATH": "true",
              "O1_IS_OTHERS": "false",
              "O1_IS_SHIFT": "false",
              "O2_LOGICAL_CONTAIN_NOT": "false",
              "O3_CONTAIN_01": "false",
              "O3_CONTAIN_NULL": "false",
              "O4_COMPARE_IN_CONDITION": "false",
              "O5_IS_MATH_ROOT": "false"
            },
            "55_(fullName() + \" (\")": {
              "O1_IS_BIT": "false",
              "O1_IS_COMPARE": "false",
              "O1_IS_LOGICAL": "false",
              "O1_IS_MATH": "true",
              "O1_IS_OTHERS": "false",
              "O1_IS_SHIFT": "false",
              "O2_LOGICAL_CONTAIN_NOT": "false",
              "O3_CONTAIN_01": "false",
              "O3_CONTAIN_NULL": "false",
              "O4_COMPARE_IN_CONDITION": "false",
              "O5_IS_MATH_ROOT": "false"
            },
            "56_parent == null": {
              "O1_IS_BIT": "false",
              "O1_IS_COMPARE": "true",
              "O1_IS_LOGICAL": "false",
              "O1_IS_MATH": "false",
              "O1_IS_OTHERS": "false",
              "O1_IS_SHIFT": "false",
              "O2_LOGICAL_CONTAIN_NOT": "false",
              "O3_CONTAIN_01": "false",
              "O3_CONTAIN_NULL": "true",
              "O4_COMPARE_IN_CONDITION": "true",
              "O5_IS_MATH_ROOT": "false"
            },
            "57_(parent.fullName() + '.') + name": {
              "O1_IS_BIT": "false",
              "O1_IS_COMPARE": "false",
              "O1_IS_LOGICAL": "false",
              "O1_IS_MATH": "true",
              "O1_IS_OTHERS": "false",
              "O1_IS_SHIFT": "false",
              "O2_LOGICAL_CONTAIN_NOT": "false",
              "O3_CONTAIN_01": "false",
              "O3_CONTAIN_NULL": "false",
              "O4_COMPARE_IN_CONDITION": "false",
              "O5_IS_MATH_ROOT": "true"
            },
            "58_(parent.fullName() + '.')": {
              "O1_IS_BIT": "false",
              "O1_IS_COMPARE": "false",
              "O1_IS_LOGICAL": "false",
              "O1_IS_MATH": "true",
              "O1_IS_OTHERS": "false",
              "O1_IS_SHIFT": "false",
              "O2_LOGICAL_CONTAIN_NOT": "false",
              "O3_CONTAIN_01": "false",
              "O3_CONTAIN_NULL": "false",
              "O4_COMPARE_IN_CONDITION": "false",
              "O5_IS_MATH_ROOT": "false"
            },
            "59_ref.node != null": {
              "O1_IS_BIT": "false",
              "O1_IS_COMPARE": "true",
              "O1_IS_LOGICAL": "false",
              "O1_IS_MATH": "false",
              "O1_IS_OTHERS": "false",
              "O1_IS_SHIFT": "false",
              "O2_LOGICAL_CONTAIN_NOT": "false",
              "O3_CONTAIN_01": "false",
              "O3_CONTAIN_NULL": "true",
              "O4_COMPARE_IN_CONDITION": "true",
              "O5_IS_MATH_ROOT": "false"
            },
            "5_(refs != null)": {
              "O1_IS_BIT": "false",
              "O1_IS_COMPARE": "true",
              "O1_IS_LOGICAL": "false",
              "O1_IS_MATH": "false",
              "O1_IS_OTHERS": "false",
              "O1_IS_SHIFT": "false",
              "O2_LOGICAL_CONTAIN_NOT": "false",
              "O3_CONTAIN_01": "false",
              "O3_CONTAIN_NULL": "true",
              "O4_COMPARE_IN_CONDITION": "true",
              "O5_IS_MATH_ROOT": "false"
            },
            "60_ref.node == refParent.getFirstChild()": {
              "O1_IS_BIT": "false",
              "O1_IS_COMPARE": "true",
              "O1_IS_LOGICAL": "false",
              "O1_IS_MATH": "false",
              "O1_IS_OTHERS": "false",
              "O1_IS_SHIFT": "false",
              "O2_LOGICAL_CONTAIN_NOT": "false",
              "O3_CONTAIN_01": "false",
              "O3_CONTAIN_NULL": "false",
              "O4_COMPARE_IN_CONDITION": "true",
              "O5_IS_MATH_ROOT": "false"
            },
            "6_ref == declaration": {
              "O1_IS_BIT": "false",
              "O1_IS_COMPARE": "true",
              "O1_IS_LOGICAL": "false",
              "O1_IS_MATH": "false",
              "O1_IS_OTHERS": "false",
              "O1_IS_SHIFT": "false",
              "O2_LOGICAL_CONTAIN_NOT": "false",
              "O3_CONTAIN_01": "false",
              "O3_CONTAIN_NULL": "false",
              "O4_COMPARE_IN_CONDITION": "true",
              "O5_IS_MATH_ROOT": "false"
            },
            "7_refs != null": {
              "O1_IS_BIT": "false",
              "O1_IS_COMPARE": "true",
              "O1_IS_LOGICAL": "false",
              "O1_IS_MATH": "false",
              "O1_IS_OTHERS": "false",
              "O1_IS_SHIFT": "false",
              "O2_LOGICAL_CONTAIN_NOT": "false",
              "O3_CONTAIN_01": "false",
              "O3_CONTAIN_NULL": "true",
              "O4_COMPARE_IN_CONDITION": "true",
              "O5_IS_MATH_ROOT": "false"
            },
            "8_maybeNewDecl.type == com.google.javascript.jscomp.GlobalNamespace.Ref.Type.SET_FROM_GLOBAL": {
              "O1_IS_BIT": "false",
              "O1_IS_COMPARE": "true",
              "O1_IS_LOGICAL": "false",
              "O1_IS_MATH": "false",
              "O1_IS_OTHERS": "false",
              "O1_IS_SHIFT": "false",
              "O2_LOGICAL_CONTAIN_NOT": "false",
              "O3_CONTAIN_01": "false",
              "O3_CONTAIN_NULL": "false",
              "O4_COMPARE_IN_CONDITION": "true",
              "O5_IS_MATH_ROOT": "false"
            },
            "9_refs == null": {
              "O1_IS_BIT": "false",
              "O1_IS_COMPARE": "true",
              "O1_IS_LOGICAL": "false",
              "O1_IS_MATH": "false",
              "O1_IS_OTHERS": "false",
              "O1_IS_SHIFT": "false",
              "O2_LOGICAL_CONTAIN_NOT": "false",
              "O3_CONTAIN_01": "false",
              "O3_CONTAIN_NULL": "true",
              "O4_COMPARE_IN_CONDITION": "true",
              "O5_IS_MATH_ROOT": "false"
            }
          },
          "FEATURES_LOGICAL_EXPRESSION": {
            "logical_expression_0_(type != com.google.javascript.jscomp.GlobalNamespace.Name.Type.FUNCTION) && (aliasingGets > 0)": {
              "LE10_ATOMIC_EXPRESSION_COMPARISION_SAME_LEFT": "false",
              "LE10_ATOMIC_EXPRESSION_COMPARISION_SAME_RIGHT": "false",
              "LE10_ATOMIC_EXPRESSION_MULTIPLE_VAR_AS_BOOLEAN": "false",
              "LE10_ATOMIC_EXPRESSION_SAME_INVOCATION_TARGET": "false",
              "LE10_ATOMIC_EXPRESSION_USED_IN_INVOCATION_COMPARISION_VARIABLE": "false",
              "LE10_CONTAINS_ALL_INVOCATION_COMPARISION_VARIABLE": "false",
              "LE1_EXISTS_RELATED_BOOLEAN_EXPRESSION": "true",
              "LE2_IS_BOOLEAN_METHOD_PARAM_TYPE_VAR": "true",
              "LE3_IS_COMPATIBLE_VAR_NOT_INCLUDED": "true",
              "LE4_EXISTS_LOCAL_UNUSED_VARIABLES": "true",
              "LE5_COMPLEX_REFERENCE": "true",
              "LE6_HAS_NEGATION": "false",
              "LE7_SIMPLE_VAR_OR_METHOD_IN_LOGIC": "true",
              "LE8_SCOPE_VAR_USED_OTHER_BOOLEXPER": "true",
              "LE9_EQUAL_NOTEQUAL_NULL_CHECK": "false",
              "LE9_MIX_CHECK": "false",
              "LE9_NORMAL_CHECK": "true",
              "LE9_NULL_CHECK": "false"
            }
          },
          "FEATURES_METHOD_INVOCATION": {},
          "FEATURES_TYPEACCESS": {
            "com.google.javascript.jscomp.GlobalNamespace$Name": {
              "C3_TYPEACCESS_ACTUAL_VAR": "false",
              "C4_SIMILAR_TYPEACCESS_ACTUAL_VAR": "false"
            },
            "com.google.javascript.jscomp.GlobalNamespace$Name$Type": {
              "C3_TYPEACCESS_ACTUAL_VAR": "false",
              "C4_SIMILAR_TYPEACCESS_ACTUAL_VAR": "false"
            }
          },
          "FEATURES_VARS": {
            "FUNCTION": {
              "V10_VAR_TYPE_Similar_VAR": "true",
              "V11_VAR_COMPATIBLE_TYPE_IN_CONDITION": "false",
              "V12_VAR_Invocation_VAR_REPLACE_BY_VAR": "false",
              "V13_VAR_Invocation_VAR_REPLACE_BY_INVOCATION": "false",
              "V14_VAR_INSTANCE_OF_CLASS": "false",
              "V15_VAR_LAST_THREE_SAME_TYPE_LOC": "false",
              "V16_IS_METHOD_PARAMETER_TYPE_VAR": "true",
              "V17_VAR_IS_ENUMERATION": "true",
              "V18_Has_Method_Similar_In_Name": "false",
              "V19_With_Special_Name": "false",
              "V1_IS_TYPE_COMPATIBLE_METHOD_CALL_PARAM_RETURN": "false",
              "V1_LOCAL_VAR_NOT_ASSIGNED": "false",
              "V1_LOCAL_VAR_NOT_USED": "false",
              "V2_HAS_VAR_SIM_NAME": "false",
              "V2_HAS_VAR_SIM_NAME_COMP_TYPE": "false",
              "V2_SIMILAR_OBJECT_TYPE_WITH_NORMAL_GUARD": "false",
              "V2_SIMILAR_OBJECT_TYPE_WITH_NULL_GUARD": "false",
              "V3_HAS_CONSTANT": "true",
              "V4B_USED_MULTIPLE_AS_PARAMETER": "false",
              "V4_Field_NOT_ASSIGNED": "true",
              "V4_Field_NOT_USED": "false",
              "V5_HAS_VAR_IN_TRANSFORMATION": "false",
              "V5_SIMILAR_PRIMITIVE_TYPE_WITH_NORMAL_GUARD": "false",
              "V5_SIMILAR_PRIMITIVE_TYPE_WITH_NULL_GUARD": "false",
              "V6_IS_METHOD_RETURN_TYPE_VAR": "true",
              "V7_OBJECT_USED_IN_ASSIGNMENT": "false",
              "V8_PRIMITIVE_USED_IN_ASSIGNMENT": "false",
              "V8_VAR_OBJECT": "true",
              "V8_VAR_PRIMITIVE": "false",
              "V9_VAR_TYPE_Similar_Literal": "false"
            },
            "aliasingGets": {
              "V10_VAR_TYPE_Similar_VAR": "true",
              "V11_VAR_COMPATIBLE_TYPE_IN_CONDITION": "false",
              "V12_VAR_Invocation_VAR_REPLACE_BY_VAR": "false",
              "V13_VAR_Invocation_VAR_REPLACE_BY_INVOCATION": "false",
              "V14_VAR_INSTANCE_OF_CLASS": "false",
              "V15_VAR_LAST_THREE_SAME_TYPE_LOC": "false",
              "V16_IS_METHOD_PARAMETER_TYPE_VAR": "true",
              "V17_VAR_IS_ENUMERATION": "false",
              "V18_Has_Method_Similar_In_Name": "false",
              "V19_With_Special_Name": "false",
              "V1_IS_TYPE_COMPATIBLE_METHOD_CALL_PARAM_RETURN": "false",
              "V1_LOCAL_VAR_NOT_ASSIGNED": "false",
              "V1_LOCAL_VAR_NOT_USED": "false",
              "V2_HAS_VAR_SIM_NAME": "false",
              "V2_HAS_VAR_SIM_NAME_COMP_TYPE": "false",
              "V2_SIMILAR_OBJECT_TYPE_WITH_NORMAL_GUARD": "false",
              "V2_SIMILAR_OBJECT_TYPE_WITH_NULL_GUARD": "false",
              "V3_HAS_CONSTANT": "false",
              "V4B_USED_MULTIPLE_AS_PARAMETER": "false",
              "V4_Field_NOT_ASSIGNED": "false",
              "V4_Field_NOT_USED": "false",
              "V5_HAS_VAR_IN_TRANSFORMATION": "false",
              "V5_SIMILAR_PRIMITIVE_TYPE_WITH_NORMAL_GUARD": "false",
              "V5_SIMILAR_PRIMITIVE_TYPE_WITH_NULL_GUARD": "false",
              "V6_IS_METHOD_RETURN_TYPE_VAR": "true",
              "V7_OBJECT_USED_IN_ASSIGNMENT": "false",
              "V8_PRIMITIVE_USED_IN_ASSIGNMENT": "false",
              "V8_VAR_OBJECT": "false",
              "V8_VAR_PRIMITIVE": "true",
              "V9_VAR_TYPE_Similar_Literal": "true"
            },
            "type": {
              "V10_VAR_TYPE_Similar_VAR": "false",
              "V11_VAR_COMPATIBLE_TYPE_IN_CONDITION": "false",
              "V12_VAR_Invocation_VAR_REPLACE_BY_VAR": "false",
              "V13_VAR_Invocation_VAR_REPLACE_BY_INVOCATION": "false",
              "V14_VAR_INSTANCE_OF_CLASS": "false",
              "V15_VAR_LAST_THREE_SAME_TYPE_LOC": "false",
              "V16_IS_METHOD_PARAMETER_TYPE_VAR": "true",
              "V17_VAR_IS_ENUMERATION": "true",
              "V18_Has_Method_Similar_In_Name": "true",
              "V19_With_Special_Name": "false",
              "V1_IS_TYPE_COMPATIBLE_METHOD_CALL_PARAM_RETURN": "false",
              "V1_LOCAL_VAR_NOT_ASSIGNED": "false",
              "V1_LOCAL_VAR_NOT_USED": "false",
              "V2_HAS_VAR_SIM_NAME": "false",
              "V2_HAS_VAR_SIM_NAME_COMP_TYPE": "false",
              "V2_SIMILAR_OBJECT_TYPE_WITH_NORMAL_GUARD": "false",
              "V2_SIMILAR_OBJECT_TYPE_WITH_NULL_GUARD": "false",
              "V3_HAS_CONSTANT": "false",
              "V4B_USED_MULTIPLE_AS_PARAMETER": "false",
              "V4_Field_NOT_ASSIGNED": "true",
              "V4_Field_NOT_USED": "false",
              "V5_HAS_VAR_IN_TRANSFORMATION": "false",
              "V5_SIMILAR_PRIMITIVE_TYPE_WITH_NORMAL_GUARD": "false",
              "V5_SIMILAR_PRIMITIVE_TYPE_WITH_NULL_GUARD": "false",
              "V6_IS_METHOD_RETURN_TYPE_VAR": "true",
              "V7_OBJECT_USED_IN_ASSIGNMENT": "false",
              "V8_PRIMITIVE_USED_IN_ASSIGNMENT": "false",
              "V8_VAR_OBJECT": "true",
              "V8_VAR_PRIMITIVE": "false",
              "V9_VAR_TYPE_Similar_Literal": "false"
            }
          },
          "S10_METHOD_CALL_WITH_NULL_GUARD": "false",
          "S11_FAULTY_CLASS_EXCEPTION_TYPE": "false",
          "S12_METHOD_CALL_WITH_TRY_CATCH": "false",
          "S13_TYPE_OF_FAULTY_STATEMENT_AFTER_1": "Return",
          "S13_TYPE_OF_FAULTY_STATEMENT_AFTER_2": "",
          "S13_TYPE_OF_FAULTY_STATEMENT_AFTER_3": "",
          "S13_TYPE_OF_FAULTY_STATEMENT_BEFORE_1": "If",
          "S13_TYPE_OF_FAULTY_STATEMENT_BEFORE_2": "If",
          "S13_TYPE_OF_FAULTY_STATEMENT_BEFORE_3": "If",
          "S14_TYPE_OF_FAULTY_STATEMENT_PARENT": "Method",
          "S15_HAS_OBJECTIVE_METHOD_CALL": "false",
          "S16_HAS_Invocations_Prone_Exception": "false",
          "S18_In_Synchronized_Method": "false",
          "S1_LOCAL_VAR_NOT_ASSIGNED": "false",
          "S1_LOCAL_VAR_NOT_USED": "false",
          "S2_SIMILAR_OBJECT_TYPE_WITH_NORMAL_GUARD": "false",
          "S2_SIMILAR_OBJECT_TYPE_WITH_NULL_GUARD": "false",
          "S3_TYPE_OF_FAULTY_STATEMENT": "If",
          "S4_Field_NOT_ASSIGNED": "true",
          "S4_Field_NOT_USED": "false",
          "S5_SIMILAR_PRIMITIVE_TYPE_WITH_NORMAL_GUARD": "false",
          "S5_SIMILAR_PRIMITIVE_TYPE_WITH_NULL_GUARD": "false",
          "S6_METHOD_THROWS_EXCEPTION": "false",
          "S7_OBJECT_USED_IN_ASSIGNMENT": "false",
          "S8_PRIMITIVE_USED_IN_ASSIGNMENT": "false",
          "S9_METHOD_CALL_WITH_NORMAL_GUARD": "false",
          "ast_info": {
            "dst": "null",
            "dst_parent": "null",
            "dst_parent_type": "null",
            "dst_type": "null",
            "operator": "DEL",
            "src": "(type != com.google.javascript.jscomp.GlobalNamespace.Name.Type.FUNCTION) && (aliasingGets > 0)",
            "src_parent": "if ((type != com.google.javascript.jscomp.GlobalNamespace.Name.Type.FUNCTION) && (aliasingGets > 0)) {\n    return false;\n}",
            "src_parent_type": "If",
            "src_type": "BinaryOperator"
          }
        },
        {
          "CONSTANT": {
            "0": {
              "C1_SAME_TYPE_CONSTANT": "true",
              "C2_SAME_TYPE_CONSTANT_VAR": "false",
              "C2_SAME_TYPE_VAR": "true"
            }
          },
          "FEATURES_BINARYOPERATOR": {
            "0_props == null": {
              "O1_IS_BIT": "false",
              "O1_IS_COMPARE": "true",
              "O1_IS_LOGICAL": "false",
              "O1_IS_MATH": "false",
              "O1_IS_OTHERS": "false",
              "O1_IS_SHIFT": "false",
              "O2_LOGICAL_CONTAIN_NOT": "false",
              "O3_CONTAIN_01": "false",
              "O3_CONTAIN_NULL": "true",
              "O4_COMPARE_IN_CONDITION": "true",
              "O5_IS_MATH_ROOT": "false"
            },
            "10_(!canCollapseUnannotatedChildNames()) || (totalGets > 0)": {
              "O1_IS_BIT": "false",
              "O1_IS_COMPARE": "false",
              "O1_IS_LOGICAL": "true",
              "O1_IS_MATH": "false",
              "O1_IS_OTHERS": "false",
              "O1_IS_SHIFT": "false",
              "O2_LOGICAL_CONTAIN_NOT": "true",
              "O3_CONTAIN_01": "false",
              "O3_CONTAIN_NULL": "false",
              "O4_COMPARE_IN_CONDITION": "false",
              "O5_IS_MATH_ROOT": "false"
            },
            "11_(totalGets > 0)": {
              "O1_IS_BIT": "false",
              "O1_IS_COMPARE": "true",
              "O1_IS_LOGICAL": "false",
              "O1_IS_MATH": "false",
              "O1_IS_OTHERS": "false",
              "O1_IS_SHIFT": "false",
              "O2_LOGICAL_CONTAIN_NOT": "false",
              "O3_CONTAIN_01": "true",
              "O3_CONTAIN_NULL": "false",
              "O4_COMPARE_IN_CONDITION": "true",
              "O5_IS_MATH_ROOT": "false"
            },
            "12_props != null": {
              "O1_IS_BIT": "false",
              "O1_IS_COMPARE": "true",
              "O1_IS_LOGICAL": "false",
              "O1_IS_MATH": "false",
              "O1_IS_OTHERS": "false",
              "O1_IS_SHIFT": "false",
              "O2_LOGICAL_CONTAIN_NOT": "false",
              "O3_CONTAIN_01": "false",
              "O3_CONTAIN_NULL": "true",
              "O4_COMPARE_IN_CONDITION": "true",
              "O5_IS_MATH_ROOT": "false"
            },
            "13_(!inExterns) && (isClassOrEnum || (((parent == null) || parent.canCollapseUnannotatedChildNames()) && ((globalSets > 0) || (localSets > 0))))": {
              "O1_IS_BIT": "false",
              "O1_IS_COMPARE": "false",
              "O1_IS_LOGICAL": "true",
              "O1_IS_MATH": "false",
              "O1_IS_OTHERS": "false",
              "O1_IS_SHIFT": "false",
              "O2_LOGICAL_CONTAIN_NOT": "true",
              "O3_CONTAIN_01": "false",
              "O3_CONTAIN_NULL": "false",
              "O4_COMPARE_IN_CONDITION": "false",
              "O5_IS_MATH_ROOT": "false"
            },
            "14_(isClassOrEnum || (((parent == null) || parent.canCollapseUnannotatedChildNames()) && ((globalSets > 0) || (localSets > 0))))": {
              "O1_IS_BIT": "false",
              "O1_IS_COMPARE": "false",
              "O1_IS_LOGICAL": "true",
              "O1_IS_MATH": "false",
              "O1_IS_OTHERS": "false",
              "O1_IS_SHIFT": "false",
              "O2_LOGICAL_CONTAIN_NOT": "false",
              "O3_CONTAIN_01": "false",
              "O3_CONTAIN_NULL": "false",
              "O4_COMPARE_IN_CONDITION": "false",
              "O5_IS_MATH_ROOT": "false"
            },
            "15_(((parent == null) || parent.canCollapseUnannotatedChildNames()) && ((globalSets > 0) || (localSets > 0)))": {
              "O1_IS_BIT": "false",
              "O1_IS_COMPARE": "false",
              "O1_IS_LOGICAL": "true",
              "O1_IS_MATH": "false",
              "O1_IS_OTHERS": "false",
              "O1_IS_SHIFT": "false",
              "O2_LOGICAL_CONTAIN_NOT": "false",
              "O3_CONTAIN_01": "false",
              "O3_CONTAIN_NULL": "false",
              "O4_COMPARE_IN_CONDITION": "false",
              "O5_IS_MATH_ROOT": "false"
            },
            "16_((parent == null) || parent.canCollapseUnannotatedChildNames())": {
              "O1_IS_BIT": "false",
              "O1_IS_COMPARE": "false",
              "O1_IS_LOGICAL": "true",
              "O1_IS_MATH": "false",
              "O1_IS_OTHERS": "false",
              "O1_IS_SHIFT": "false",
              "O2_LOGICAL_CONTAIN_NOT": "false",
              "O3_CONTAIN_01": "false",
              "O3_CONTAIN_NULL": "false",
              "O4_COMPARE_IN_CONDITION": "false",
              "O5_IS_MATH_ROOT": "false"
            },
            "17_(parent == null)": {
              "O1_IS_BIT": "false",
              "O1_IS_COMPARE": "true",
              "O1_IS_LOGICAL": "false",
              "O1_IS_MATH": "false",
              "O1_IS_OTHERS": "false",
              "O1_IS_SHIFT": "false",
              "O2_LOGICAL_CONTAIN_NOT": "false",
              "O3_CONTAIN_01": "false",
              "O3_CONTAIN_NULL": "true",
              "O4_COMPARE_IN_CONDITION": "true",
              "O5_IS_MATH_ROOT": "false"
            },
            "18_((globalSets > 0) || (localSets > 0))": {
              "O1_IS_BIT": "false",
              "O1_IS_COMPARE": "false",
              "O1_IS_LOGICAL": "true",
              "O1_IS_MATH": "false",
              "O1_IS_OTHERS": "false",
              "O1_IS_SHIFT": "false",
              "O2_LOGICAL_CONTAIN_NOT": "false",
              "O3_CONTAIN_01": "false",
              "O3_CONTAIN_NULL": "false",
              "O4_COMPARE_IN_CONDITION": "false",
              "O5_IS_MATH_ROOT": "false"
            },
            "19_(globalSets > 0)": {
              "O1_IS_BIT": "false",
              "O1_IS_COMPARE": "true",
              "O1_IS_LOGICAL": "false",
              "O1_IS_MATH": "false",
              "O1_IS_OTHERS": "false",
              "O1_IS_SHIFT": "false",
              "O2_LOGICAL_CONTAIN_NOT": "false",
              "O3_CONTAIN_01": "true",
              "O3_CONTAIN_NULL": "false",
              "O4_COMPARE_IN_CONDITION": "true",
              "O5_IS_MATH_ROOT": "false"
            },
            "1_declaration == null": {
              "O1_IS_BIT": "false",
              "O1_IS_COMPARE": "true",
              "O1_IS_LOGICAL": "false",
              "O1_IS_MATH": "false",
              "O1_IS_OTHERS": "false",
              "O1_IS_SHIFT": "false",
              "O2_LOGICAL_CONTAIN_NOT": "false",
              "O3_CONTAIN_01": "false",
              "O3_CONTAIN_NULL": "true",
              "O4_COMPARE_IN_CONDITION": "true",
              "O5_IS_MATH_ROOT": "false"
            },
            "20_(localSets > 0)": {
              "O1_IS_BIT": "false",
              "O1_IS_COMPARE": "true",
              "O1_IS_LOGICAL": "false",
              "O1_IS_MATH": "false",
              "O1_IS_OTHERS": "false",
              "O1_IS_SHIFT": "false",
              "O2_LOGICAL_CONTAIN_NOT": "false",
              "O3_CONTAIN_01": "true",
              "O3_CONTAIN_NULL": "false",
              "O4_COMPARE_IN_CONDITION": "true",
              "O5_IS_MATH_ROOT": "false"
            },
            "21_((type == com.google.javascript.jscomp.GlobalNamespace.Name.Type.OTHER) || (globalSets != 1)) || (localSets != 0)": {
              "O1_IS_BIT": "false",
              "O1_IS_COMPARE": "false",
              "O1_IS_LOGICAL": "true",
              "O1_IS_MATH": "false",
              "O1_IS_OTHERS": "false",
              "O1_IS_SHIFT": "false",
              "O2_LOGICAL_CONTAIN_NOT": "false",
              "O3_CONTAIN_01": "false",
              "O3_CONTAIN_NULL": "false",
              "O4_COMPARE_IN_CONDITION": "false",
              "O5_IS_MATH_ROOT": "false"
            },
            "22_((type == com.google.javascript.jscomp.GlobalNamespace.Name.Type.OTHER) || (globalSets != 1))": {
              "O1_IS_BIT": "false",
              "O1_IS_COMPARE": "false",
              "O1_IS_LOGICAL": "true",
              "O1_IS_MATH": "false",
              "O1_IS_OTHERS": "false",
              "O1_IS_SHIFT": "false",
              "O2_LOGICAL_CONTAIN_NOT": "false",
              "O3_CONTAIN_01": "false",
              "O3_CONTAIN_NULL": "false",
              "O4_COMPARE_IN_CONDITION": "false",
              "O5_IS_MATH_ROOT": "false"
            },
            "23_(type == com.google.javascript.jscomp.GlobalNamespace.Name.Type.OTHER)": {
              "O1_IS_BIT": "false",
              "O1_IS_COMPARE": "true",
              "O1_IS_LOGICAL": "false",
              "O1_IS_MATH": "false",
              "O1_IS_OTHERS": "false",
              "O1_IS_SHIFT": "false",
              "O2_LOGICAL_CONTAIN_NOT": "false",
              "O3_CONTAIN_01": "false",
              "O3_CONTAIN_NULL": "false",
              "O4_COMPARE_IN_CONDITION": "true",
              "O5_IS_MATH_ROOT": "false"
            },
            "24_(globalSets != 1)": {
              "O1_IS_BIT": "false",
              "O1_IS_COMPARE": "true",
              "O1_IS_LOGICAL": "false",
              "O1_IS_MATH": "false",
              "O1_IS_OTHERS": "false",
              "O1_IS_SHIFT": "false",
              "O2_LOGICAL_CONTAIN_NOT": "false",
              "O3_CONTAIN_01": "true",
              "O3_CONTAIN_NULL": "false",
              "O4_COMPARE_IN_CONDITION": "true",
              "O5_IS_MATH_ROOT": "false"
            },
            "25_(localSets != 0)": {
              "O1_IS_BIT": "false",
              "O1_IS_COMPARE": "true",
              "O1_IS_LOGICAL": "false",
              "O1_IS_MATH": "false",
              "O1_IS_OTHERS": "false",
              "O1_IS_SHIFT": "false",
              "O2_LOGICAL_CONTAIN_NOT": "false",
              "O3_CONTAIN_01": "true",
              "O3_CONTAIN_NULL": "false",
              "O4_COMPARE_IN_CONDITION": "true",
              "O5_IS_MATH_ROOT": "false"
            },
            "26_declaration.getTwin() != null": {
              "O1_IS_BIT": "false",
              "O1_IS_COMPARE": "true",
              "O1_IS_LOGICAL": "false",
              "O1_IS_MATH": "false",
              "O1_IS_OTHERS": "false",
              "O1_IS_SHIFT": "false",
              "O2_LOGICAL_CONTAIN_NOT": "false",
              "O3_CONTAIN_01": "false",
              "O3_CONTAIN_NULL": "true",
              "O4_COMPARE_IN_CONDITION": "true",
              "O5_IS_MATH_ROOT": "false"
            },
            "27_(parent != null) && parent.shouldKeepKeys()": {
              "O1_IS_BIT": "false",
              "O1_IS_COMPARE": "false",
              "O1_IS_LOGICAL": "true",
              "O1_IS_MATH": "false",
              "O1_IS_OTHERS": "false",
              "O1_IS_SHIFT": "false",
              "O2_LOGICAL_CONTAIN_NOT": "false",
              "O3_CONTAIN_01": "false",
              "O3_CONTAIN_NULL": "false",
              "O4_COMPARE_IN_CONDITION": "false",
              "O5_IS_MATH_ROOT": "false"
            },
            "28_(parent != null)": {
              "O1_IS_BIT": "false",
              "O1_IS_COMPARE": "true",
              "O1_IS_LOGICAL": "false",
              "O1_IS_MATH": "false",
              "O1_IS_OTHERS": "false",
              "O1_IS_SHIFT": "false",
              "O2_LOGICAL_CONTAIN_NOT": "false",
              "O3_CONTAIN_01": "false",
              "O3_CONTAIN_NULL": "true",
              "O4_COMPARE_IN_CONDITION": "true",
              "O5_IS_MATH_ROOT": "false"
            },
            "29_(type != com.google.javascript.jscomp.GlobalNamespace.Name.Type.FUNCTION) && (aliasingGets > 0)": {
              "O1_IS_BIT": "false",
              "O1_IS_COMPARE": "false",
              "O1_IS_LOGICAL": "true",
              "O1_IS_MATH": "false",
              "O1_IS_OTHERS": "false",
              "O1_IS_SHIFT": "false",
              "O2_LOGICAL_CONTAIN_NOT": "false",
              "O3_CONTAIN_01": "false",
              "O3_CONTAIN_NULL": "false",
              "O4_COMPARE_IN_CONDITION": "false",
              "O5_IS_MATH_ROOT": "false"
            },
            "2_(ref == declaration) || ((refs != null) && refs.remove(ref))": {
              "O1_IS_BIT": "false",
              "O1_IS_COMPARE": "false",
              "O1_IS_LOGICAL": "true",
              "O1_IS_MATH": "false",
              "O1_IS_OTHERS": "false",
              "O1_IS_SHIFT": "false",
              "O2_LOGICAL_CONTAIN_NOT": "false",
              "O3_CONTAIN_01": "false",
              "O3_CONTAIN_NULL": "false",
              "O4_COMPARE_IN_CONDITION": "false",
              "O5_IS_MATH_ROOT": "false"
            },
            "30_(type != com.google.javascript.jscomp.GlobalNamespace.Name.Type.FUNCTION)": {
              "O1_IS_BIT": "false",
              "O1_IS_COMPARE": "true",
              "O1_IS_LOGICAL": "false",
              "O1_IS_MATH": "false",
              "O1_IS_OTHERS": "false",
              "O1_IS_SHIFT": "false",
              "O2_LOGICAL_CONTAIN_NOT": "false",
              "O3_CONTAIN_01": "false",
              "O3_CONTAIN_NULL": "false",
              "O4_COMPARE_IN_CONDITION": "true",
              "O5_IS_MATH_ROOT": "false"
            },
            "31_(aliasingGets > 0)": {
              "O1_IS_BIT": "false",
              "O1_IS_COMPARE": "true",
              "O1_IS_LOGICAL": "false",
              "O1_IS_MATH": "false",
              "O1_IS_OTHERS": "false",
              "O1_IS_SHIFT": "false",
              "O2_LOGICAL_CONTAIN_NOT": "false",
              "O3_CONTAIN_01": "true",
              "O3_CONTAIN_NULL": "false",
              "O4_COMPARE_IN_CONDITION": "true",
              "O5_IS_MATH_ROOT": "false"
            },
            "32_(parent == null) || parent.canCollapseUnannotatedChildNames()": {
              "O1_IS_BIT": "false",
              "O1_IS_COMPARE": "false",
              "O1_IS_LOGICAL": "true",
              "O1_IS_MATH": "false",
              "O1_IS_OTHERS": "false",
              "O1_IS_SHIFT": "false",
              "O2_LOGICAL_CONTAIN_NOT": "false",
              "O3_CONTAIN_01": "false",
              "O3_CONTAIN_NULL": "false",
              "O4_COMPARE_IN_CONDITION": "false",
              "O5_IS_MATH_ROOT": "false"
            },
            "33_(parent == null)": {
              "O1_IS_BIT": "false",
              "O1_IS_COMPARE": "true",
              "O1_IS_LOGICAL": "false",
              "O1_IS_MATH": "false",
              "O1_IS_OTHERS": "false",
              "O1_IS_SHIFT": "false",
              "O2_LOGICAL_CONTAIN_NOT": "false",
              "O3_CONTAIN_01": "false",
              "O3_CONTAIN_NULL": "true",
              "O4_COMPARE_IN_CONDITION": "true",
              "O5_IS_MATH_ROOT": "false"
            },
            "34_(type == com.google.javascript.jscomp.GlobalNamespace.Name.Type.OBJECTLIT) && (aliasingGets > 0)": {
              "O1_IS_BIT": "false",
              "O1_IS_COMPARE": "false",
              "O1_IS_LOGICAL": "true",
              "O1_IS_MATH": "false",
              "O1_IS_OTHERS": "false",
              "O1_IS_SHIFT": "false",
              "O2_LOGICAL_CONTAIN_NOT": "false",
              "O3_CONTAIN_01": "false",
              "O3_CONTAIN_NULL": "false",
              "O4_COMPARE_IN_CONDITION": "false",
              "O5_IS_MATH_ROOT": "false"
            },
            "35_(type == com.google.javascript.jscomp.GlobalNamespace.Name.Type.OBJECTLIT)": {
              "O1_IS_BIT": "false",
              "O1_IS_COMPARE": "true",
              "O1_IS_LOGICAL": "false",
              "O1_IS_MATH": "false",
              "O1_IS_OTHERS": "false",
              "O1_IS_SHIFT": "false",
              "O2_LOGICAL_CONTAIN_NOT": "false",
              "O3_CONTAIN_01": "false",
              "O3_CONTAIN_NULL": "false",
              "O4_COMPARE_IN_CONDITION": "true",
              "O5_IS_MATH_ROOT": "false"
            },
            "36_(aliasingGets > 0)": {
              "O1_IS_BIT": "false",
              "O1_IS_COMPARE": "true",
              "O1_IS_LOGICAL": "false",
              "O1_IS_MATH": "false",
              "O1_IS_OTHERS": "false",
              "O1_IS_SHIFT": "false",
              "O2_LOGICAL_CONTAIN_NOT": "false",
              "O3_CONTAIN_01": "true",
              "O3_CONTAIN_NULL": "false",
              "O4_COMPARE_IN_CONDITION": "true",
              "O5_IS_MATH_ROOT": "false"
            },
            "37_(globalSets == 0) && (localSets > 0)": {
              "O1_IS_BIT": "false",
              "O1_IS_COMPARE": "false",
              "O1_IS_LOGICAL": "true",
              "O1_IS_MATH": "false",
              "O1_IS_OTHERS": "false",
              "O1_IS_SHIFT": "false",
              "O2_LOGICAL_CONTAIN_NOT": "false",
              "O3_CONTAIN_01": "false",
              "O3_CONTAIN_NULL": "false",
              "O4_COMPARE_IN_CONDITION": "false",
              "O5_IS_MATH_ROOT": "false"
            },
            "38_(globalSets == 0)": {
              "O1_IS_BIT": "false",
              "O1_IS_COMPARE": "true",
              "O1_IS_LOGICAL": "false",
              "O1_IS_MATH": "false",
              "O1_IS_OTHERS": "false",
              "O1_IS_SHIFT": "false",
              "O2_LOGICAL_CONTAIN_NOT": "false",
              "O3_CONTAIN_01": "true",
              "O3_CONTAIN_NULL": "false",
              "O4_COMPARE_IN_CONDITION": "true",
              "O5_IS_MATH_ROOT": "false"
            },
            "39_(localSets > 0)": {
              "O1_IS_BIT": "false",
              "O1_IS_COMPARE": "true",
              "O1_IS_LOGICAL": "false",
              "O1_IS_MATH": "false",
              "O1_IS_OTHERS": "false",
              "O1_IS_SHIFT": "false",
              "O2_LOGICAL_CONTAIN_NOT": "false",
              "O3_CONTAIN_01": "true",
              "O3_CONTAIN_NULL": "false",
              "O4_COMPARE_IN_CONDITION": "true",
              "O5_IS_MATH_ROOT": "false"
            },
            "3_(ref == declaration)": {
              "O1_IS_BIT": "false",
              "O1_IS_COMPARE": "true",
              "O1_IS_LOGICAL": "false",
              "O1_IS_MATH": "false",
              "O1_IS_OTHERS": "false",
              "O1_IS_SHIFT": "false",
              "O2_LOGICAL_CONTAIN_NOT": "false",
              "O3_CONTAIN_01": "false",
              "O3_CONTAIN_NULL": "false",
              "O4_COMPARE_IN_CONDITION": "true",
              "O5_IS_MATH_ROOT": "false"
            },
            "40_ancestor != null": {
              "O1_IS_BIT": "false",
              "O1_IS_COMPARE": "true",
              "O1_IS_LOGICAL": "false",
              "O1_IS_MATH": "false",
              "O1_IS_OTHERS": "false",
              "O1_IS_SHIFT": "false",
              "O2_LOGICAL_CONTAIN_NOT": "false",
              "O3_CONTAIN_01": "false",
              "O3_CONTAIN_NULL": "true",
              "O4_COMPARE_IN_CONDITION": "true",
              "O5_IS_MATH_ROOT": "false"
            },
            "41_hasClassOrEnumDescendant && (type == com.google.javascript.jscomp.GlobalNamespace.Name.Type.OBJECTLIT)": {
              "O1_IS_BIT": "false",
              "O1_IS_COMPARE": "false",
              "O1_IS_LOGICAL": "true",
              "O1_IS_MATH": "false",
              "O1_IS_OTHERS": "false",
              "O1_IS_SHIFT": "false",
              "O2_LOGICAL_CONTAIN_NOT": "false",
              "O3_CONTAIN_01": "false",
              "O3_CONTAIN_NULL": "false",
              "O4_COMPARE_IN_CONDITION": "false",
              "O5_IS_MATH_ROOT": "false"
            },
            "42_(type == com.google.javascript.jscomp.GlobalNamespace.Name.Type.OBJECTLIT)": {
              "O1_IS_BIT": "false",
              "O1_IS_COMPARE": "true",
              "O1_IS_LOGICAL": "false",
              "O1_IS_MATH": "false",
              "O1_IS_OTHERS": "false",
              "O1_IS_SHIFT": "false",
              "O2_LOGICAL_CONTAIN_NOT": "false",
              "O3_CONTAIN_01": "false",
              "O3_CONTAIN_NULL": "false",
              "O4_COMPARE_IN_CONDITION": "true",
              "O5_IS_MATH_ROOT": "false"
            },
            "43_parent == null": {
              "O1_IS_BIT": "false",
              "O1_IS_COMPARE": "true",
              "O1_IS_LOGICAL": "false",
              "O1_IS_MATH": "false",
              "O1_IS_OTHERS": "false",
              "O1_IS_SHIFT": "false",
              "O2_LOGICAL_CONTAIN_NOT": "false",
              "O3_CONTAIN_01": "false",
              "O3_CONTAIN_NULL": "true",
              "O4_COMPARE_IN_CONDITION": "true",
              "O5_IS_MATH_ROOT": "false"
            },
            "44_(((((((((((fullName() + \" (\") + type) + \"): globalSets=\") + globalSets) + \", localSets=\") + localSets) + \", totalGets=\") + totalGets) + \", aliasingGets=\") + aliasingGets) + \", callGets=\") + callGets": {
              "O1_IS_BIT": "false",
              "O1_IS_COMPARE": "false",
              "O1_IS_LOGICAL": "false",
              "O1_IS_MATH": "true",
              "O1_IS_OTHERS": "false",
              "O1_IS_SHIFT": "false",
              "O2_LOGICAL_CONTAIN_NOT": "false",
              "O3_CONTAIN_01": "false",
              "O3_CONTAIN_NULL": "false",
              "O4_COMPARE_IN_CONDITION": "false",
              "O5_IS_MATH_ROOT": "true"
            },
            "45_(((((((((((fullName() + \" (\") + type) + \"): globalSets=\") + globalSets) + \", localSets=\") + localSets) + \", totalGets=\") + totalGets) + \", aliasingGets=\") + aliasingGets) + \", callGets=\")": {
              "O1_IS_BIT": "false",
              "O1_IS_COMPARE": "false",
              "O1_IS_LOGICAL": "false",
              "O1_IS_MATH": "true",
              "O1_IS_OTHERS": "false",
              "O1_IS_SHIFT": "false",
              "O2_LOGICAL_CONTAIN_NOT": "false",
              "O3_CONTAIN_01": "false",
              "O3_CONTAIN_NULL": "false",
              "O4_COMPARE_IN_CONDITION": "false",
              "O5_IS_MATH_ROOT": "false"
            },
            "46_((((((((((fullName() + \" (\") + type) + \"): globalSets=\") + globalSets) + \", localSets=\") + localSets) + \", totalGets=\") + totalGets) + \", aliasingGets=\") + aliasingGets)": {
              "O1_IS_BIT": "false",
              "O1_IS_COMPARE": "false",
              "O1_IS_LOGICAL": "false",
              "O1_IS_MATH": "true",
              "O1_IS_OTHERS": "false",
              "O1_IS_SHIFT": "false",
              "O2_LOGICAL_CONTAIN_NOT": "false",
              "O3_CONTAIN_01": "false",
              "O3_CONTAIN_NULL": "false",
              "O4_COMPARE_IN_CONDITION": "false",
              "O5_IS_MATH_ROOT": "false"
            },
            "47_(((((((((fullName() + \" (\") + type) + \"): globalSets=\") + globalSets) + \", localSets=\") + localSets) + \", totalGets=\") + totalGets) + \", aliasingGets=\")": {
              "O1_IS_BIT": "false",
              "O1_IS_COMPARE": "false",
              "O1_IS_LOGICAL": "false",
              "O1_IS_MATH": "true",
              "O1_IS_OTHERS": "false",
              "O1_IS_SHIFT": "false",
              "O2_LOGICAL_CONTAIN_NOT": "false",
              "O3_CONTAIN_01": "false",
              "O3_CONTAIN_NULL": "false",
              "O4_COMPARE_IN_CONDITION": "false",
              "O5_IS_MATH_ROOT": "false"
            },
            "48_((((((((fullName() + \" (\") + type) + \"): globalSets=\") + globalSets) + \", localSets=\") + localSets) + \", totalGets=\") + totalGets)": {
              "O1_IS_BIT": "false",
              "O1_IS_COMPARE": "false",
              "O1_IS_LOGICAL": "false",
              "O1_IS_MATH": "true",
              "O1_IS_OTHERS": "false",
              "O1_IS_SHIFT": "false",
              "O2_LOGICAL_CONTAIN_NOT": "false",
              "O3_CONTAIN_01": "false",
              "O3_CONTAIN_NULL": "false",
              "O4_COMPARE_IN_CONDITION": "false",
              "O5_IS_MATH_ROOT": "false"
            },
            "49_(((((((fullName() + \" (\") + type) + \"): globalSets=\") + globalSets) + \", localSets=\") + localSets) + \", totalGets=\")": {
              "O1_IS_BIT": "false",
              "O1_IS_COMPARE": "false",
              "O1_IS_LOGICAL": "false",
              "O1_IS_MATH": "true",
              "O1_IS_OTHERS": "false",
              "O1_IS_SHIFT": "false",
              "O2_LOGICAL_CONTAIN_NOT": "false",
              "O3_CONTAIN_01": "false",
              "O3_CONTAIN_NULL": "false",
              "O4_COMPARE_IN_CONDITION": "false",
              "O5_IS_MATH_ROOT": "false"
            },
            "4_((refs != null) && refs.remove(ref))": {
              "O1_IS_BIT": "false",
              "O1_IS_COMPARE": "false",
              "O1_IS_LOGICAL": "true",
              "O1_IS_MATH": "false",
              "O1_IS_OTHERS": "false",
              "O1_IS_SHIFT": "false",
              "O2_LOGICAL_CONTAIN_NOT": "false",
              "O3_CONTAIN_01": "false",
              "O3_CONTAIN_NULL": "false",
              "O4_COMPARE_IN_CONDITION": "false",
              "O5_IS_MATH_ROOT": "false"
            },
            "50_((((((fullName() + \" (\") + type) + \"): globalSets=\") + globalSets) + \", localSets=\") + localSets)": {
              "O1_IS_BIT": "false",
              "O1_IS_COMPARE": "false",
              "O1_IS_LOGICAL": "false",
              "O1_IS_MATH": "true",
              "O1_IS_OTHERS": "false",
              "O1_IS_SHIFT": "false",
              "O2_LOGICAL_CONTAIN_NOT": "false",
              "O3_CONTAIN_01": "false",
              "O3_CONTAIN_NULL": "false",
              "O4_COMPARE_IN_CONDITION": "false",
              "O5_IS_MATH_ROOT": "false"
            },
            "51_(((((fullName() + \" (\") + type) + \"): globalSets=\") + globalSets) + \", localSets=\")": {
              "O1_IS_BIT": "false",
              "O1_IS_COMPARE": "false",
              "O1_IS_LOGICAL": "false",
              "O1_IS_MATH": "true",
              "O1_IS_OTHERS": "false",
              "O1_IS_SHIFT": "false",
              "O2_LOGICAL_CONTAIN_NOT": "false",
              "O3_CONTAIN_01": "false",
              "O3_CONTAIN_NULL": "false",
              "O4_COMPARE_IN_CONDITION": "false",
              "O5_IS_MATH_ROOT": "false"
            },
            "52_((((fullName() + \" (\") + type) + \"): globalSets=\") + globalSets)": {
              "O1_IS_BIT": "false",
              "O1_IS_COMPARE": "false",
              "O1_IS_LOGICAL": "false",
              "O1_IS_MATH": "true",
              "O1_IS_OTHERS": "false",
              "O1_IS_SHIFT": "false",
              "O2_LOGICAL_CONTAIN_NOT": "false",
              "O3_CONTAIN_01": "false",
              "O3_CONTAIN_NULL": "false",
              "O4_COMPARE_IN_CONDITION": "false",
              "O5_IS_MATH_ROOT": "false"
            },
            "53_(((fullName() + \" (\") + type) + \"): globalSets=\")": {
              "O1_IS_BIT": "false",
              "O1_IS_COMPARE": "false",
              "O1_IS_LOGICAL": "false",
              "O1_IS_MATH": "true",
              "O1_IS_OTHERS": "false",
              "O1_IS_SHIFT": "false",
              "O2_LOGICAL_CONTAIN_NOT": "false",
              "O3_CONTAIN_01": "false",
              "O3_CONTAIN_NULL": "false",
              "O4_COMPARE_IN_CONDITION": "false",
              "O5_IS_MATH_ROOT": "false"
            },
            "54_((fullName() + \" (\") + type)": {
              "O1_IS_BIT": "false",
              "O1_IS_COMPARE": "false",
              "O1_IS_LOGICAL": "false",
              "O1_IS_MATH": "true",
              "O1_IS_OTHERS": "false",
              "O1_IS_SHIFT": "false",
              "O2_LOGICAL_CONTAIN_NOT": "false",
              "O3_CONTAIN_01": "false",
              "O3_CONTAIN_NULL": "false",
              "O4_COMPARE_IN_CONDITION": "false",
              "O5_IS_MATH_ROOT": "false"
            },
            "55_(fullName() + \" (\")": {
              "O1_IS_BIT": "false",
              "O1_IS_COMPARE": "false",
              "O1_IS_LOGICAL": "false",
              "O1_IS_MATH": "true",
              "O1_IS_OTHERS": "false",
              "O1_IS_SHIFT": "false",
              "O2_LOGICAL_CONTAIN_NOT": "false",
              "O3_CONTAIN_01": "false",
              "O3_CONTAIN_NULL": "false",
              "O4_COMPARE_IN_CONDITION": "false",
              "O5_IS_MATH_ROOT": "false"
            },
            "56_parent == null": {
              "O1_IS_BIT": "false",
              "O1_IS_COMPARE": "true",
              "O1_IS_LOGICAL": "false",
              "O1_IS_MATH": "false",
              "O1_IS_OTHERS": "false",
              "O1_IS_SHIFT": "false",
              "O2_LOGICAL_CONTAIN_NOT": "false",
              "O3_CONTAIN_01": "false",
              "O3_CONTAIN_NULL": "true",
              "O4_COMPARE_IN_CONDITION": "true",
              "O5_IS_MATH_ROOT": "false"
            },
            "57_(parent.fullName() + '.') + name": {
              "O1_IS_BIT": "false",
              "O1_IS_COMPARE": "false",
              "O1_IS_LOGICAL": "false",
              "O1_IS_MATH": "true",
              "O1_IS_OTHERS": "false",
              "O1_IS_SHIFT": "false",
              "O2_LOGICAL_CONTAIN_NOT": "false",
              "O3_CONTAIN_01": "false",
              "O3_CONTAIN_NULL": "false",
              "O4_COMPARE_IN_CONDITION": "false",
              "O5_IS_MATH_ROOT": "true"
            },
            "58_(parent.fullName() + '.')": {
              "O1_IS_BIT": "false",
              "O1_IS_COMPARE": "false",
              "O1_IS_LOGICAL": "false",
              "O1_IS_MATH": "true",
              "O1_IS_OTHERS": "false",
              "O1_IS_SHIFT": "false",
              "O2_LOGICAL_CONTAIN_NOT": "false",
              "O3_CONTAIN_01": "false",
              "O3_CONTAIN_NULL": "false",
              "O4_COMPARE_IN_CONDITION": "false",
              "O5_IS_MATH_ROOT": "false"
            },
            "59_ref.node != null": {
              "O1_IS_BIT": "false",
              "O1_IS_COMPARE": "true",
              "O1_IS_LOGICAL": "false",
              "O1_IS_MATH": "false",
              "O1_IS_OTHERS": "false",
              "O1_IS_SHIFT": "false",
              "O2_LOGICAL_CONTAIN_NOT": "false",
              "O3_CONTAIN_01": "false",
              "O3_CONTAIN_NULL": "true",
              "O4_COMPARE_IN_CONDITION": "true",
              "O5_IS_MATH_ROOT": "false"
            },
            "5_(refs != null)": {
              "O1_IS_BIT": "false",
              "O1_IS_COMPARE": "true",
              "O1_IS_LOGICAL": "false",
              "O1_IS_MATH": "false",
              "O1_IS_OTHERS": "false",
              "O1_IS_SHIFT": "false",
              "O2_LOGICAL_CONTAIN_NOT": "false",
              "O3_CONTAIN_01": "false",
              "O3_CONTAIN_NULL": "true",
              "O4_COMPARE_IN_CONDITION": "true",
              "O5_IS_MATH_ROOT": "false"
            },
            "60_ref.node == refParent.getFirstChild()": {
              "O1_IS_BIT": "false",
              "O1_IS_COMPARE": "true",
              "O1_IS_LOGICAL": "false",
              "O1_IS_MATH": "false",
              "O1_IS_OTHERS": "false",
              "O1_IS_SHIFT": "false",
              "O2_LOGICAL_CONTAIN_NOT": "false",
              "O3_CONTAIN_01": "false",
              "O3_CONTAIN_NULL": "false",
              "O4_COMPARE_IN_CONDITION": "true",
              "O5_IS_MATH_ROOT": "false"
            },
            "6_ref == declaration": {
              "O1_IS_BIT": "false",
              "O1_IS_COMPARE": "true",
              "O1_IS_LOGICAL": "false",
              "O1_IS_MATH": "false",
              "O1_IS_OTHERS": "false",
              "O1_IS_SHIFT": "false",
              "O2_LOGICAL_CONTAIN_NOT": "false",
              "O3_CONTAIN_01": "false",
              "O3_CONTAIN_NULL": "false",
              "O4_COMPARE_IN_CONDITION": "true",
              "O5_IS_MATH_ROOT": "false"
            },
            "7_refs != null": {
              "O1_IS_BIT": "false",
              "O1_IS_COMPARE": "true",
              "O1_IS_LOGICAL": "false",
              "O1_IS_MATH": "false",
              "O1_IS_OTHERS": "false",
              "O1_IS_SHIFT": "false",
              "O2_LOGICAL_CONTAIN_NOT": "false",
              "O3_CONTAIN_01": "false",
              "O3_CONTAIN_NULL": "true",
              "O4_COMPARE_IN_CONDITION": "true",
              "O5_IS_MATH_ROOT": "false"
            },
            "8_maybeNewDecl.type == com.google.javascript.jscomp.GlobalNamespace.Ref.Type.SET_FROM_GLOBAL": {
              "O1_IS_BIT": "false",
              "O1_IS_COMPARE": "true",
              "O1_IS_LOGICAL": "false",
              "O1_IS_MATH": "false",
              "O1_IS_OTHERS": "false",
              "O1_IS_SHIFT": "false",
              "O2_LOGICAL_CONTAIN_NOT": "false",
              "O3_CONTAIN_01": "false",
              "O3_CONTAIN_NULL": "false",
              "O4_COMPARE_IN_CONDITION": "true",
              "O5_IS_MATH_ROOT": "false"
            },
            "9_refs == null": {
              "O1_IS_BIT": "false",
              "O1_IS_COMPARE": "true",
              "O1_IS_LOGICAL": "false",
              "O1_IS_MATH": "false",
              "O1_IS_OTHERS": "false",
              "O1_IS_SHIFT": "false",
              "O2_LOGICAL_CONTAIN_NOT": "false",
              "O3_CONTAIN_01": "false",
              "O3_CONTAIN_NULL": "true",
              "O4_COMPARE_IN_CONDITION": "true",
              "O5_IS_MATH_ROOT": "false"
            }
          },
          "FEATURES_LOGICAL_EXPRESSION": {
            "logical_expression_0_(type != com.google.javascript.jscomp.GlobalNamespace.Name.Type.FUNCTION) && (aliasingGets > 0)": {
              "LE10_ATOMIC_EXPRESSION_COMPARISION_SAME_LEFT": "false",
              "LE10_ATOMIC_EXPRESSION_COMPARISION_SAME_RIGHT": "false",
              "LE10_ATOMIC_EXPRESSION_MULTIPLE_VAR_AS_BOOLEAN": "false",
              "LE10_ATOMIC_EXPRESSION_SAME_INVOCATION_TARGET": "false",
              "LE10_ATOMIC_EXPRESSION_USED_IN_INVOCATION_COMPARISION_VARIABLE": "false",
              "LE10_CONTAINS_ALL_INVOCATION_COMPARISION_VARIABLE": "false",
              "LE1_EXISTS_RELATED_BOOLEAN_EXPRESSION": "true",
              "LE2_IS_BOOLEAN_METHOD_PARAM_TYPE_VAR": "true",
              "LE3_IS_COMPATIBLE_VAR_NOT_INCLUDED": "true",
              "LE4_EXISTS_LOCAL_UNUSED_VARIABLES": "true",
              "LE5_COMPLEX_REFERENCE": "true",
              "LE6_HAS_NEGATION": "false",
              "LE7_SIMPLE_VAR_OR_METHOD_IN_LOGIC": "true",
              "LE8_SCOPE_VAR_USED_OTHER_BOOLEXPER": "true",
              "LE9_EQUAL_NOTEQUAL_NULL_CHECK": "false",
              "LE9_MIX_CHECK": "false",
              "LE9_NORMAL_CHECK": "true",
              "LE9_NULL_CHECK": "false"
            }
          },
          "FEATURES_METHOD_INVOCATION": {},
          "FEATURES_TYPEACCESS": {
            "com.google.javascript.jscomp.GlobalNamespace$Name": {
              "C3_TYPEACCESS_ACTUAL_VAR": "false",
              "C4_SIMILAR_TYPEACCESS_ACTUAL_VAR": "false"
            },
            "com.google.javascript.jscomp.GlobalNamespace$Name$Type": {
              "C3_TYPEACCESS_ACTUAL_VAR": "false",
              "C4_SIMILAR_TYPEACCESS_ACTUAL_VAR": "false"
            }
          },
          "FEATURES_VARS": {
            "FUNCTION": {
              "V10_VAR_TYPE_Similar_VAR": "true",
              "V11_VAR_COMPATIBLE_TYPE_IN_CONDITION": "false",
              "V12_VAR_Invocation_VAR_REPLACE_BY_VAR": "false",
              "V13_VAR_Invocation_VAR_REPLACE_BY_INVOCATION": "false",
              "V14_VAR_INSTANCE_OF_CLASS": "false",
              "V15_VAR_LAST_THREE_SAME_TYPE_LOC": "false",
              "V16_IS_METHOD_PARAMETER_TYPE_VAR": "true",
              "V17_VAR_IS_ENUMERATION": "true",
              "V18_Has_Method_Similar_In_Name": "false",
              "V19_With_Special_Name": "false",
              "V1_IS_TYPE_COMPATIBLE_METHOD_CALL_PARAM_RETURN": "false",
              "V1_LOCAL_VAR_NOT_ASSIGNED": "false",
              "V1_LOCAL_VAR_NOT_USED": "false",
              "V2_HAS_VAR_SIM_NAME": "false",
              "V2_HAS_VAR_SIM_NAME_COMP_TYPE": "false",
              "V2_SIMILAR_OBJECT_TYPE_WITH_NORMAL_GUARD": "false",
              "V2_SIMILAR_OBJECT_TYPE_WITH_NULL_GUARD": "false",
              "V3_HAS_CONSTANT": "true",
              "V4B_USED_MULTIPLE_AS_PARAMETER": "false",
              "V4_Field_NOT_ASSIGNED": "true",
              "V4_Field_NOT_USED": "false",
              "V5_HAS_VAR_IN_TRANSFORMATION": "false",
              "V5_SIMILAR_PRIMITIVE_TYPE_WITH_NORMAL_GUARD": "false",
              "V5_SIMILAR_PRIMITIVE_TYPE_WITH_NULL_GUARD": "false",
              "V6_IS_METHOD_RETURN_TYPE_VAR": "true",
              "V7_OBJECT_USED_IN_ASSIGNMENT": "false",
              "V8_PRIMITIVE_USED_IN_ASSIGNMENT": "false",
              "V8_VAR_OBJECT": "true",
              "V8_VAR_PRIMITIVE": "false",
              "V9_VAR_TYPE_Similar_Literal": "false"
            },
            "aliasingGets": {
              "V10_VAR_TYPE_Similar_VAR": "true",
              "V11_VAR_COMPATIBLE_TYPE_IN_CONDITION": "false",
              "V12_VAR_Invocation_VAR_REPLACE_BY_VAR": "false",
              "V13_VAR_Invocation_VAR_REPLACE_BY_INVOCATION": "false",
              "V14_VAR_INSTANCE_OF_CLASS": "false",
              "V15_VAR_LAST_THREE_SAME_TYPE_LOC": "false",
              "V16_IS_METHOD_PARAMETER_TYPE_VAR": "true",
              "V17_VAR_IS_ENUMERATION": "false",
              "V18_Has_Method_Similar_In_Name": "false",
              "V19_With_Special_Name": "false",
              "V1_IS_TYPE_COMPATIBLE_METHOD_CALL_PARAM_RETURN": "false",
              "V1_LOCAL_VAR_NOT_ASSIGNED": "false",
              "V1_LOCAL_VAR_NOT_USED": "false",
              "V2_HAS_VAR_SIM_NAME": "false",
              "V2_HAS_VAR_SIM_NAME_COMP_TYPE": "false",
              "V2_SIMILAR_OBJECT_TYPE_WITH_NORMAL_GUARD": "false",
              "V2_SIMILAR_OBJECT_TYPE_WITH_NULL_GUARD": "false",
              "V3_HAS_CONSTANT": "false",
              "V4B_USED_MULTIPLE_AS_PARAMETER": "false",
              "V4_Field_NOT_ASSIGNED": "false",
              "V4_Field_NOT_USED": "false",
              "V5_HAS_VAR_IN_TRANSFORMATION": "false",
              "V5_SIMILAR_PRIMITIVE_TYPE_WITH_NORMAL_GUARD": "false",
              "V5_SIMILAR_PRIMITIVE_TYPE_WITH_NULL_GUARD": "false",
              "V6_IS_METHOD_RETURN_TYPE_VAR": "true",
              "V7_OBJECT_USED_IN_ASSIGNMENT": "false",
              "V8_PRIMITIVE_USED_IN_ASSIGNMENT": "false",
              "V8_VAR_OBJECT": "false",
              "V8_VAR_PRIMITIVE": "true",
              "V9_VAR_TYPE_Similar_Literal": "true"
            },
            "type": {
              "V10_VAR_TYPE_Similar_VAR": "false",
              "V11_VAR_COMPATIBLE_TYPE_IN_CONDITION": "false",
              "V12_VAR_Invocation_VAR_REPLACE_BY_VAR": "false",
              "V13_VAR_Invocation_VAR_REPLACE_BY_INVOCATION": "false",
              "V14_VAR_INSTANCE_OF_CLASS": "false",
              "V15_VAR_LAST_THREE_SAME_TYPE_LOC": "false",
              "V16_IS_METHOD_PARAMETER_TYPE_VAR": "true",
              "V17_VAR_IS_ENUMERATION": "true",
              "V18_Has_Method_Similar_In_Name": "true",
              "V19_With_Special_Name": "false",
              "V1_IS_TYPE_COMPATIBLE_METHOD_CALL_PARAM_RETURN": "false",
              "V1_LOCAL_VAR_NOT_ASSIGNED": "false",
              "V1_LOCAL_VAR_NOT_USED": "false",
              "V2_HAS_VAR_SIM_NAME": "false",
              "V2_HAS_VAR_SIM_NAME_COMP_TYPE": "false",
              "V2_SIMILAR_OBJECT_TYPE_WITH_NORMAL_GUARD": "false",
              "V2_SIMILAR_OBJECT_TYPE_WITH_NULL_GUARD": "false",
              "V3_HAS_CONSTANT": "false",
              "V4B_USED_MULTIPLE_AS_PARAMETER": "false",
              "V4_Field_NOT_ASSIGNED": "true",
              "V4_Field_NOT_USED": "false",
              "V5_HAS_VAR_IN_TRANSFORMATION": "false",
              "V5_SIMILAR_PRIMITIVE_TYPE_WITH_NORMAL_GUARD": "false",
              "V5_SIMILAR_PRIMITIVE_TYPE_WITH_NULL_GUARD": "false",
              "V6_IS_METHOD_RETURN_TYPE_VAR": "true",
              "V7_OBJECT_USED_IN_ASSIGNMENT": "false",
              "V8_PRIMITIVE_USED_IN_ASSIGNMENT": "false",
              "V8_VAR_OBJECT": "true",
              "V8_VAR_PRIMITIVE": "false",
              "V9_VAR_TYPE_Similar_Literal": "false"
            }
          },
          "S10_METHOD_CALL_WITH_NULL_GUARD": "false",
          "S11_FAULTY_CLASS_EXCEPTION_TYPE": "false",
          "S12_METHOD_CALL_WITH_TRY_CATCH": "false",
          "S13_TYPE_OF_FAULTY_STATEMENT_AFTER_1": "Return",
          "S13_TYPE_OF_FAULTY_STATEMENT_AFTER_2": "",
          "S13_TYPE_OF_FAULTY_STATEMENT_AFTER_3": "",
          "S13_TYPE_OF_FAULTY_STATEMENT_BEFORE_1": "If",
          "S13_TYPE_OF_FAULTY_STATEMENT_BEFORE_2": "If",
          "S13_TYPE_OF_FAULTY_STATEMENT_BEFORE_3": "If",
          "S14_TYPE_OF_FAULTY_STATEMENT_PARENT": "Method",
          "S15_HAS_OBJECTIVE_METHOD_CALL": "false",
          "S16_HAS_Invocations_Prone_Exception": "false",
          "S18_In_Synchronized_Method": "false",
          "S1_LOCAL_VAR_NOT_ASSIGNED": "false",
          "S1_LOCAL_VAR_NOT_USED": "false",
          "S2_SIMILAR_OBJECT_TYPE_WITH_NORMAL_GUARD": "false",
          "S2_SIMILAR_OBJECT_TYPE_WITH_NULL_GUARD": "false",
          "S3_TYPE_OF_FAULTY_STATEMENT": "If",
          "S4_Field_NOT_ASSIGNED": "true",
          "S4_Field_NOT_USED": "false",
          "S5_SIMILAR_PRIMITIVE_TYPE_WITH_NORMAL_GUARD": "false",
          "S5_SIMILAR_PRIMITIVE_TYPE_WITH_NULL_GUARD": "false",
          "S6_METHOD_THROWS_EXCEPTION": "false",
          "S7_OBJECT_USED_IN_ASSIGNMENT": "false",
          "S8_PRIMITIVE_USED_IN_ASSIGNMENT": "false",
          "S9_METHOD_CALL_WITH_NORMAL_GUARD": "false",
          "ast_info": {
            "dst": "aliasingGets > 0",
            "dst_parent": "if (aliasingGets > 0) {\n    return false;\n}",
            "dst_parent_type": "If",
            "dst_type": "BinaryOperator",
            "operator": "MOV",
            "src": "(aliasingGets > 0)",
            "src_parent": "(type != com.google.javascript.jscomp.GlobalNamespace.Name.Type.FUNCTION) && (aliasingGets > 0)",
            "src_parent_type": "BinaryOperator",
            "src_type": "BinaryOperator"
          }
        },
        {
          "P4J_FORMER_ABST_V_AF": "0",
          "P4J_FORMER_ASSIGN_CONST_AF": "0",
          "P4J_FORMER_ASSIGN_LHS_AF": "0",
          "P4J_FORMER_ASSIGN_ZERO_AF": "0",
          "P4J_FORMER_CALLEE_AF": "0",
          "P4J_FORMER_CALL_ARGUMENT_AF": "0",
          "P4J_FORMER_CHANGED_AF": "0",
          "P4J_FORMER_DEREF_AF": "0",
          "P4J_FORMER_FUNC_ARGUMENT_VF": "0",
          "P4J_FORMER_GLOBAL_VARIABLE_VF": "0",
          "P4J_FORMER_INDEX_AF": "0",
          "P4J_FORMER_INSERT_CONTROL_RF": "0",
          "P4J_FORMER_INSERT_GUARD_RF": "0",
          "P4J_FORMER_INSERT_STMT_RF": "0",
          "P4J_FORMER_LOCAL_VARIABLE_VF": "0",
          "P4J_FORMER_MEMBER_ACCESS_AF": "0",
          "P4J_FORMER_MEMBER_VF": "0",
          "P4J_FORMER_MODIFIED_SIMILAR_VF": "0",
          "P4J_FORMER_MODIFIED_VF": "0",
          "P4J_FORMER_NONZERO_CONST_VF": "0",
          "P4J_FORMER_OP_ADD_AF": "0",
          "P4J_FORMER_OP_DIV_AF": "0",
          "P4J_FORMER_OP_EQ_AF": "0",
          "P4J_FORMER_OP_GE_AF": "0",
          "P4J_FORMER_OP_GT_AF": "0",
          "P4J_FORMER_OP_LE_AF": "0",
          "P4J_FORMER_OP_LT_AF": "0",
          "P4J_FORMER_OP_MOD_AF": "0",
          "P4J_FORMER_OP_MUL_AF": "0",
          "P4J_FORMER_OP_NE_AF": "0",
          "P4J_FORMER_OP_SUB_AF": "0",
          "P4J_FORMER_REMOVE_PARTIAL_IF": "0",
          "P4J_FORMER_REMOVE_STMT": "0",
          "P4J_FORMER_REMOVE_WHOLE_BLOCK": "0",
          "P4J_FORMER_REMOVE_WHOLE_IF": "0",
          "P4J_FORMER_REPLACE_COND_RF": "0",
          "P4J_FORMER_REPLACE_STMT_RF": "0",
          "P4J_FORMER_R_STMT_ASSIGN_AF": "0",
          "P4J_FORMER_R_STMT_CALL_AF": "0",
          "P4J_FORMER_R_STMT_COND_AF": "0",
          "P4J_FORMER_R_STMT_CONTROL_AF": "0",
          "P4J_FORMER_SIZE_LITERAL_VF": "0",
          "P4J_FORMER_STMT_ASSIGN_AF": "0",
          "P4J_FORMER_STMT_CALL_AF": "0",
          "P4J_FORMER_STMT_COND_AF": "0",
          "P4J_FORMER_STMT_CONTROL_AF": "0",
          "P4J_FORMER_STMT_LABEL_AF": "0",
          "P4J_FORMER_STMT_LOOP_AF": "0",
          "P4J_FORMER_STRING_LITERAL_VF": "0",
          "P4J_FORMER_UOP_DEC_AF": "0",
          "P4J_FORMER_UOP_INC_AF": "0",
          "P4J_FORMER_ZERO_CONST_VF": "0",
          "P4J_LATER_ABST_V_AF": "0",
          "P4J_LATER_ASSIGN_CONST_AF": "0",
          "P4J_LATER_ASSIGN_LHS_AF": "0",
          "P4J_LATER_ASSIGN_ZERO_AF": "0",
          "P4J_LATER_CALLEE_AF": "0",
          "P4J_LATER_CALL_ARGUMENT_AF": "0",
          "P4J_LATER_CHANGED_AF": "0",
          "P4J_LATER_DEREF_AF": "0",
          "P4J_LATER_FUNC_ARGUMENT_VF": "0",
          "P4J_LATER_GLOBAL_VARIABLE_VF": "0",
          "P4J_LATER_INDEX_AF": "0",
          "P4J_LATER_INSERT_CONTROL_RF": "0",
          "P4J_LATER_INSERT_GUARD_RF": "0",
          "P4J_LATER_INSERT_STMT_RF": "0",
          "P4J_LATER_LOCAL_VARIABLE_VF": "0",
          "P4J_LATER_MEMBER_ACCESS_AF": "0",
          "P4J_LATER_MEMBER_VF": "0",
          "P4J_LATER_MODIFIED_SIMILAR_VF": "0",
          "P4J_LATER_MODIFIED_VF": "0",
          "P4J_LATER_NONZERO_CONST_VF": "0",
          "P4J_LATER_OP_ADD_AF": "0",
          "P4J_LATER_OP_DIV_AF": "0",
          "P4J_LATER_OP_EQ_AF": "0",
          "P4J_LATER_OP_GE_AF": "0",
          "P4J_LATER_OP_GT_AF": "0",
          "P4J_LATER_OP_LE_AF": "0",
          "P4J_LATER_OP_LT_AF": "0",
          "P4J_LATER_OP_MOD_AF": "0",
          "P4J_LATER_OP_MUL_AF": "0",
          "P4J_LATER_OP_NE_AF": "0",
          "P4J_LATER_OP_SUB_AF": "0",
          "P4J_LATER_REMOVE_PARTIAL_IF": "0",
          "P4J_LATER_REMOVE_STMT": "0",
          "P4J_LATER_REMOVE_WHOLE_BLOCK": "0",
          "P4J_LATER_REMOVE_WHOLE_IF": "0",
          "P4J_LATER_REPLACE_COND_RF": "0",
          "P4J_LATER_REPLACE_STMT_RF": "0",
          "P4J_LATER_R_STMT_ASSIGN_AF": "0",
          "P4J_LATER_R_STMT_CALL_AF": "0",
          "P4J_LATER_R_STMT_COND_AF": "0",
          "P4J_LATER_R_STMT_CONTROL_AF": "0",
          "P4J_LATER_SIZE_LITERAL_VF": "0",
          "P4J_LATER_STMT_ASSIGN_AF": "0",
          "P4J_LATER_STMT_CALL_AF": "0",
          "P4J_LATER_STMT_COND_AF": "0",
          "P4J_LATER_STMT_CONTROL_AF": "0",
          "P4J_LATER_STMT_LABEL_AF": "0",
          "P4J_LATER_STMT_LOOP_AF": "0",
          "P4J_LATER_STRING_LITERAL_VF": "0",
          "P4J_LATER_UOP_DEC_AF": "0",
          "P4J_LATER_UOP_INC_AF": "0",
          "P4J_LATER_ZERO_CONST_VF": "0",
          "P4J_SRC_ABST_V_AF": "0",
          "P4J_SRC_ASSIGN_CONST_AF": "0",
          "P4J_SRC_ASSIGN_LHS_AF": "0",
          "P4J_SRC_ASSIGN_ZERO_AF": "0",
          "P4J_SRC_CALLEE_AF": "0",
          "P4J_SRC_CALL_ARGUMENT_AF": "0",
          "P4J_SRC_CHANGED_AF": "0",
          "P4J_SRC_DEREF_AF": "0",
          "P4J_SRC_FUNC_ARGUMENT_VF": "0",
          "P4J_SRC_GLOBAL_VARIABLE_VF": "0",
          "P4J_SRC_INDEX_AF": "0",
          "P4J_SRC_INSERT_CONTROL_RF": "0",
          "P4J_SRC_INSERT_GUARD_RF": "0",
          "P4J_SRC_INSERT_STMT_RF": "0",
          "P4J_SRC_LOCAL_VARIABLE_VF": "0",
          "P4J_SRC_MEMBER_ACCESS_AF": "1",
          "P4J_SRC_MEMBER_VF": "0",
          "P4J_SRC_MODIFIED_SIMILAR_VF": "1",
          "P4J_SRC_MODIFIED_VF": "0",
          "P4J_SRC_NONZERO_CONST_VF": "0",
          "P4J_SRC_OP_ADD_AF": "0",
          "P4J_SRC_OP_DIV_AF": "0",
          "P4J_SRC_OP_EQ_AF": "0",
          "P4J_SRC_OP_GE_AF": "0",
          "P4J_SRC_OP_GT_AF": "1",
          "P4J_SRC_OP_LE_AF": "0",
          "P4J_SRC_OP_LT_AF": "0",
          "P4J_SRC_OP_MOD_AF": "0",
          "P4J_SRC_OP_MUL_AF": "0",
          "P4J_SRC_OP_NE_AF": "0",
          "P4J_SRC_OP_SUB_AF": "0",
          "P4J_SRC_REMOVE_PARTIAL_IF": "0",
          "P4J_SRC_REMOVE_STMT": "0",
          "P4J_SRC_REMOVE_WHOLE_BLOCK": "0",
          "P4J_SRC_REMOVE_WHOLE_IF": "0",
          "P4J_SRC_REPLACE_COND_RF": "1",
          "P4J_SRC_REPLACE_STMT_RF": "0",
          "P4J_SRC_R_STMT_ASSIGN_AF": "0",
          "P4J_SRC_R_STMT_CALL_AF": "0",
          "P4J_SRC_R_STMT_COND_AF": "0",
          "P4J_SRC_R_STMT_CONTROL_AF": "0",
          "P4J_SRC_SIZE_LITERAL_VF": "0",
          "P4J_SRC_STMT_ASSIGN_AF": "0",
          "P4J_SRC_STMT_CALL_AF": "0",
          "P4J_SRC_STMT_COND_AF": "0",
          "P4J_SRC_STMT_CONTROL_AF": "0",
          "P4J_SRC_STMT_LABEL_AF": "0",
          "P4J_SRC_STMT_LOOP_AF": "0",
          "P4J_SRC_STRING_LITERAL_VF": "0",
          "P4J_SRC_UOP_DEC_AF": "0",
          "P4J_SRC_UOP_INC_AF": "0",
          "P4J_SRC_ZERO_CONST_VF": "1"
        },
        {
          "repairPatterns": {
            "codeMove": 0,
            "condBlockExcAdd": 0,
            "condBlockOthersAdd": 0,
            "condBlockRem": 0,
            "condBlockRetAdd": 0,
            "constChange": 0,
            "copyPaste": 0,
            "expArithMod": 0,
            "expLogicExpand": 0,
            "expLogicMod": 0,
            "expLogicReduce": 0,
            "missNullCheckN": 0,
            "missNullCheckP": 0,
            "notClassified": 0,
            "singleLine": 1,
            "unwrapIfElse": 0,
            "unwrapMethod": 0,
            "unwrapTryCatch": 0,
            "wrapsElse": 0,
            "wrapsIf": 0,
            "wrapsIfElse": 0,
            "wrapsLoop": 0,
            "wrapsMethod": 0,
            "wrapsTryCatch": 0,
            "wrongMethodRef": 0,
            "wrongVarRef": 0
          }
        },
        {
          "UpdateLiteral": 0,
          "addLineNo": 1,
          "addThis": 0,
          "condLogicReduce": 1,
          "dupArgsInvocation": 0,
          "ifTrue": 0,
          "insertBooleanLiteral": 0,
          "insertIfFalse": 0,
          "insertNewConstLiteral": 0,
          "patchedFileNo": 1,
          "removeNullinCond": 0,
          "rmLineNo": 1,
          "updIfFalse": 0
        }
      ],
      "file_name": "Developer"
    }
  ],
  "id": "patch1#2-Closure-89"
}