{
  "files": [
    {
      "features": [
        {
          "CONSTANT": {
            "0": {
              "C1_SAME_TYPE_CONSTANT": "true",
              "C2_SAME_TYPE_CONSTANT_VAR": "true",
              "C2_SAME_TYPE_VAR": "true"
            }
          },
          "FEATURES_BINARYOPERATOR": {
            "0_zone == null": {
              "O1_IS_BIT": "false",
              "O1_IS_COMPARE": "true",
              "O1_IS_LOGICAL": "false",
              "O1_IS_MATH": "false",
              "O1_IS_OTHERS": "false",
              "O1_IS_SHIFT": "false",
              "O2_LOGICAL_CONTAIN_NOT": "false",
              "O3_CONTAIN_01": "false",
              "O3_CONTAIN_NULL": "true",
              "O4_COMPARE_IN_CONDITION": "true",
              "O5_IS_MATH_ROOT": "false"
            },
            "100_instantLocal - offset": {
              "O1_IS_BIT": "false",
              "O1_IS_COMPARE": "false",
              "O1_IS_LOGICAL": "false",
              "O1_IS_MATH": "true",
              "O1_IS_OTHERS": "false",
              "O1_IS_SHIFT": "false",
              "O2_LOGICAL_CONTAIN_NOT": "false",
              "O3_CONTAIN_01": "false",
              "O3_CONTAIN_NULL": "false",
              "O4_COMPARE_IN_CONDITION": "false",
              "O5_IS_MATH_ROOT": "true"
            },
            "101_((instantLocal ^ instantUTC) < 0) && ((instantLocal ^ offset) < 0)": {
              "O1_IS_BIT": "false",
              "O1_IS_COMPARE": "false",
              "O1_IS_LOGICAL": "true",
              "O1_IS_MATH": "false",
              "O1_IS_OTHERS": "false",
              "O1_IS_SHIFT": "false",
              "O2_LOGICAL_CONTAIN_NOT": "false",
              "O3_CONTAIN_01": "false",
              "O3_CONTAIN_NULL": "false",
              "O4_COMPARE_IN_CONDITION": "false",
              "O5_IS_MATH_ROOT": "false"
            },
            "102_((instantLocal ^ instantUTC) < 0)": {
              "O1_IS_BIT": "false",
              "O1_IS_COMPARE": "true",
              "O1_IS_LOGICAL": "false",
              "O1_IS_MATH": "false",
              "O1_IS_OTHERS": "false",
              "O1_IS_SHIFT": "false",
              "O2_LOGICAL_CONTAIN_NOT": "false",
              "O3_CONTAIN_01": "true",
              "O3_CONTAIN_NULL": "false",
              "O4_COMPARE_IN_CONDITION": "true",
              "O5_IS_MATH_ROOT": "false"
            },
            "103_(instantLocal ^ instantUTC)": {
              "O1_IS_BIT": "true",
              "O1_IS_COMPARE": "false",
              "O1_IS_LOGICAL": "false",
              "O1_IS_MATH": "false",
              "O1_IS_OTHERS": "false",
              "O1_IS_SHIFT": "false",
              "O2_LOGICAL_CONTAIN_NOT": "false",
              "O3_CONTAIN_01": "false",
              "O3_CONTAIN_NULL": "false",
              "O4_COMPARE_IN_CONDITION": "false",
              "O5_IS_MATH_ROOT": "false"
            },
            "104_((instantLocal ^ offset) < 0)": {
              "O1_IS_BIT": "false",
              "O1_IS_COMPARE": "true",
              "O1_IS_LOGICAL": "false",
              "O1_IS_MATH": "false",
              "O1_IS_OTHERS": "false",
              "O1_IS_SHIFT": "false",
              "O2_LOGICAL_CONTAIN_NOT": "false",
              "O3_CONTAIN_01": "true",
              "O3_CONTAIN_NULL": "false",
              "O4_COMPARE_IN_CONDITION": "true",
              "O5_IS_MATH_ROOT": "false"
            },
            "105_(instantLocal ^ offset)": {
              "O1_IS_BIT": "true",
              "O1_IS_COMPARE": "false",
              "O1_IS_LOGICAL": "false",
              "O1_IS_MATH": "false",
              "O1_IS_OTHERS": "false",
              "O1_IS_SHIFT": "false",
              "O2_LOGICAL_CONTAIN_NOT": "false",
              "O3_CONTAIN_01": "false",
              "O3_CONTAIN_NULL": "false",
              "O4_COMPARE_IN_CONDITION": "false",
              "O5_IS_MATH_ROOT": "false"
            },
            "106_newZone == null": {
              "O1_IS_BIT": "false",
              "O1_IS_COMPARE": "true",
              "O1_IS_LOGICAL": "false",
              "O1_IS_MATH": "false",
              "O1_IS_OTHERS": "false",
              "O1_IS_SHIFT": "false",
              "O2_LOGICAL_CONTAIN_NOT": "false",
              "O3_CONTAIN_01": "false",
              "O3_CONTAIN_NULL": "true",
              "O4_COMPARE_IN_CONDITION": "true",
              "O5_IS_MATH_ROOT": "false"
            },
            "107_newZone == this": {
              "O1_IS_BIT": "false",
              "O1_IS_COMPARE": "true",
              "O1_IS_LOGICAL": "false",
              "O1_IS_MATH": "false",
              "O1_IS_OTHERS": "false",
              "O1_IS_SHIFT": "false",
              "O2_LOGICAL_CONTAIN_NOT": "false",
              "O3_CONTAIN_01": "false",
              "O3_CONTAIN_NULL": "false",
              "O4_COMPARE_IN_CONDITION": "true",
              "O5_IS_MATH_ROOT": "false"
            },
            "108_instant - (3 * DateTimeConstants.MILLIS_PER_HOUR)": {
              "O1_IS_BIT": "false",
              "O1_IS_COMPARE": "false",
              "O1_IS_LOGICAL": "false",
              "O1_IS_MATH": "true",
              "O1_IS_OTHERS": "false",
              "O1_IS_SHIFT": "false",
              "O2_LOGICAL_CONTAIN_NOT": "false",
              "O3_CONTAIN_01": "false",
              "O3_CONTAIN_NULL": "false",
              "O4_COMPARE_IN_CONDITION": "false",
              "O5_IS_MATH_ROOT": "true"
            },
            "109_(3 * DateTimeConstants.MILLIS_PER_HOUR)": {
              "O1_IS_BIT": "false",
              "O1_IS_COMPARE": "false",
              "O1_IS_LOGICAL": "false",
              "O1_IS_MATH": "true",
              "O1_IS_OTHERS": "false",
              "O1_IS_SHIFT": "false",
              "O2_LOGICAL_CONTAIN_NOT": "false",
              "O3_CONTAIN_01": "false",
              "O3_CONTAIN_NULL": "false",
              "O4_COMPARE_IN_CONDITION": "false",
              "O5_IS_MATH_ROOT": "false"
            },
            "10_offset == 0L": {
              "O1_IS_BIT": "false",
              "O1_IS_COMPARE": "true",
              "O1_IS_LOGICAL": "false",
              "O1_IS_MATH": "false",
              "O1_IS_OTHERS": "false",
              "O1_IS_SHIFT": "false",
              "O2_LOGICAL_CONTAIN_NOT": "false",
              "O3_CONTAIN_01": "false",
              "O3_CONTAIN_NULL": "false",
              "O4_COMPARE_IN_CONDITION": "true",
              "O5_IS_MATH_ROOT": "false"
            },
            "110_instant + (3 * DateTimeConstants.MILLIS_PER_HOUR)": {
              "O1_IS_BIT": "false",
              "O1_IS_COMPARE": "false",
              "O1_IS_LOGICAL": "false",
              "O1_IS_MATH": "true",
              "O1_IS_OTHERS": "false",
              "O1_IS_SHIFT": "false",
              "O2_LOGICAL_CONTAIN_NOT": "false",
              "O3_CONTAIN_01": "false",
              "O3_CONTAIN_NULL": "false",
              "O4_COMPARE_IN_CONDITION": "false",
              "O5_IS_MATH_ROOT": "true"
            },
            "111_(3 * DateTimeConstants.MILLIS_PER_HOUR)": {
              "O1_IS_BIT": "false",
              "O1_IS_COMPARE": "false",
              "O1_IS_LOGICAL": "false",
              "O1_IS_MATH": "true",
              "O1_IS_OTHERS": "false",
              "O1_IS_SHIFT": "false",
              "O2_LOGICAL_CONTAIN_NOT": "false",
              "O3_CONTAIN_01": "false",
              "O3_CONTAIN_NULL": "false",
              "O4_COMPARE_IN_CONDITION": "false",
              "O5_IS_MATH_ROOT": "false"
            },
            "112_before == after": {
              "O1_IS_BIT": "false",
              "O1_IS_COMPARE": "true",
              "O1_IS_LOGICAL": "false",
              "O1_IS_MATH": "false",
              "O1_IS_OTHERS": "false",
              "O1_IS_SHIFT": "false",
              "O2_LOGICAL_CONTAIN_NOT": "false",
              "O3_CONTAIN_01": "false",
              "O3_CONTAIN_NULL": "false",
              "O4_COMPARE_IN_CONDITION": "true",
              "O5_IS_MATH_ROOT": "false"
            },
            "113_57 + getID().hashCode()": {
              "O1_IS_BIT": "false",
              "O1_IS_COMPARE": "false",
              "O1_IS_LOGICAL": "false",
              "O1_IS_MATH": "true",
              "O1_IS_OTHERS": "false",
              "O1_IS_SHIFT": "false",
              "O2_LOGICAL_CONTAIN_NOT": "false",
              "O3_CONTAIN_01": "false",
              "O3_CONTAIN_NULL": "false",
              "O4_COMPARE_IN_CONDITION": "false",
              "O5_IS_MATH_ROOT": "true"
            },
            "11_(\"The datetime zone id '\" + id) + \"' is not recognised\"": {
              "O1_IS_BIT": "false",
              "O1_IS_COMPARE": "false",
              "O1_IS_LOGICAL": "false",
              "O1_IS_MATH": "true",
              "O1_IS_OTHERS": "false",
              "O1_IS_SHIFT": "false",
              "O2_LOGICAL_CONTAIN_NOT": "false",
              "O3_CONTAIN_01": "false",
              "O3_CONTAIN_NULL": "false",
              "O4_COMPARE_IN_CONDITION": "false",
              "O5_IS_MATH_ROOT": "true"
            },
            "12_(\"The datetime zone id '\" + id)": {
              "O1_IS_BIT": "false",
              "O1_IS_COMPARE": "false",
              "O1_IS_LOGICAL": "false",
              "O1_IS_MATH": "true",
              "O1_IS_OTHERS": "false",
              "O1_IS_SHIFT": "false",
              "O2_LOGICAL_CONTAIN_NOT": "false",
              "O3_CONTAIN_01": "false",
              "O3_CONTAIN_NULL": "false",
              "O4_COMPARE_IN_CONDITION": "false",
              "O5_IS_MATH_ROOT": "false"
            },
            "13_(hoursOffset == 0) && (minutesOffset == 0)": {
              "O1_IS_BIT": "false",
              "O1_IS_COMPARE": "false",
              "O1_IS_LOGICAL": "true",
              "O1_IS_MATH": "false",
              "O1_IS_OTHERS": "false",
              "O1_IS_SHIFT": "false",
              "O2_LOGICAL_CONTAIN_NOT": "false",
              "O3_CONTAIN_01": "false",
              "O3_CONTAIN_NULL": "false",
              "O4_COMPARE_IN_CONDITION": "false",
              "O5_IS_MATH_ROOT": "false"
            },
            "14_(hoursOffset == 0)": {
              "O1_IS_BIT": "false",
              "O1_IS_COMPARE": "true",
              "O1_IS_LOGICAL": "false",
              "O1_IS_MATH": "false",
              "O1_IS_OTHERS": "false",
              "O1_IS_SHIFT": "false",
              "O2_LOGICAL_CONTAIN_NOT": "false",
              "O3_CONTAIN_01": "true",
              "O3_CONTAIN_NULL": "false",
              "O4_COMPARE_IN_CONDITION": "true",
              "O5_IS_MATH_ROOT": "false"
            },
            "15_(minutesOffset == 0)": {
              "O1_IS_BIT": "false",
              "O1_IS_COMPARE": "true",
              "O1_IS_LOGICAL": "false",
              "O1_IS_MATH": "false",
              "O1_IS_OTHERS": "false",
              "O1_IS_SHIFT": "false",
              "O2_LOGICAL_CONTAIN_NOT": "false",
              "O3_CONTAIN_01": "true",
              "O3_CONTAIN_NULL": "false",
              "O4_COMPARE_IN_CONDITION": "true",
              "O5_IS_MATH_ROOT": "false"
            },
            "16_(minutesOffset < 0) || (minutesOffset > 59)": {
              "O1_IS_BIT": "false",
              "O1_IS_COMPARE": "false",
              "O1_IS_LOGICAL": "true",
              "O1_IS_MATH": "false",
              "O1_IS_OTHERS": "false",
              "O1_IS_SHIFT": "false",
              "O2_LOGICAL_CONTAIN_NOT": "false",
              "O3_CONTAIN_01": "false",
              "O3_CONTAIN_NULL": "false",
              "O4_COMPARE_IN_CONDITION": "false",
              "O5_IS_MATH_ROOT": "false"
            },
            "17_(minutesOffset < 0)": {
              "O1_IS_BIT": "false",
              "O1_IS_COMPARE": "true",
              "O1_IS_LOGICAL": "false",
              "O1_IS_MATH": "false",
              "O1_IS_OTHERS": "false",
              "O1_IS_SHIFT": "false",
              "O2_LOGICAL_CONTAIN_NOT": "false",
              "O3_CONTAIN_01": "true",
              "O3_CONTAIN_NULL": "false",
              "O4_COMPARE_IN_CONDITION": "true",
              "O5_IS_MATH_ROOT": "false"
            },
            "18_(minutesOffset > 59)": {
              "O1_IS_BIT": "false",
              "O1_IS_COMPARE": "true",
              "O1_IS_LOGICAL": "false",
              "O1_IS_MATH": "false",
              "O1_IS_OTHERS": "false",
              "O1_IS_SHIFT": "false",
              "O2_LOGICAL_CONTAIN_NOT": "false",
              "O3_CONTAIN_01": "false",
              "O3_CONTAIN_NULL": "false",
              "O4_COMPARE_IN_CONDITION": "true",
              "O5_IS_MATH_ROOT": "false"
            },
            "19_\"Minutes out of range: \" + minutesOffset": {
              "O1_IS_BIT": "false",
              "O1_IS_COMPARE": "false",
              "O1_IS_LOGICAL": "false",
              "O1_IS_MATH": "true",
              "O1_IS_OTHERS": "false",
              "O1_IS_SHIFT": "false",
              "O2_LOGICAL_CONTAIN_NOT": "false",
              "O3_CONTAIN_01": "false",
              "O3_CONTAIN_NULL": "false",
              "O4_COMPARE_IN_CONDITION": "false",
              "O5_IS_MATH_ROOT": "true"
            },
            "1_zone == null": {
              "O1_IS_BIT": "false",
              "O1_IS_COMPARE": "true",
              "O1_IS_LOGICAL": "false",
              "O1_IS_MATH": "false",
              "O1_IS_OTHERS": "false",
              "O1_IS_SHIFT": "false",
              "O2_LOGICAL_CONTAIN_NOT": "false",
              "O3_CONTAIN_01": "false",
              "O3_CONTAIN_NULL": "true",
              "O4_COMPARE_IN_CONDITION": "true",
              "O5_IS_MATH_ROOT": "false"
            },
            "20_hoursInMinutes < 0": {
              "O1_IS_BIT": "false",
              "O1_IS_COMPARE": "true",
              "O1_IS_LOGICAL": "false",
              "O1_IS_MATH": "false",
              "O1_IS_OTHERS": "false",
              "O1_IS_SHIFT": "false",
              "O2_LOGICAL_CONTAIN_NOT": "false",
              "O3_CONTAIN_01": "true",
              "O3_CONTAIN_NULL": "false",
              "O4_COMPARE_IN_CONDITION": "true",
              "O5_IS_MATH_ROOT": "false"
            },
            "21_zone == null": {
              "O1_IS_BIT": "false",
              "O1_IS_COMPARE": "true",
              "O1_IS_LOGICAL": "false",
              "O1_IS_MATH": "false",
              "O1_IS_OTHERS": "false",
              "O1_IS_SHIFT": "false",
              "O2_LOGICAL_CONTAIN_NOT": "false",
              "O3_CONTAIN_01": "false",
              "O3_CONTAIN_NULL": "true",
              "O4_COMPARE_IN_CONDITION": "true",
              "O5_IS_MATH_ROOT": "false"
            },
            "22_convId != null": {
              "O1_IS_BIT": "false",
              "O1_IS_COMPARE": "true",
              "O1_IS_LOGICAL": "false",
              "O1_IS_MATH": "false",
              "O1_IS_OTHERS": "false",
              "O1_IS_SHIFT": "false",
              "O2_LOGICAL_CONTAIN_NOT": "false",
              "O3_CONTAIN_01": "false",
              "O3_CONTAIN_NULL": "true",
              "O4_COMPARE_IN_CONDITION": "true",
              "O5_IS_MATH_ROOT": "false"
            },
            "23_dtz == null": {
              "O1_IS_BIT": "false",
              "O1_IS_COMPARE": "true",
              "O1_IS_LOGICAL": "false",
              "O1_IS_MATH": "false",
              "O1_IS_OTHERS": "false",
              "O1_IS_SHIFT": "false",
              "O2_LOGICAL_CONTAIN_NOT": "false",
              "O3_CONTAIN_01": "false",
              "O3_CONTAIN_NULL": "true",
              "O4_COMPARE_IN_CONDITION": "true",
              "O5_IS_MATH_ROOT": "false"
            },
            "24_dtz != null": {
              "O1_IS_BIT": "false",
              "O1_IS_COMPARE": "true",
              "O1_IS_LOGICAL": "false",
              "O1_IS_MATH": "false",
              "O1_IS_OTHERS": "false",
              "O1_IS_SHIFT": "false",
              "O2_LOGICAL_CONTAIN_NOT": "false",
              "O3_CONTAIN_01": "false",
              "O3_CONTAIN_NULL": "true",
              "O4_COMPARE_IN_CONDITION": "true",
              "O5_IS_MATH_ROOT": "false"
            },
            "25_convId == null": {
              "O1_IS_BIT": "false",
              "O1_IS_COMPARE": "true",
              "O1_IS_LOGICAL": "false",
              "O1_IS_MATH": "false",
              "O1_IS_OTHERS": "false",
              "O1_IS_SHIFT": "false",
              "O2_LOGICAL_CONTAIN_NOT": "false",
              "O3_CONTAIN_01": "false",
              "O3_CONTAIN_NULL": "true",
              "O4_COMPARE_IN_CONDITION": "true",
              "O5_IS_MATH_ROOT": "false"
            },
            "26_convId.startsWith(\"GMT+\") || convId.startsWith(\"GMT-\")": {
              "O1_IS_BIT": "false",
              "O1_IS_COMPARE": "false",
              "O1_IS_LOGICAL": "true",
              "O1_IS_MATH": "false",
              "O1_IS_OTHERS": "false",
              "O1_IS_SHIFT": "false",
              "O2_LOGICAL_CONTAIN_NOT": "false",
              "O3_CONTAIN_01": "false",
              "O3_CONTAIN_NULL": "false",
              "O4_COMPARE_IN_CONDITION": "false",
              "O5_IS_MATH_ROOT": "false"
            },
            "27_offset == 0L": {
              "O1_IS_BIT": "false",
              "O1_IS_COMPARE": "true",
              "O1_IS_LOGICAL": "false",
              "O1_IS_MATH": "false",
              "O1_IS_OTHERS": "false",
              "O1_IS_SHIFT": "false",
              "O2_LOGICAL_CONTAIN_NOT": "false",
              "O3_CONTAIN_01": "false",
              "O3_CONTAIN_NULL": "false",
              "O4_COMPARE_IN_CONDITION": "true",
              "O5_IS_MATH_ROOT": "false"
            },
            "28_(\"The datetime zone id '\" + id) + \"' is not recognised\"": {
              "O1_IS_BIT": "false",
              "O1_IS_COMPARE": "false",
              "O1_IS_LOGICAL": "false",
              "O1_IS_MATH": "true",
              "O1_IS_OTHERS": "false",
              "O1_IS_SHIFT": "false",
              "O2_LOGICAL_CONTAIN_NOT": "false",
              "O3_CONTAIN_01": "false",
              "O3_CONTAIN_NULL": "false",
              "O4_COMPARE_IN_CONDITION": "false",
              "O5_IS_MATH_ROOT": "true"
            },
            "29_(\"The datetime zone id '\" + id)": {
              "O1_IS_BIT": "false",
              "O1_IS_COMPARE": "false",
              "O1_IS_LOGICAL": "false",
              "O1_IS_MATH": "true",
              "O1_IS_OTHERS": "false",
              "O1_IS_SHIFT": "false",
              "O2_LOGICAL_CONTAIN_NOT": "false",
              "O3_CONTAIN_01": "false",
              "O3_CONTAIN_NULL": "false",
              "O4_COMPARE_IN_CONDITION": "false",
              "O5_IS_MATH_ROOT": "false"
            },
            "2_id != null": {
              "O1_IS_BIT": "false",
              "O1_IS_COMPARE": "true",
              "O1_IS_LOGICAL": "false",
              "O1_IS_MATH": "false",
              "O1_IS_OTHERS": "false",
              "O1_IS_SHIFT": "false",
              "O2_LOGICAL_CONTAIN_NOT": "false",
              "O3_CONTAIN_01": "false",
              "O3_CONTAIN_NULL": "true",
              "O4_COMPARE_IN_CONDITION": "true",
              "O5_IS_MATH_ROOT": "false"
            },
            "30_offset == 0": {
              "O1_IS_BIT": "false",
              "O1_IS_COMPARE": "true",
              "O1_IS_LOGICAL": "false",
              "O1_IS_MATH": "false",
              "O1_IS_OTHERS": "false",
              "O1_IS_SHIFT": "false",
              "O2_LOGICAL_CONTAIN_NOT": "false",
              "O3_CONTAIN_01": "true",
              "O3_CONTAIN_NULL": "false",
              "O4_COMPARE_IN_CONDITION": "true",
              "O5_IS_MATH_ROOT": "false"
            },
            "31_org.joda.time.DateTimeZone.iFixedOffsetCache == null": {
              "O1_IS_BIT": "false",
              "O1_IS_COMPARE": "true",
              "O1_IS_LOGICAL": "false",
              "O1_IS_MATH": "false",
              "O1_IS_OTHERS": "false",
              "O1_IS_SHIFT": "false",
              "O2_LOGICAL_CONTAIN_NOT": "false",
              "O3_CONTAIN_01": "false",
              "O3_CONTAIN_NULL": "true",
              "O4_COMPARE_IN_CONDITION": "true",
              "O5_IS_MATH_ROOT": "false"
            },
            "32_ref != null": {
              "O1_IS_BIT": "false",
              "O1_IS_COMPARE": "true",
              "O1_IS_LOGICAL": "false",
              "O1_IS_MATH": "false",
              "O1_IS_OTHERS": "false",
              "O1_IS_SHIFT": "false",
              "O2_LOGICAL_CONTAIN_NOT": "false",
              "O3_CONTAIN_01": "false",
              "O3_CONTAIN_NULL": "true",
              "O4_COMPARE_IN_CONDITION": "true",
              "O5_IS_MATH_ROOT": "false"
            },
            "33_zone != null": {
              "O1_IS_BIT": "false",
              "O1_IS_COMPARE": "true",
              "O1_IS_LOGICAL": "false",
              "O1_IS_MATH": "false",
              "O1_IS_OTHERS": "false",
              "O1_IS_SHIFT": "false",
              "O2_LOGICAL_CONTAIN_NOT": "false",
              "O3_CONTAIN_01": "false",
              "O3_CONTAIN_NULL": "true",
              "O4_COMPARE_IN_CONDITION": "true",
              "O5_IS_MATH_ROOT": "false"
            },
            "34_sm != null": {
              "O1_IS_BIT": "false",
              "O1_IS_COMPARE": "true",
              "O1_IS_LOGICAL": "false",
              "O1_IS_MATH": "false",
              "O1_IS_OTHERS": "false",
              "O1_IS_SHIFT": "false",
              "O2_LOGICAL_CONTAIN_NOT": "false",
              "O3_CONTAIN_01": "false",
              "O3_CONTAIN_NULL": "true",
              "O4_COMPARE_IN_CONDITION": "true",
              "O5_IS_MATH_ROOT": "false"
            },
            "35_provider == null": {
              "O1_IS_BIT": "false",
              "O1_IS_COMPARE": "true",
              "O1_IS_LOGICAL": "false",
              "O1_IS_MATH": "false",
              "O1_IS_OTHERS": "false",
              "O1_IS_SHIFT": "false",
              "O2_LOGICAL_CONTAIN_NOT": "false",
              "O3_CONTAIN_01": "false",
              "O3_CONTAIN_NULL": "true",
              "O4_COMPARE_IN_CONDITION": "true",
              "O5_IS_MATH_ROOT": "false"
            },
            "36_(ids == null) || (ids.size() == 0)": {
              "O1_IS_BIT": "false",
              "O1_IS_COMPARE": "false",
              "O1_IS_LOGICAL": "true",
              "O1_IS_MATH": "false",
              "O1_IS_OTHERS": "false",
              "O1_IS_SHIFT": "false",
              "O2_LOGICAL_CONTAIN_NOT": "false",
              "O3_CONTAIN_01": "false",
              "O3_CONTAIN_NULL": "false",
              "O4_COMPARE_IN_CONDITION": "false",
              "O5_IS_MATH_ROOT": "false"
            },
            "37_(ids == null)": {
              "O1_IS_BIT": "false",
              "O1_IS_COMPARE": "true",
              "O1_IS_LOGICAL": "false",
              "O1_IS_MATH": "false",
              "O1_IS_OTHERS": "false",
              "O1_IS_SHIFT": "false",
              "O2_LOGICAL_CONTAIN_NOT": "false",
              "O3_CONTAIN_01": "false",
              "O3_CONTAIN_NULL": "true",
              "O4_COMPARE_IN_CONDITION": "true",
              "O5_IS_MATH_ROOT": "false"
            },
            "38_(ids.size() == 0)": {
              "O1_IS_BIT": "false",
              "O1_IS_COMPARE": "true",
              "O1_IS_LOGICAL": "false",
              "O1_IS_MATH": "false",
              "O1_IS_OTHERS": "false",
              "O1_IS_SHIFT": "false",
              "O2_LOGICAL_CONTAIN_NOT": "false",
              "O3_CONTAIN_01": "true",
              "O3_CONTAIN_NULL": "false",
              "O4_COMPARE_IN_CONDITION": "true",
              "O5_IS_MATH_ROOT": "false"
            },
            "39_providerClass != null": {
              "O1_IS_BIT": "false",
              "O1_IS_COMPARE": "true",
              "O1_IS_LOGICAL": "false",
              "O1_IS_MATH": "false",
              "O1_IS_OTHERS": "false",
              "O1_IS_SHIFT": "false",
              "O2_LOGICAL_CONTAIN_NOT": "false",
              "O3_CONTAIN_01": "false",
              "O3_CONTAIN_NULL": "true",
              "O4_COMPARE_IN_CONDITION": "true",
              "O5_IS_MATH_ROOT": "false"
            },
            "3_temp == null": {
              "O1_IS_BIT": "false",
              "O1_IS_COMPARE": "true",
              "O1_IS_LOGICAL": "false",
              "O1_IS_MATH": "false",
              "O1_IS_OTHERS": "false",
              "O1_IS_SHIFT": "false",
              "O2_LOGICAL_CONTAIN_NOT": "false",
              "O3_CONTAIN_01": "false",
              "O3_CONTAIN_NULL": "true",
              "O4_COMPARE_IN_CONDITION": "true",
              "O5_IS_MATH_ROOT": "false"
            },
            "40_provider == null": {
              "O1_IS_BIT": "false",
              "O1_IS_COMPARE": "true",
              "O1_IS_LOGICAL": "false",
              "O1_IS_MATH": "false",
              "O1_IS_OTHERS": "false",
              "O1_IS_SHIFT": "false",
              "O2_LOGICAL_CONTAIN_NOT": "false",
              "O3_CONTAIN_01": "false",
              "O3_CONTAIN_NULL": "true",
              "O4_COMPARE_IN_CONDITION": "true",
              "O5_IS_MATH_ROOT": "false"
            },
            "41_provider == null": {
              "O1_IS_BIT": "false",
              "O1_IS_COMPARE": "true",
              "O1_IS_LOGICAL": "false",
              "O1_IS_MATH": "false",
              "O1_IS_OTHERS": "false",
              "O1_IS_SHIFT": "false",
              "O2_LOGICAL_CONTAIN_NOT": "false",
              "O3_CONTAIN_01": "false",
              "O3_CONTAIN_NULL": "true",
              "O4_COMPARE_IN_CONDITION": "true",
              "O5_IS_MATH_ROOT": "false"
            },
            "42_sm != null": {
              "O1_IS_BIT": "false",
              "O1_IS_COMPARE": "true",
              "O1_IS_LOGICAL": "false",
              "O1_IS_MATH": "false",
              "O1_IS_OTHERS": "false",
              "O1_IS_SHIFT": "false",
              "O2_LOGICAL_CONTAIN_NOT": "false",
              "O3_CONTAIN_01": "false",
              "O3_CONTAIN_NULL": "true",
              "O4_COMPARE_IN_CONDITION": "true",
              "O5_IS_MATH_ROOT": "false"
            },
            "43_nameProvider == null": {
              "O1_IS_BIT": "false",
              "O1_IS_COMPARE": "true",
              "O1_IS_LOGICAL": "false",
              "O1_IS_MATH": "false",
              "O1_IS_OTHERS": "false",
              "O1_IS_SHIFT": "false",
              "O2_LOGICAL_CONTAIN_NOT": "false",
              "O3_CONTAIN_01": "false",
              "O3_CONTAIN_NULL": "true",
              "O4_COMPARE_IN_CONDITION": "true",
              "O5_IS_MATH_ROOT": "false"
            },
            "44_providerClass != null": {
              "O1_IS_BIT": "false",
              "O1_IS_COMPARE": "true",
              "O1_IS_LOGICAL": "false",
              "O1_IS_MATH": "false",
              "O1_IS_OTHERS": "false",
              "O1_IS_SHIFT": "false",
              "O2_LOGICAL_CONTAIN_NOT": "false",
              "O3_CONTAIN_01": "false",
              "O3_CONTAIN_NULL": "true",
              "O4_COMPARE_IN_CONDITION": "true",
              "O5_IS_MATH_ROOT": "false"
            },
            "45_nameProvider == null": {
              "O1_IS_BIT": "false",
              "O1_IS_COMPARE": "true",
              "O1_IS_LOGICAL": "false",
              "O1_IS_MATH": "false",
              "O1_IS_OTHERS": "false",
              "O1_IS_SHIFT": "false",
              "O2_LOGICAL_CONTAIN_NOT": "false",
              "O3_CONTAIN_01": "false",
              "O3_CONTAIN_NULL": "true",
              "O4_COMPARE_IN_CONDITION": "true",
              "O5_IS_MATH_ROOT": "false"
            },
            "46_map == null": {
              "O1_IS_BIT": "false",
              "O1_IS_COMPARE": "true",
              "O1_IS_LOGICAL": "false",
              "O1_IS_MATH": "false",
              "O1_IS_OTHERS": "false",
              "O1_IS_SHIFT": "false",
              "O2_LOGICAL_CONTAIN_NOT": "false",
              "O3_CONTAIN_01": "false",
              "O3_CONTAIN_NULL": "true",
              "O4_COMPARE_IN_CONDITION": "true",
              "O5_IS_MATH_ROOT": "false"
            },
            "47_offset >= 0": {
              "O1_IS_BIT": "false",
              "O1_IS_COMPARE": "true",
              "O1_IS_LOGICAL": "false",
              "O1_IS_MATH": "false",
              "O1_IS_OTHERS": "false",
              "O1_IS_SHIFT": "false",
              "O2_LOGICAL_CONTAIN_NOT": "false",
              "O3_CONTAIN_01": "true",
              "O3_CONTAIN_NULL": "false",
              "O4_COMPARE_IN_CONDITION": "true",
              "O5_IS_MATH_ROOT": "false"
            },
            "48_offset / DateTimeConstants.MILLIS_PER_HOUR": {
              "O1_IS_BIT": "false",
              "O1_IS_COMPARE": "false",
              "O1_IS_LOGICAL": "false",
              "O1_IS_MATH": "true",
              "O1_IS_OTHERS": "false",
              "O1_IS_SHIFT": "false",
              "O2_LOGICAL_CONTAIN_NOT": "false",
              "O3_CONTAIN_01": "false",
              "O3_CONTAIN_NULL": "false",
              "O4_COMPARE_IN_CONDITION": "false",
              "O5_IS_MATH_ROOT": "true"
            },
            "49_hours * ((int) (DateTimeConstants.MILLIS_PER_HOUR))": {
              "O1_IS_BIT": "false",
              "O1_IS_COMPARE": "false",
              "O1_IS_LOGICAL": "false",
              "O1_IS_MATH": "true",
              "O1_IS_OTHERS": "false",
              "O1_IS_SHIFT": "false",
              "O2_LOGICAL_CONTAIN_NOT": "false",
              "O3_CONTAIN_01": "false",
              "O3_CONTAIN_NULL": "false",
              "O4_COMPARE_IN_CONDITION": "false",
              "O5_IS_MATH_ROOT": "true"
            },
            "4_temp == null": {
              "O1_IS_BIT": "false",
              "O1_IS_COMPARE": "true",
              "O1_IS_LOGICAL": "false",
              "O1_IS_MATH": "false",
              "O1_IS_OTHERS": "false",
              "O1_IS_SHIFT": "false",
              "O2_LOGICAL_CONTAIN_NOT": "false",
              "O3_CONTAIN_01": "false",
              "O3_CONTAIN_NULL": "true",
              "O4_COMPARE_IN_CONDITION": "true",
              "O5_IS_MATH_ROOT": "false"
            },
            "50_offset / DateTimeConstants.MILLIS_PER_MINUTE": {
              "O1_IS_BIT": "false",
              "O1_IS_COMPARE": "false",
              "O1_IS_LOGICAL": "false",
              "O1_IS_MATH": "true",
              "O1_IS_OTHERS": "false",
              "O1_IS_SHIFT": "false",
              "O2_LOGICAL_CONTAIN_NOT": "false",
              "O3_CONTAIN_01": "false",
              "O3_CONTAIN_NULL": "false",
              "O4_COMPARE_IN_CONDITION": "false",
              "O5_IS_MATH_ROOT": "true"
            },
            "51_minutes * DateTimeConstants.MILLIS_PER_MINUTE": {
              "O1_IS_BIT": "false",
              "O1_IS_COMPARE": "false",
              "O1_IS_LOGICAL": "false",
              "O1_IS_MATH": "true",
              "O1_IS_OTHERS": "false",
              "O1_IS_SHIFT": "false",
              "O2_LOGICAL_CONTAIN_NOT": "false",
              "O3_CONTAIN_01": "false",
              "O3_CONTAIN_NULL": "false",
              "O4_COMPARE_IN_CONDITION": "false",
              "O5_IS_MATH_ROOT": "true"
            },
            "52_offset == 0": {
              "O1_IS_BIT": "false",
              "O1_IS_COMPARE": "true",
              "O1_IS_LOGICAL": "false",
              "O1_IS_MATH": "false",
              "O1_IS_OTHERS": "false",
              "O1_IS_SHIFT": "false",
              "O2_LOGICAL_CONTAIN_NOT": "false",
              "O3_CONTAIN_01": "true",
              "O3_CONTAIN_NULL": "false",
              "O4_COMPARE_IN_CONDITION": "true",
              "O5_IS_MATH_ROOT": "false"
            },
            "53_offset / DateTimeConstants.MILLIS_PER_SECOND": {
              "O1_IS_BIT": "false",
              "O1_IS_COMPARE": "false",
              "O1_IS_LOGICAL": "false",
              "O1_IS_MATH": "true",
              "O1_IS_OTHERS": "false",
              "O1_IS_SHIFT": "false",
              "O2_LOGICAL_CONTAIN_NOT": "false",
              "O3_CONTAIN_01": "false",
              "O3_CONTAIN_NULL": "false",
              "O4_COMPARE_IN_CONDITION": "false",
              "O5_IS_MATH_ROOT": "true"
            },
            "54_seconds * DateTimeConstants.MILLIS_PER_SECOND": {
              "O1_IS_BIT": "false",
              "O1_IS_COMPARE": "false",
              "O1_IS_LOGICAL": "false",
              "O1_IS_MATH": "true",
              "O1_IS_OTHERS": "false",
              "O1_IS_SHIFT": "false",
              "O2_LOGICAL_CONTAIN_NOT": "false",
              "O3_CONTAIN_01": "false",
              "O3_CONTAIN_NULL": "false",
              "O4_COMPARE_IN_CONDITION": "false",
              "O5_IS_MATH_ROOT": "true"
            },
            "55_offset == 0": {
              "O1_IS_BIT": "false",
              "O1_IS_COMPARE": "true",
              "O1_IS_LOGICAL": "false",
              "O1_IS_MATH": "false",
              "O1_IS_OTHERS": "false",
              "O1_IS_SHIFT": "false",
              "O2_LOGICAL_CONTAIN_NOT": "false",
              "O3_CONTAIN_01": "true",
              "O3_CONTAIN_NULL": "false",
              "O4_COMPARE_IN_CONDITION": "true",
              "O5_IS_MATH_ROOT": "false"
            },
            "56_org.joda.time.DateTimeZone.cOffsetFormatter == null": {
              "O1_IS_BIT": "false",
              "O1_IS_COMPARE": "true",
              "O1_IS_LOGICAL": "false",
              "O1_IS_MATH": "false",
              "O1_IS_OTHERS": "false",
              "O1_IS_SHIFT": "false",
              "O2_LOGICAL_CONTAIN_NOT": "false",
              "O3_CONTAIN_01": "false",
              "O3_CONTAIN_NULL": "true",
              "O4_COMPARE_IN_CONDITION": "true",
              "O5_IS_MATH_ROOT": "false"
            },
            "57_id == null": {
              "O1_IS_BIT": "false",
              "O1_IS_COMPARE": "true",
              "O1_IS_LOGICAL": "false",
              "O1_IS_MATH": "false",
              "O1_IS_OTHERS": "false",
              "O1_IS_SHIFT": "false",
              "O2_LOGICAL_CONTAIN_NOT": "false",
              "O3_CONTAIN_01": "false",
              "O3_CONTAIN_NULL": "true",
              "O4_COMPARE_IN_CONDITION": "true",
              "O5_IS_MATH_ROOT": "false"
            },
            "58_locale == null": {
              "O1_IS_BIT": "false",
              "O1_IS_COMPARE": "true",
              "O1_IS_LOGICAL": "false",
              "O1_IS_MATH": "false",
              "O1_IS_OTHERS": "false",
              "O1_IS_SHIFT": "false",
              "O2_LOGICAL_CONTAIN_NOT": "false",
              "O3_CONTAIN_01": "false",
              "O3_CONTAIN_NULL": "true",
              "O4_COMPARE_IN_CONDITION": "true",
              "O5_IS_MATH_ROOT": "false"
            },
            "59_nameKey == null": {
              "O1_IS_BIT": "false",
              "O1_IS_COMPARE": "true",
              "O1_IS_LOGICAL": "false",
              "O1_IS_MATH": "false",
              "O1_IS_OTHERS": "false",
              "O1_IS_SHIFT": "false",
              "O2_LOGICAL_CONTAIN_NOT": "false",
              "O3_CONTAIN_01": "false",
              "O3_CONTAIN_NULL": "true",
              "O4_COMPARE_IN_CONDITION": "true",
              "O5_IS_MATH_ROOT": "false"
            },
            "5_sm != null": {
              "O1_IS_BIT": "false",
              "O1_IS_COMPARE": "true",
              "O1_IS_LOGICAL": "false",
              "O1_IS_MATH": "false",
              "O1_IS_OTHERS": "false",
              "O1_IS_SHIFT": "false",
              "O2_LOGICAL_CONTAIN_NOT": "false",
              "O3_CONTAIN_01": "false",
              "O3_CONTAIN_NULL": "true",
              "O4_COMPARE_IN_CONDITION": "true",
              "O5_IS_MATH_ROOT": "false"
            },
            "60_name != null": {
              "O1_IS_BIT": "false",
              "O1_IS_COMPARE": "true",
              "O1_IS_LOGICAL": "false",
              "O1_IS_MATH": "false",
              "O1_IS_OTHERS": "false",
              "O1_IS_SHIFT": "false",
              "O2_LOGICAL_CONTAIN_NOT": "false",
              "O3_CONTAIN_01": "false",
              "O3_CONTAIN_NULL": "true",
              "O4_COMPARE_IN_CONDITION": "true",
              "O5_IS_MATH_ROOT": "false"
            },
            "61_locale == null": {
              "O1_IS_BIT": "false",
              "O1_IS_COMPARE": "true",
              "O1_IS_LOGICAL": "false",
              "O1_IS_MATH": "false",
              "O1_IS_OTHERS": "false",
              "O1_IS_SHIFT": "false",
              "O2_LOGICAL_CONTAIN_NOT": "false",
              "O3_CONTAIN_01": "false",
              "O3_CONTAIN_NULL": "true",
              "O4_COMPARE_IN_CONDITION": "true",
              "O5_IS_MATH_ROOT": "false"
            },
            "62_nameKey == null": {
              "O1_IS_BIT": "false",
              "O1_IS_COMPARE": "true",
              "O1_IS_LOGICAL": "false",
              "O1_IS_MATH": "false",
              "O1_IS_OTHERS": "false",
              "O1_IS_SHIFT": "false",
              "O2_LOGICAL_CONTAIN_NOT": "false",
              "O3_CONTAIN_01": "false",
              "O3_CONTAIN_NULL": "true",
              "O4_COMPARE_IN_CONDITION": "true",
              "O5_IS_MATH_ROOT": "false"
            },
            "63_name != null": {
              "O1_IS_BIT": "false",
              "O1_IS_COMPARE": "true",
              "O1_IS_LOGICAL": "false",
              "O1_IS_MATH": "false",
              "O1_IS_OTHERS": "false",
              "O1_IS_SHIFT": "false",
              "O2_LOGICAL_CONTAIN_NOT": "false",
              "O3_CONTAIN_01": "false",
              "O3_CONTAIN_NULL": "true",
              "O4_COMPARE_IN_CONDITION": "true",
              "O5_IS_MATH_ROOT": "false"
            },
            "64_instant == null": {
              "O1_IS_BIT": "false",
              "O1_IS_COMPARE": "true",
              "O1_IS_LOGICAL": "false",
              "O1_IS_MATH": "false",
              "O1_IS_OTHERS": "false",
              "O1_IS_SHIFT": "false",
              "O2_LOGICAL_CONTAIN_NOT": "false",
              "O3_CONTAIN_01": "false",
              "O3_CONTAIN_NULL": "true",
              "O4_COMPARE_IN_CONDITION": "true",
              "O5_IS_MATH_ROOT": "false"
            },
            "65_getOffset(instant) == getStandardOffset(instant)": {
              "O1_IS_BIT": "false",
              "O1_IS_COMPARE": "true",
              "O1_IS_LOGICAL": "false",
              "O1_IS_MATH": "false",
              "O1_IS_OTHERS": "false",
              "O1_IS_SHIFT": "false",
              "O2_LOGICAL_CONTAIN_NOT": "false",
              "O3_CONTAIN_01": "false",
              "O3_CONTAIN_NULL": "false",
              "O4_COMPARE_IN_CONDITION": "true",
              "O5_IS_MATH_ROOT": "false"
            },
            "66_instantLocal - offsetLocal": {
              "O1_IS_BIT": "false",
              "O1_IS_COMPARE": "false",
              "O1_IS_LOGICAL": "false",
              "O1_IS_MATH": "true",
              "O1_IS_OTHERS": "false",
              "O1_IS_SHIFT": "false",
              "O2_LOGICAL_CONTAIN_NOT": "false",
              "O3_CONTAIN_01": "false",
              "O3_CONTAIN_NULL": "false",
              "O4_COMPARE_IN_CONDITION": "false",
              "O5_IS_MATH_ROOT": "true"
            },
            "67_offsetLocal != offsetAdjusted": {
              "O1_IS_BIT": "false",
              "O1_IS_COMPARE": "true",
              "O1_IS_LOGICAL": "false",
              "O1_IS_MATH": "false",
              "O1_IS_OTHERS": "false",
              "O1_IS_SHIFT": "false",
              "O2_LOGICAL_CONTAIN_NOT": "false",
              "O3_CONTAIN_01": "false",
              "O3_CONTAIN_NULL": "false",
              "O4_COMPARE_IN_CONDITION": "true",
              "O5_IS_MATH_ROOT": "false"
            },
            "68_(offsetLocal - offsetAdjusted) < 0": {
              "O1_IS_BIT": "false",
              "O1_IS_COMPARE": "true",
              "O1_IS_LOGICAL": "false",
              "O1_IS_MATH": "false",
              "O1_IS_OTHERS": "false",
              "O1_IS_SHIFT": "false",
              "O2_LOGICAL_CONTAIN_NOT": "false",
              "O3_CONTAIN_01": "true",
              "O3_CONTAIN_NULL": "false",
              "O4_COMPARE_IN_CONDITION": "true",
              "O5_IS_MATH_ROOT": "false"
            },
            "69_(offsetLocal - offsetAdjusted)": {
              "O1_IS_BIT": "false",
              "O1_IS_COMPARE": "false",
              "O1_IS_LOGICAL": "false",
              "O1_IS_MATH": "true",
              "O1_IS_OTHERS": "false",
              "O1_IS_SHIFT": "false",
              "O2_LOGICAL_CONTAIN_NOT": "false",
              "O3_CONTAIN_01": "false",
              "O3_CONTAIN_NULL": "false",
              "O4_COMPARE_IN_CONDITION": "false",
              "O5_IS_MATH_ROOT": "true"
            },
            "6_zone == null": {
              "O1_IS_BIT": "false",
              "O1_IS_COMPARE": "true",
              "O1_IS_LOGICAL": "false",
              "O1_IS_MATH": "false",
              "O1_IS_OTHERS": "false",
              "O1_IS_SHIFT": "false",
              "O2_LOGICAL_CONTAIN_NOT": "false",
              "O3_CONTAIN_01": "false",
              "O3_CONTAIN_NULL": "true",
              "O4_COMPARE_IN_CONDITION": "true",
              "O5_IS_MATH_ROOT": "false"
            },
            "70_instantLocal - offsetAdjusted": {
              "O1_IS_BIT": "false",
              "O1_IS_COMPARE": "false",
              "O1_IS_LOGICAL": "false",
              "O1_IS_MATH": "true",
              "O1_IS_OTHERS": "false",
              "O1_IS_SHIFT": "false",
              "O2_LOGICAL_CONTAIN_NOT": "false",
              "O3_CONTAIN_01": "false",
              "O3_CONTAIN_NULL": "false",
              "O4_COMPARE_IN_CONDITION": "false",
              "O5_IS_MATH_ROOT": "true"
            },
            "71_nextLocal != nextAdjusted": {
              "O1_IS_BIT": "false",
              "O1_IS_COMPARE": "true",
              "O1_IS_LOGICAL": "false",
              "O1_IS_MATH": "false",
              "O1_IS_OTHERS": "false",
              "O1_IS_SHIFT": "false",
              "O2_LOGICAL_CONTAIN_NOT": "false",
              "O3_CONTAIN_01": "false",
              "O3_CONTAIN_NULL": "false",
              "O4_COMPARE_IN_CONDITION": "true",
              "O5_IS_MATH_ROOT": "false"
            },
            "72_offsetLocal > 0": {
              "O1_IS_BIT": "false",
              "O1_IS_COMPARE": "true",
              "O1_IS_LOGICAL": "false",
              "O1_IS_MATH": "false",
              "O1_IS_OTHERS": "false",
              "O1_IS_SHIFT": "false",
              "O2_LOGICAL_CONTAIN_NOT": "false",
              "O3_CONTAIN_01": "true",
              "O3_CONTAIN_NULL": "false",
              "O4_COMPARE_IN_CONDITION": "true",
              "O5_IS_MATH_ROOT": "false"
            },
            "73_prev < instantAdjusted": {
              "O1_IS_BIT": "false",
              "O1_IS_COMPARE": "true",
              "O1_IS_LOGICAL": "false",
              "O1_IS_MATH": "false",
              "O1_IS_OTHERS": "false",
              "O1_IS_SHIFT": "false",
              "O2_LOGICAL_CONTAIN_NOT": "false",
              "O3_CONTAIN_01": "false",
              "O3_CONTAIN_NULL": "false",
              "O4_COMPARE_IN_CONDITION": "true",
              "O5_IS_MATH_ROOT": "false"
            },
            "74_offsetPrev - offsetLocal": {
              "O1_IS_BIT": "false",
              "O1_IS_COMPARE": "false",
              "O1_IS_LOGICAL": "false",
              "O1_IS_MATH": "true",
              "O1_IS_OTHERS": "false",
              "O1_IS_SHIFT": "false",
              "O2_LOGICAL_CONTAIN_NOT": "false",
              "O3_CONTAIN_01": "false",
              "O3_CONTAIN_NULL": "false",
              "O4_COMPARE_IN_CONDITION": "false",
              "O5_IS_MATH_ROOT": "true"
            },
            "75_(instantAdjusted - prev) <= diff": {
              "O1_IS_BIT": "false",
              "O1_IS_COMPARE": "true",
              "O1_IS_LOGICAL": "false",
              "O1_IS_MATH": "false",
              "O1_IS_OTHERS": "false",
              "O1_IS_SHIFT": "false",
              "O2_LOGICAL_CONTAIN_NOT": "false",
              "O3_CONTAIN_01": "false",
              "O3_CONTAIN_NULL": "false",
              "O4_COMPARE_IN_CONDITION": "true",
              "O5_IS_MATH_ROOT": "false"
            },
            "76_(instantAdjusted - prev)": {
              "O1_IS_BIT": "false",
              "O1_IS_COMPARE": "false",
              "O1_IS_LOGICAL": "false",
              "O1_IS_MATH": "true",
              "O1_IS_OTHERS": "false",
              "O1_IS_SHIFT": "false",
              "O2_LOGICAL_CONTAIN_NOT": "false",
              "O3_CONTAIN_01": "false",
              "O3_CONTAIN_NULL": "false",
              "O4_COMPARE_IN_CONDITION": "false",
              "O5_IS_MATH_ROOT": "true"
            },
            "77_instantUTC + offset": {
              "O1_IS_BIT": "false",
              "O1_IS_COMPARE": "false",
              "O1_IS_LOGICAL": "false",
              "O1_IS_MATH": "true",
              "O1_IS_OTHERS": "false",
              "O1_IS_SHIFT": "false",
              "O2_LOGICAL_CONTAIN_NOT": "false",
              "O3_CONTAIN_01": "false",
              "O3_CONTAIN_NULL": "false",
              "O4_COMPARE_IN_CONDITION": "false",
              "O5_IS_MATH_ROOT": "true"
            },
            "78_((instantUTC ^ instantLocal) < 0) && ((instantUTC ^ offset) >= 0)": {
              "O1_IS_BIT": "false",
              "O1_IS_COMPARE": "false",
              "O1_IS_LOGICAL": "true",
              "O1_IS_MATH": "false",
              "O1_IS_OTHERS": "false",
              "O1_IS_SHIFT": "false",
              "O2_LOGICAL_CONTAIN_NOT": "false",
              "O3_CONTAIN_01": "false",
              "O3_CONTAIN_NULL": "false",
              "O4_COMPARE_IN_CONDITION": "false",
              "O5_IS_MATH_ROOT": "false"
            },
            "79_((instantUTC ^ instantLocal) < 0)": {
              "O1_IS_BIT": "false",
              "O1_IS_COMPARE": "true",
              "O1_IS_LOGICAL": "false",
              "O1_IS_MATH": "false",
              "O1_IS_OTHERS": "false",
              "O1_IS_SHIFT": "false",
              "O2_LOGICAL_CONTAIN_NOT": "false",
              "O3_CONTAIN_01": "true",
              "O3_CONTAIN_NULL": "false",
              "O4_COMPARE_IN_CONDITION": "true",
              "O5_IS_MATH_ROOT": "false"
            },
            "7_id == null": {
              "O1_IS_BIT": "false",
              "O1_IS_COMPARE": "true",
              "O1_IS_LOGICAL": "false",
              "O1_IS_MATH": "false",
              "O1_IS_OTHERS": "false",
              "O1_IS_SHIFT": "false",
              "O2_LOGICAL_CONTAIN_NOT": "false",
              "O3_CONTAIN_01": "false",
              "O3_CONTAIN_NULL": "true",
              "O4_COMPARE_IN_CONDITION": "true",
              "O5_IS_MATH_ROOT": "false"
            },
            "80_(instantUTC ^ instantLocal)": {
              "O1_IS_BIT": "true",
              "O1_IS_COMPARE": "false",
              "O1_IS_LOGICAL": "false",
              "O1_IS_MATH": "false",
              "O1_IS_OTHERS": "false",
              "O1_IS_SHIFT": "false",
              "O2_LOGICAL_CONTAIN_NOT": "false",
              "O3_CONTAIN_01": "false",
              "O3_CONTAIN_NULL": "false",
              "O4_COMPARE_IN_CONDITION": "false",
              "O5_IS_MATH_ROOT": "false"
            },
            "81_((instantUTC ^ offset) >= 0)": {
              "O1_IS_BIT": "false",
              "O1_IS_COMPARE": "true",
              "O1_IS_LOGICAL": "false",
              "O1_IS_MATH": "false",
              "O1_IS_OTHERS": "false",
              "O1_IS_SHIFT": "false",
              "O2_LOGICAL_CONTAIN_NOT": "false",
              "O3_CONTAIN_01": "true",
              "O3_CONTAIN_NULL": "false",
              "O4_COMPARE_IN_CONDITION": "true",
              "O5_IS_MATH_ROOT": "false"
            },
            "82_(instantUTC ^ offset)": {
              "O1_IS_BIT": "true",
              "O1_IS_COMPARE": "false",
              "O1_IS_LOGICAL": "false",
              "O1_IS_MATH": "false",
              "O1_IS_OTHERS": "false",
              "O1_IS_SHIFT": "false",
              "O2_LOGICAL_CONTAIN_NOT": "false",
              "O3_CONTAIN_01": "false",
              "O3_CONTAIN_NULL": "false",
              "O4_COMPARE_IN_CONDITION": "false",
              "O5_IS_MATH_ROOT": "false"
            },
            "83_instantLocal - offsetOriginal": {
              "O1_IS_BIT": "false",
              "O1_IS_COMPARE": "false",
              "O1_IS_LOGICAL": "false",
              "O1_IS_MATH": "true",
              "O1_IS_OTHERS": "false",
              "O1_IS_SHIFT": "false",
              "O2_LOGICAL_CONTAIN_NOT": "false",
              "O3_CONTAIN_01": "false",
              "O3_CONTAIN_NULL": "false",
              "O4_COMPARE_IN_CONDITION": "false",
              "O5_IS_MATH_ROOT": "true"
            },
            "84_offsetLocalFromOriginal == offsetOriginal": {
              "O1_IS_BIT": "false",
              "O1_IS_COMPARE": "true",
              "O1_IS_LOGICAL": "false",
              "O1_IS_MATH": "false",
              "O1_IS_OTHERS": "false",
              "O1_IS_SHIFT": "false",
              "O2_LOGICAL_CONTAIN_NOT": "false",
              "O3_CONTAIN_01": "false",
              "O3_CONTAIN_NULL": "false",
              "O4_COMPARE_IN_CONDITION": "true",
              "O5_IS_MATH_ROOT": "false"
            },
            "85_instantLocal - offsetLocal": {
              "O1_IS_BIT": "false",
              "O1_IS_COMPARE": "false",
              "O1_IS_LOGICAL": "false",
              "O1_IS_MATH": "true",
              "O1_IS_OTHERS": "false",
              "O1_IS_SHIFT": "false",
              "O2_LOGICAL_CONTAIN_NOT": "false",
              "O3_CONTAIN_01": "false",
              "O3_CONTAIN_NULL": "false",
              "O4_COMPARE_IN_CONDITION": "false",
              "O5_IS_MATH_ROOT": "true"
            },
            "86_offsetLocal != offset": {
              "O1_IS_BIT": "false",
              "O1_IS_COMPARE": "true",
              "O1_IS_LOGICAL": "false",
              "O1_IS_MATH": "false",
              "O1_IS_OTHERS": "false",
              "O1_IS_SHIFT": "false",
              "O2_LOGICAL_CONTAIN_NOT": "false",
              "O3_CONTAIN_01": "false",
              "O3_CONTAIN_NULL": "false",
              "O4_COMPARE_IN_CONDITION": "true",
              "O5_IS_MATH_ROOT": "false"
            },
            "87_strict || (offsetLocal < 0)": {
              "O1_IS_BIT": "false",
              "O1_IS_COMPARE": "false",
              "O1_IS_LOGICAL": "true",
              "O1_IS_MATH": "false",
              "O1_IS_OTHERS": "false",
              "O1_IS_SHIFT": "false",
              "O2_LOGICAL_CONTAIN_NOT": "false",
              "O3_CONTAIN_01": "false",
              "O3_CONTAIN_NULL": "false",
              "O4_COMPARE_IN_CONDITION": "false",
              "O5_IS_MATH_ROOT": "false"
            },
            "88_(offsetLocal < 0)": {
              "O1_IS_BIT": "false",
              "O1_IS_COMPARE": "true",
              "O1_IS_LOGICAL": "false",
              "O1_IS_MATH": "false",
              "O1_IS_OTHERS": "false",
              "O1_IS_SHIFT": "false",
              "O2_LOGICAL_CONTAIN_NOT": "false",
              "O3_CONTAIN_01": "true",
              "O3_CONTAIN_NULL": "false",
              "O4_COMPARE_IN_CONDITION": "true",
              "O5_IS_MATH_ROOT": "false"
            },
            "89_instantLocal - offsetLocal": {
              "O1_IS_BIT": "false",
              "O1_IS_COMPARE": "false",
              "O1_IS_LOGICAL": "false",
              "O1_IS_MATH": "true",
              "O1_IS_OTHERS": "false",
              "O1_IS_SHIFT": "false",
              "O2_LOGICAL_CONTAIN_NOT": "false",
              "O3_CONTAIN_01": "false",
              "O3_CONTAIN_NULL": "false",
              "O4_COMPARE_IN_CONDITION": "false",
              "O5_IS_MATH_ROOT": "true"
            },
            "8_zone != null": {
              "O1_IS_BIT": "false",
              "O1_IS_COMPARE": "true",
              "O1_IS_LOGICAL": "false",
              "O1_IS_MATH": "false",
              "O1_IS_OTHERS": "false",
              "O1_IS_SHIFT": "false",
              "O2_LOGICAL_CONTAIN_NOT": "false",
              "O3_CONTAIN_01": "false",
              "O3_CONTAIN_NULL": "true",
              "O4_COMPARE_IN_CONDITION": "true",
              "O5_IS_MATH_ROOT": "false"
            },
            "90_nextLocal == (instantLocal - offsetLocal)": {
              "O1_IS_BIT": "false",
              "O1_IS_COMPARE": "true",
              "O1_IS_LOGICAL": "false",
              "O1_IS_MATH": "false",
              "O1_IS_OTHERS": "false",
              "O1_IS_SHIFT": "false",
              "O2_LOGICAL_CONTAIN_NOT": "false",
              "O3_CONTAIN_01": "false",
              "O3_CONTAIN_NULL": "false",
              "O4_COMPARE_IN_CONDITION": "true",
              "O5_IS_MATH_ROOT": "false"
            },
            "91_(instantLocal - offsetLocal)": {
              "O1_IS_BIT": "false",
              "O1_IS_COMPARE": "false",
              "O1_IS_LOGICAL": "false",
              "O1_IS_MATH": "true",
              "O1_IS_OTHERS": "false",
              "O1_IS_SHIFT": "false",
              "O2_LOGICAL_CONTAIN_NOT": "false",
              "O3_CONTAIN_01": "false",
              "O3_CONTAIN_NULL": "false",
              "O4_COMPARE_IN_CONDITION": "false",
              "O5_IS_MATH_ROOT": "true"
            },
            "92_instantLocal - offset": {
              "O1_IS_BIT": "false",
              "O1_IS_COMPARE": "false",
              "O1_IS_LOGICAL": "false",
              "O1_IS_MATH": "true",
              "O1_IS_OTHERS": "false",
              "O1_IS_SHIFT": "false",
              "O2_LOGICAL_CONTAIN_NOT": "false",
              "O3_CONTAIN_01": "false",
              "O3_CONTAIN_NULL": "false",
              "O4_COMPARE_IN_CONDITION": "false",
              "O5_IS_MATH_ROOT": "true"
            },
            "93_nextAdjusted == (instantLocal - offset)": {
              "O1_IS_BIT": "false",
              "O1_IS_COMPARE": "true",
              "O1_IS_LOGICAL": "false",
              "O1_IS_MATH": "false",
              "O1_IS_OTHERS": "false",
              "O1_IS_SHIFT": "false",
              "O2_LOGICAL_CONTAIN_NOT": "false",
              "O3_CONTAIN_01": "false",
              "O3_CONTAIN_NULL": "false",
              "O4_COMPARE_IN_CONDITION": "true",
              "O5_IS_MATH_ROOT": "false"
            },
            "94_(instantLocal - offset)": {
              "O1_IS_BIT": "false",
              "O1_IS_COMPARE": "false",
              "O1_IS_LOGICAL": "false",
              "O1_IS_MATH": "true",
              "O1_IS_OTHERS": "false",
              "O1_IS_SHIFT": "false",
              "O2_LOGICAL_CONTAIN_NOT": "false",
              "O3_CONTAIN_01": "false",
              "O3_CONTAIN_NULL": "false",
              "O4_COMPARE_IN_CONDITION": "false",
              "O5_IS_MATH_ROOT": "true"
            },
            "95_nextLocal != nextAdjusted": {
              "O1_IS_BIT": "false",
              "O1_IS_COMPARE": "true",
              "O1_IS_LOGICAL": "false",
              "O1_IS_MATH": "false",
              "O1_IS_OTHERS": "false",
              "O1_IS_SHIFT": "false",
              "O2_LOGICAL_CONTAIN_NOT": "false",
              "O3_CONTAIN_01": "false",
              "O3_CONTAIN_NULL": "false",
              "O4_COMPARE_IN_CONDITION": "true",
              "O5_IS_MATH_ROOT": "false"
            },
            "96_(((\"Illegal instant due to time zone offset transition: \" + org.joda.time.format.DateTimeFormat.forPattern(\"yyyy-MM-dd'T'HH:mm:ss.SSS\").print(new org.joda.time.Instant(instantLocal))) + \" (\") + getID()) + \")\"": {
              "O1_IS_BIT": "false",
              "O1_IS_COMPARE": "false",
              "O1_IS_LOGICAL": "false",
              "O1_IS_MATH": "true",
              "O1_IS_OTHERS": "false",
              "O1_IS_SHIFT": "false",
              "O2_LOGICAL_CONTAIN_NOT": "false",
              "O3_CONTAIN_01": "false",
              "O3_CONTAIN_NULL": "false",
              "O4_COMPARE_IN_CONDITION": "false",
              "O5_IS_MATH_ROOT": "true"
            },
            "97_(((\"Illegal instant due to time zone offset transition: \" + org.joda.time.format.DateTimeFormat.forPattern(\"yyyy-MM-dd'T'HH:mm:ss.SSS\").print(new org.joda.time.Instant(instantLocal))) + \" (\") + getID())": {
              "O1_IS_BIT": "false",
              "O1_IS_COMPARE": "false",
              "O1_IS_LOGICAL": "false",
              "O1_IS_MATH": "true",
              "O1_IS_OTHERS": "false",
              "O1_IS_SHIFT": "false",
              "O2_LOGICAL_CONTAIN_NOT": "false",
              "O3_CONTAIN_01": "false",
              "O3_CONTAIN_NULL": "false",
              "O4_COMPARE_IN_CONDITION": "false",
              "O5_IS_MATH_ROOT": "false"
            },
            "98_((\"Illegal instant due to time zone offset transition: \" + org.joda.time.format.DateTimeFormat.forPattern(\"yyyy-MM-dd'T'HH:mm:ss.SSS\").print(new org.joda.time.Instant(instantLocal))) + \" (\")": {
              "O1_IS_BIT": "false",
              "O1_IS_COMPARE": "false",
              "O1_IS_LOGICAL": "false",
              "O1_IS_MATH": "true",
              "O1_IS_OTHERS": "false",
              "O1_IS_SHIFT": "false",
              "O2_LOGICAL_CONTAIN_NOT": "false",
              "O3_CONTAIN_01": "false",
              "O3_CONTAIN_NULL": "false",
              "O4_COMPARE_IN_CONDITION": "false",
              "O5_IS_MATH_ROOT": "false"
            },
            "99_(\"Illegal instant due to time zone offset transition: \" + org.joda.time.format.DateTimeFormat.forPattern(\"yyyy-MM-dd'T'HH:mm:ss.SSS\").print(new org.joda.time.Instant(instantLocal)))": {
              "O1_IS_BIT": "false",
              "O1_IS_COMPARE": "false",
              "O1_IS_LOGICAL": "false",
              "O1_IS_MATH": "true",
              "O1_IS_OTHERS": "false",
              "O1_IS_SHIFT": "false",
              "O2_LOGICAL_CONTAIN_NOT": "false",
              "O3_CONTAIN_01": "false",
              "O3_CONTAIN_NULL": "false",
              "O4_COMPARE_IN_CONDITION": "false",
              "O5_IS_MATH_ROOT": "false"
            },
            "9_id.startsWith(\"+\") || id.startsWith(\"-\")": {
              "O1_IS_BIT": "false",
              "O1_IS_COMPARE": "false",
              "O1_IS_LOGICAL": "true",
              "O1_IS_MATH": "false",
              "O1_IS_OTHERS": "false",
              "O1_IS_SHIFT": "false",
              "O2_LOGICAL_CONTAIN_NOT": "false",
              "O3_CONTAIN_01": "false",
              "O3_CONTAIN_NULL": "false",
              "O4_COMPARE_IN_CONDITION": "false",
              "O5_IS_MATH_ROOT": "false"
            }
          },
          "FEATURES_LOGICAL_EXPRESSION": {
            "logical_expression_0_offsetLocal > 0": {
              "LE10_ATOMIC_EXPRESSION_COMPARISION_SAME_LEFT": "false",
              "LE10_ATOMIC_EXPRESSION_COMPARISION_SAME_RIGHT": "false",
              "LE10_ATOMIC_EXPRESSION_MULTIPLE_VAR_AS_BOOLEAN": "false",
              "LE10_ATOMIC_EXPRESSION_SAME_INVOCATION_TARGET": "false",
              "LE10_ATOMIC_EXPRESSION_USED_IN_INVOCATION_COMPARISION_VARIABLE": "false",
              "LE10_CONTAINS_ALL_INVOCATION_COMPARISION_VARIABLE": "false",
              "LE1_EXISTS_RELATED_BOOLEAN_EXPRESSION": "true",
              "LE2_IS_BOOLEAN_METHOD_PARAM_TYPE_VAR": "false",
              "LE3_IS_COMPATIBLE_VAR_NOT_INCLUDED": "true",
              "LE4_EXISTS_LOCAL_UNUSED_VARIABLES": "false",
              "LE5_COMPLEX_REFERENCE": "true",
              "LE6_HAS_NEGATION": "false",
              "LE7_SIMPLE_VAR_OR_METHOD_IN_LOGIC": "false",
              "LE8_SCOPE_VAR_USED_OTHER_BOOLEXPER": "true",
              "LE9_EQUAL_NOTEQUAL_NULL_CHECK": "false",
              "LE9_MIX_CHECK": "false",
              "LE9_NORMAL_CHECK": "false",
              "LE9_NULL_CHECK": "false"
            }
          },
          "FEATURES_METHOD_INVOCATION": {},
          "FEATURES_TYPEACCESS": {},
          "FEATURES_VARS": {
            "offsetLocal": {
              "V10_VAR_TYPE_Similar_VAR": "true",
              "V11_VAR_COMPATIBLE_TYPE_IN_CONDITION": "true",
              "V12_VAR_Invocation_VAR_REPLACE_BY_VAR": "false",
              "V13_VAR_Invocation_VAR_REPLACE_BY_INVOCATION": "false",
              "V14_VAR_INSTANCE_OF_CLASS": "false",
              "V15_VAR_LAST_THREE_SAME_TYPE_LOC": "true",
              "V16_IS_METHOD_PARAMETER_TYPE_VAR": "true",
              "V17_VAR_IS_ENUMERATION": "false",
              "V18_Has_Method_Similar_In_Name": "false",
              "V19_With_Special_Name": "false",
              "V1_IS_TYPE_COMPATIBLE_METHOD_CALL_PARAM_RETURN": "true",
              "V1_LOCAL_VAR_NOT_ASSIGNED": "false",
              "V1_LOCAL_VAR_NOT_USED": "false",
              "V2_HAS_VAR_SIM_NAME": "false",
              "V2_HAS_VAR_SIM_NAME_COMP_TYPE": "false",
              "V2_SIMILAR_OBJECT_TYPE_WITH_NORMAL_GUARD": "false",
              "V2_SIMILAR_OBJECT_TYPE_WITH_NULL_GUARD": "false",
              "V3_HAS_CONSTANT": "false",
              "V4B_USED_MULTIPLE_AS_PARAMETER": "false",
              "V4_Field_NOT_ASSIGNED": "false",
              "V4_Field_NOT_USED": "false",
              "V5_HAS_VAR_IN_TRANSFORMATION": "true",
              "V5_SIMILAR_PRIMITIVE_TYPE_WITH_NORMAL_GUARD": "false",
              "V5_SIMILAR_PRIMITIVE_TYPE_WITH_NULL_GUARD": "false",
              "V6_IS_METHOD_RETURN_TYPE_VAR": "true",
              "V7_OBJECT_USED_IN_ASSIGNMENT": "false",
              "V8_PRIMITIVE_USED_IN_ASSIGNMENT": "false",
              "V8_VAR_OBJECT": "false",
              "V8_VAR_PRIMITIVE": "true",
              "V9_VAR_TYPE_Similar_Literal": "true"
            }
          },
          "S10_METHOD_CALL_WITH_NULL_GUARD": "false",
          "S11_FAULTY_CLASS_EXCEPTION_TYPE": "false",
          "S12_METHOD_CALL_WITH_TRY_CATCH": "false",
          "S13_TYPE_OF_FAULTY_STATEMENT_AFTER_1": "",
          "S13_TYPE_OF_FAULTY_STATEMENT_AFTER_2": "",
          "S13_TYPE_OF_FAULTY_STATEMENT_AFTER_3": "",
          "S13_TYPE_OF_FAULTY_STATEMENT_BEFORE_1": "",
          "S13_TYPE_OF_FAULTY_STATEMENT_BEFORE_2": "",
          "S13_TYPE_OF_FAULTY_STATEMENT_BEFORE_3": "",
          "S14_TYPE_OF_FAULTY_STATEMENT_PARENT": "If",
          "S15_HAS_OBJECTIVE_METHOD_CALL": "false",
          "S16_HAS_Invocations_Prone_Exception": "false",
          "S18_In_Synchronized_Method": "false",
          "S1_LOCAL_VAR_NOT_ASSIGNED": "false",
          "S1_LOCAL_VAR_NOT_USED": "false",
          "S2_SIMILAR_OBJECT_TYPE_WITH_NORMAL_GUARD": "false",
          "S2_SIMILAR_OBJECT_TYPE_WITH_NULL_GUARD": "false",
          "S3_TYPE_OF_FAULTY_STATEMENT": "If",
          "S4_Field_NOT_ASSIGNED": "false",
          "S4_Field_NOT_USED": "false",
          "S5_SIMILAR_PRIMITIVE_TYPE_WITH_NORMAL_GUARD": "false",
          "S5_SIMILAR_PRIMITIVE_TYPE_WITH_NULL_GUARD": "false",
          "S6_METHOD_THROWS_EXCEPTION": "false",
          "S7_OBJECT_USED_IN_ASSIGNMENT": "false",
          "S8_PRIMITIVE_USED_IN_ASSIGNMENT": "false",
          "S9_METHOD_CALL_WITH_NORMAL_GUARD": "false",
          "ast_info": {
            "dst": "offsetLocal >= 0",
            "dst_parent": "if (offsetLocal >= 0) {\n    long prev = previousTransition(instantAdjusted);\n    if (prev < instantAdjusted) {\n        int offsetPrev = getOffset(prev);\n        int diff = offsetPrev - offsetLocal;\n        if ((instantAdjusted - prev) <= diff) {\n            return offsetPrev;\n        }\n    }\n}",
            "dst_parent_type": "If",
            "dst_type": "BinaryOperator",
            "operator": "UPD",
            "src": "offsetLocal > 0",
            "src_parent": "if (offsetLocal > 0) {\n    long prev = previousTransition(instantAdjusted);\n    if (prev < instantAdjusted) {\n        int offsetPrev = getOffset(prev);\n        int diff = offsetPrev - offsetLocal;\n        if ((instantAdjusted - prev) <= diff) {\n            return offsetPrev;\n        }\n    }\n}",
            "src_parent_type": "If",
            "src_type": "BinaryOperator"
          }
        },
        {
          "P4J_FORMER_ABST_V_AF": "0",
          "P4J_FORMER_ASSIGN_CONST_AF": "0",
          "P4J_FORMER_ASSIGN_LHS_AF": "0",
          "P4J_FORMER_ASSIGN_ZERO_AF": "0",
          "P4J_FORMER_CALLEE_AF": "0",
          "P4J_FORMER_CALL_ARGUMENT_AF": "0",
          "P4J_FORMER_CHANGED_AF": "0",
          "P4J_FORMER_DEREF_AF": "0",
          "P4J_FORMER_FUNC_ARGUMENT_VF": "0",
          "P4J_FORMER_GLOBAL_VARIABLE_VF": "0",
          "P4J_FORMER_INDEX_AF": "0",
          "P4J_FORMER_INSERT_CONTROL_RF": "0",
          "P4J_FORMER_INSERT_GUARD_RF": "0",
          "P4J_FORMER_INSERT_STMT_RF": "0",
          "P4J_FORMER_LOCAL_VARIABLE_VF": "0",
          "P4J_FORMER_MEMBER_ACCESS_AF": "0",
          "P4J_FORMER_MEMBER_VF": "0",
          "P4J_FORMER_MODIFIED_SIMILAR_VF": "0",
          "P4J_FORMER_MODIFIED_VF": "0",
          "P4J_FORMER_NONZERO_CONST_VF": "0",
          "P4J_FORMER_OP_ADD_AF": "0",
          "P4J_FORMER_OP_DIV_AF": "0",
          "P4J_FORMER_OP_EQ_AF": "0",
          "P4J_FORMER_OP_GE_AF": "0",
          "P4J_FORMER_OP_GT_AF": "0",
          "P4J_FORMER_OP_LE_AF": "0",
          "P4J_FORMER_OP_LT_AF": "0",
          "P4J_FORMER_OP_MOD_AF": "0",
          "P4J_FORMER_OP_MUL_AF": "0",
          "P4J_FORMER_OP_NE_AF": "0",
          "P4J_FORMER_OP_SUB_AF": "0",
          "P4J_FORMER_REMOVE_PARTIAL_IF": "0",
          "P4J_FORMER_REMOVE_STMT": "0",
          "P4J_FORMER_REMOVE_WHOLE_BLOCK": "0",
          "P4J_FORMER_REMOVE_WHOLE_IF": "0",
          "P4J_FORMER_REPLACE_COND_RF": "0",
          "P4J_FORMER_REPLACE_STMT_RF": "0",
          "P4J_FORMER_R_STMT_ASSIGN_AF": "0",
          "P4J_FORMER_R_STMT_CALL_AF": "0",
          "P4J_FORMER_R_STMT_COND_AF": "0",
          "P4J_FORMER_R_STMT_CONTROL_AF": "0",
          "P4J_FORMER_SIZE_LITERAL_VF": "0",
          "P4J_FORMER_STMT_ASSIGN_AF": "0",
          "P4J_FORMER_STMT_CALL_AF": "0",
          "P4J_FORMER_STMT_COND_AF": "0",
          "P4J_FORMER_STMT_CONTROL_AF": "0",
          "P4J_FORMER_STMT_LABEL_AF": "0",
          "P4J_FORMER_STMT_LOOP_AF": "0",
          "P4J_FORMER_STRING_LITERAL_VF": "0",
          "P4J_FORMER_UOP_DEC_AF": "0",
          "P4J_FORMER_UOP_INC_AF": "0",
          "P4J_FORMER_ZERO_CONST_VF": "0",
          "P4J_LATER_ABST_V_AF": "0",
          "P4J_LATER_ASSIGN_CONST_AF": "0",
          "P4J_LATER_ASSIGN_LHS_AF": "0",
          "P4J_LATER_ASSIGN_ZERO_AF": "0",
          "P4J_LATER_CALLEE_AF": "0",
          "P4J_LATER_CALL_ARGUMENT_AF": "0",
          "P4J_LATER_CHANGED_AF": "0",
          "P4J_LATER_DEREF_AF": "0",
          "P4J_LATER_FUNC_ARGUMENT_VF": "0",
          "P4J_LATER_GLOBAL_VARIABLE_VF": "0",
          "P4J_LATER_INDEX_AF": "0",
          "P4J_LATER_INSERT_CONTROL_RF": "0",
          "P4J_LATER_INSERT_GUARD_RF": "0",
          "P4J_LATER_INSERT_STMT_RF": "0",
          "P4J_LATER_LOCAL_VARIABLE_VF": "0",
          "P4J_LATER_MEMBER_ACCESS_AF": "0",
          "P4J_LATER_MEMBER_VF": "0",
          "P4J_LATER_MODIFIED_SIMILAR_VF": "0",
          "P4J_LATER_MODIFIED_VF": "0",
          "P4J_LATER_NONZERO_CONST_VF": "0",
          "P4J_LATER_OP_ADD_AF": "0",
          "P4J_LATER_OP_DIV_AF": "0",
          "P4J_LATER_OP_EQ_AF": "0",
          "P4J_LATER_OP_GE_AF": "0",
          "P4J_LATER_OP_GT_AF": "0",
          "P4J_LATER_OP_LE_AF": "0",
          "P4J_LATER_OP_LT_AF": "0",
          "P4J_LATER_OP_MOD_AF": "0",
          "P4J_LATER_OP_MUL_AF": "0",
          "P4J_LATER_OP_NE_AF": "0",
          "P4J_LATER_OP_SUB_AF": "0",
          "P4J_LATER_REMOVE_PARTIAL_IF": "0",
          "P4J_LATER_REMOVE_STMT": "0",
          "P4J_LATER_REMOVE_WHOLE_BLOCK": "0",
          "P4J_LATER_REMOVE_WHOLE_IF": "0",
          "P4J_LATER_REPLACE_COND_RF": "0",
          "P4J_LATER_REPLACE_STMT_RF": "0",
          "P4J_LATER_R_STMT_ASSIGN_AF": "0",
          "P4J_LATER_R_STMT_CALL_AF": "0",
          "P4J_LATER_R_STMT_COND_AF": "0",
          "P4J_LATER_R_STMT_CONTROL_AF": "0",
          "P4J_LATER_SIZE_LITERAL_VF": "0",
          "P4J_LATER_STMT_ASSIGN_AF": "0",
          "P4J_LATER_STMT_CALL_AF": "0",
          "P4J_LATER_STMT_COND_AF": "0",
          "P4J_LATER_STMT_CONTROL_AF": "0",
          "P4J_LATER_STMT_LABEL_AF": "0",
          "P4J_LATER_STMT_LOOP_AF": "0",
          "P4J_LATER_STRING_LITERAL_VF": "0",
          "P4J_LATER_UOP_DEC_AF": "0",
          "P4J_LATER_UOP_INC_AF": "0",
          "P4J_LATER_ZERO_CONST_VF": "0",
          "P4J_SRC_ABST_V_AF": "0",
          "P4J_SRC_ASSIGN_CONST_AF": "0",
          "P4J_SRC_ASSIGN_LHS_AF": "0",
          "P4J_SRC_ASSIGN_ZERO_AF": "0",
          "P4J_SRC_CALLEE_AF": "0",
          "P4J_SRC_CALL_ARGUMENT_AF": "0",
          "P4J_SRC_CHANGED_AF": "0",
          "P4J_SRC_DEREF_AF": "0",
          "P4J_SRC_FUNC_ARGUMENT_VF": "0",
          "P4J_SRC_GLOBAL_VARIABLE_VF": "1",
          "P4J_SRC_INDEX_AF": "0",
          "P4J_SRC_INSERT_CONTROL_RF": "0",
          "P4J_SRC_INSERT_GUARD_RF": "0",
          "P4J_SRC_INSERT_STMT_RF": "0",
          "P4J_SRC_LOCAL_VARIABLE_VF": "0",
          "P4J_SRC_MEMBER_ACCESS_AF": "0",
          "P4J_SRC_MEMBER_VF": "0",
          "P4J_SRC_MODIFIED_SIMILAR_VF": "0",
          "P4J_SRC_MODIFIED_VF": "0",
          "P4J_SRC_NONZERO_CONST_VF": "0",
          "P4J_SRC_OP_ADD_AF": "0",
          "P4J_SRC_OP_DIV_AF": "0",
          "P4J_SRC_OP_EQ_AF": "0",
          "P4J_SRC_OP_GE_AF": "0",
          "P4J_SRC_OP_GT_AF": "1",
          "P4J_SRC_OP_LE_AF": "0",
          "P4J_SRC_OP_LT_AF": "0",
          "P4J_SRC_OP_MOD_AF": "0",
          "P4J_SRC_OP_MUL_AF": "0",
          "P4J_SRC_OP_NE_AF": "0",
          "P4J_SRC_OP_SUB_AF": "0",
          "P4J_SRC_REMOVE_PARTIAL_IF": "0",
          "P4J_SRC_REMOVE_STMT": "0",
          "P4J_SRC_REMOVE_WHOLE_BLOCK": "0",
          "P4J_SRC_REMOVE_WHOLE_IF": "0",
          "P4J_SRC_REPLACE_COND_RF": "1",
          "P4J_SRC_REPLACE_STMT_RF": "0",
          "P4J_SRC_R_STMT_ASSIGN_AF": "0",
          "P4J_SRC_R_STMT_CALL_AF": "0",
          "P4J_SRC_R_STMT_COND_AF": "0",
          "P4J_SRC_R_STMT_CONTROL_AF": "0",
          "P4J_SRC_SIZE_LITERAL_VF": "0",
          "P4J_SRC_STMT_ASSIGN_AF": "0",
          "P4J_SRC_STMT_CALL_AF": "0",
          "P4J_SRC_STMT_COND_AF": "1",
          "P4J_SRC_STMT_CONTROL_AF": "0",
          "P4J_SRC_STMT_LABEL_AF": "0",
          "P4J_SRC_STMT_LOOP_AF": "0",
          "P4J_SRC_STRING_LITERAL_VF": "0",
          "P4J_SRC_UOP_DEC_AF": "0",
          "P4J_SRC_UOP_INC_AF": "0",
          "P4J_SRC_ZERO_CONST_VF": "1"
        },
        {
          "repairPatterns": {
            "codeMove": 0,
            "condBlockExcAdd": 0,
            "condBlockOthersAdd": 0,
            "condBlockRem": 0,
            "condBlockRetAdd": 0,
            "constChange": 0,
            "copyPaste": 0,
            "expArithMod": 0,
            "expLogicExpand": 0,
            "expLogicMod": 2,
            "expLogicReduce": 0,
            "missNullCheckN": 0,
            "missNullCheckP": 0,
            "notClassified": 0,
            "singleLine": 1,
            "unwrapIfElse": 0,
            "unwrapMethod": 0,
            "unwrapTryCatch": 0,
            "wrapsElse": 0,
            "wrapsIf": 0,
            "wrapsIfElse": 0,
            "wrapsLoop": 0,
            "wrapsMethod": 0,
            "wrapsTryCatch": 0,
            "wrongMethodRef": 0,
            "wrongVarRef": 0
          }
        },
        {
          "UpdateLiteral": 0,
          "addLineNo": 1,
          "addThis": 0,
          "condLogicReduce": 0,
          "dupArgsInvocation": 0,
          "ifTrue": 0,
          "insertBooleanLiteral": 0,
          "insertIfFalse": 0,
          "insertNewConstLiteral": 0,
          "patchedFileNo": 1,
          "removeNullinCond": 0,
          "rmLineNo": 1,
          "updIfFalse": 0
        }
      ],
      "file_name": "HDRepair"
    }
  ],
  "id": "patch1-Time-19"
}