{
  "files": [
    {
      "features": [
        {
          "FEATURES_BINARYOPERATOR": {
            "0_prop == null": {
              "O1_IS_BIT": "false",
              "O1_IS_COMPARE": "true",
              "O1_IS_LOGICAL": "false",
              "O1_IS_MATH": "false",
              "O1_IS_OTHERS": "false",
              "O1_IS_SHIFT": "false",
              "O2_LOGICAL_CONTAIN_NOT": "false",
              "O3_CONTAIN_01": "false",
              "O3_CONTAIN_NULL": "true",
              "O4_COMPARE_IN_CONDITION": "false",
              "O5_IS_MATH_ROOT": "false"
            },
            "10_(!propA.isUnknownType()) && (!propB.isUnknownType())": {
              "O1_IS_BIT": "false",
              "O1_IS_COMPARE": "false",
              "O1_IS_LOGICAL": "true",
              "O1_IS_MATH": "false",
              "O1_IS_OTHERS": "false",
              "O1_IS_SHIFT": "false",
              "O2_LOGICAL_CONTAIN_NOT": "true",
              "O3_CONTAIN_01": "false",
              "O3_CONTAIN_NULL": "false",
              "O4_COMPARE_IN_CONDITION": "false",
              "O5_IS_MATH_ROOT": "false"
            },
            "11_type != resolvedType": {
              "O1_IS_BIT": "false",
              "O1_IS_COMPARE": "true",
              "O1_IS_LOGICAL": "false",
              "O1_IS_MATH": "false",
              "O1_IS_OTHERS": "false",
              "O1_IS_SHIFT": "false",
              "O2_LOGICAL_CONTAIN_NOT": "false",
              "O3_CONTAIN_01": "false",
              "O3_CONTAIN_NULL": "false",
              "O4_COMPARE_IN_CONDITION": "false",
              "O5_IS_MATH_ROOT": "false"
            },
            "1_otherRecord == this": {
              "O1_IS_BIT": "false",
              "O1_IS_COMPARE": "true",
              "O1_IS_LOGICAL": "false",
              "O1_IS_MATH": "false",
              "O1_IS_OTHERS": "false",
              "O1_IS_SHIFT": "false",
              "O2_LOGICAL_CONTAIN_NOT": "false",
              "O3_CONTAIN_01": "false",
              "O3_CONTAIN_NULL": "false",
              "O4_COMPARE_IN_CONDITION": "false",
              "O5_IS_MATH_ROOT": "false"
            },
            "2_that.toMaybeRecordType().hasProperty(property) && that.toMaybeRecordType().getPropertyType(property).isEquivalentTo(getPropertyType(property))": {
              "O1_IS_BIT": "false",
              "O1_IS_COMPARE": "false",
              "O1_IS_LOGICAL": "true",
              "O1_IS_MATH": "false",
              "O1_IS_OTHERS": "false",
              "O1_IS_SHIFT": "false",
              "O2_LOGICAL_CONTAIN_NOT": "false",
              "O3_CONTAIN_01": "false",
              "O3_CONTAIN_NULL": "false",
              "O4_COMPARE_IN_CONDITION": "false",
              "O5_IS_MATH_ROOT": "false"
            },
            "3_thatRecord.hasProperty(property) && (!thatRecord.getPropertyType(property).isEquivalentTo(getPropertyType(property)))": {
              "O1_IS_BIT": "false",
              "O1_IS_COMPARE": "false",
              "O1_IS_LOGICAL": "true",
              "O1_IS_MATH": "false",
              "O1_IS_OTHERS": "false",
              "O1_IS_SHIFT": "false",
              "O2_LOGICAL_CONTAIN_NOT": "true",
              "O3_CONTAIN_01": "false",
              "O3_CONTAIN_NULL": "false",
              "O4_COMPARE_IN_CONDITION": "false",
              "O5_IS_MATH_ROOT": "false"
            },
            "4_(((altPropType != null) && (!alt.isEquivalentTo(this))) && alt.isSubtype(that)) && ((propType.isUnknownType() || altPropType.isUnknownType()) || altPropType.isEquivalentTo(propType))": {
              "O1_IS_BIT": "false",
              "O1_IS_COMPARE": "false",
              "O1_IS_LOGICAL": "true",
              "O1_IS_MATH": "false",
              "O1_IS_OTHERS": "false",
              "O1_IS_SHIFT": "false",
              "O2_LOGICAL_CONTAIN_NOT": "false",
              "O3_CONTAIN_01": "false",
              "O3_CONTAIN_NULL": "false",
              "O4_COMPARE_IN_CONDITION": "false",
              "O5_IS_MATH_ROOT": "false"
            },
            "5_(((altPropType != null) && (!alt.isEquivalentTo(this))) && alt.isSubtype(that))": {
              "O1_IS_BIT": "false",
              "O1_IS_COMPARE": "false",
              "O1_IS_LOGICAL": "true",
              "O1_IS_MATH": "false",
              "O1_IS_OTHERS": "false",
              "O1_IS_SHIFT": "false",
              "O2_LOGICAL_CONTAIN_NOT": "false",
              "O3_CONTAIN_01": "false",
              "O3_CONTAIN_NULL": "false",
              "O4_COMPARE_IN_CONDITION": "false",
              "O5_IS_MATH_ROOT": "false"
            },
            "6_((altPropType != null) && (!alt.isEquivalentTo(this)))": {
              "O1_IS_BIT": "false",
              "O1_IS_COMPARE": "false",
              "O1_IS_LOGICAL": "true",
              "O1_IS_MATH": "false",
              "O1_IS_OTHERS": "false",
              "O1_IS_SHIFT": "false",
              "O2_LOGICAL_CONTAIN_NOT": "true",
              "O3_CONTAIN_01": "false",
              "O3_CONTAIN_NULL": "false",
              "O4_COMPARE_IN_CONDITION": "false",
              "O5_IS_MATH_ROOT": "false"
            },
            "7_(altPropType != null)": {
              "O1_IS_BIT": "false",
              "O1_IS_COMPARE": "true",
              "O1_IS_LOGICAL": "false",
              "O1_IS_MATH": "false",
              "O1_IS_OTHERS": "false",
              "O1_IS_SHIFT": "false",
              "O2_LOGICAL_CONTAIN_NOT": "false",
              "O3_CONTAIN_01": "false",
              "O3_CONTAIN_NULL": "true",
              "O4_COMPARE_IN_CONDITION": "false",
              "O5_IS_MATH_ROOT": "false"
            },
            "8_((propType.isUnknownType() || altPropType.isUnknownType()) || altPropType.isEquivalentTo(propType))": {
              "O1_IS_BIT": "false",
              "O1_IS_COMPARE": "false",
              "O1_IS_LOGICAL": "true",
              "O1_IS_MATH": "false",
              "O1_IS_OTHERS": "false",
              "O1_IS_SHIFT": "false",
              "O2_LOGICAL_CONTAIN_NOT": "false",
              "O3_CONTAIN_01": "false",
              "O3_CONTAIN_NULL": "false",
              "O4_COMPARE_IN_CONDITION": "false",
              "O5_IS_MATH_ROOT": "false"
            },
            "9_(propType.isUnknownType() || altPropType.isUnknownType())": {
              "O1_IS_BIT": "false",
              "O1_IS_COMPARE": "false",
              "O1_IS_LOGICAL": "true",
              "O1_IS_MATH": "false",
              "O1_IS_OTHERS": "false",
              "O1_IS_SHIFT": "false",
              "O2_LOGICAL_CONTAIN_NOT": "false",
              "O3_CONTAIN_01": "false",
              "O3_CONTAIN_NULL": "false",
              "O4_COMPARE_IN_CONDITION": "false",
              "O5_IS_MATH_ROOT": "false"
            }
          },
          "FEATURES_CONSTRUCTOR": {
            "java.lang.Object()": {
              "CON10_METHOD_CALL_WITH_NULL_GUARD": "false",
              "CON12_METHOD_CALL_WITH_TRY_CATCH": "false",
              "CON1_OVERLOADED_CONSTRUCTOR": "false",
              "CON2_SIMILAR_CONSTRUCTOR": "false",
              "CON3_WRAPTTED_IN_OTHER_CALLS": "false",
              "CON4_Return_Primitive": "false",
              "CON5_Of_Class": "false",
              "CON6_Argument_Has_Primitive": "false",
              "CON9_METHOD_CALL_WITH_NORMAL_GUARD": "false"
            }
          },
          "FEATURES_LOGICAL_EXPRESSION": {
            "logical_expression_0_!that.isRecordType()": {
              "LE10_ATOMIC_EXPRESSION_COMPARISION_SAME_LEFT": "false",
              "LE10_ATOMIC_EXPRESSION_COMPARISION_SAME_RIGHT": "false",
              "LE10_ATOMIC_EXPRESSION_MULTIPLE_VAR_AS_BOOLEAN": "false",
              "LE10_ATOMIC_EXPRESSION_SAME_INVOCATION_TARGET": "false",
              "LE10_ATOMIC_EXPRESSION_USED_IN_INVOCATION_COMPARISION_VARIABLE": "false",
              "LE10_CONTAINS_ALL_INVOCATION_COMPARISION_VARIABLE": "false",
              "LE1_EXISTS_RELATED_BOOLEAN_EXPRESSION": "true",
              "LE2_IS_BOOLEAN_METHOD_PARAM_TYPE_VAR": "true",
              "LE3_IS_COMPATIBLE_VAR_NOT_INCLUDED": "false",
              "LE4_EXISTS_LOCAL_UNUSED_VARIABLES": "true",
              "LE5_COMPLEX_REFERENCE": "true",
              "LE6_HAS_NEGATION": "false",
              "LE7_SIMPLE_VAR_OR_METHOD_IN_LOGIC": "false",
              "LE8_SCOPE_VAR_USED_OTHER_BOOLEXPER": "false",
              "LE9_EQUAL_NOTEQUAL_NULL_CHECK": "false",
              "LE9_MIX_CHECK": "false",
              "LE9_NORMAL_CHECK": "false",
              "LE9_NULL_CHECK": "false"
            },
            "logical_expression_1_that.toMaybeRecordType().hasProperty(property) && that.toMaybeRecordType().getPropertyType(property).isEquivalentTo(getPropertyType(property))": {
              "LE10_ATOMIC_EXPRESSION_COMPARISION_SAME_LEFT": "false",
              "LE10_ATOMIC_EXPRESSION_COMPARISION_SAME_RIGHT": "false",
              "LE10_ATOMIC_EXPRESSION_MULTIPLE_VAR_AS_BOOLEAN": "false",
              "LE10_ATOMIC_EXPRESSION_SAME_INVOCATION_TARGET": "false",
              "LE10_ATOMIC_EXPRESSION_USED_IN_INVOCATION_COMPARISION_VARIABLE": "false",
              "LE10_CONTAINS_ALL_INVOCATION_COMPARISION_VARIABLE": "false",
              "LE1_EXISTS_RELATED_BOOLEAN_EXPRESSION": "true",
              "LE2_IS_BOOLEAN_METHOD_PARAM_TYPE_VAR": "true",
              "LE3_IS_COMPATIBLE_VAR_NOT_INCLUDED": "false",
              "LE4_EXISTS_LOCAL_UNUSED_VARIABLES": "true",
              "LE5_COMPLEX_REFERENCE": "true",
              "LE6_HAS_NEGATION": "false",
              "LE7_SIMPLE_VAR_OR_METHOD_IN_LOGIC": "false",
              "LE8_SCOPE_VAR_USED_OTHER_BOOLEXPER": "false",
              "LE9_EQUAL_NOTEQUAL_NULL_CHECK": "false",
              "LE9_MIX_CHECK": "false",
              "LE9_NORMAL_CHECK": "true",
              "LE9_NULL_CHECK": "false"
            }
          },
          "FEATURES_METHODS": {
            "addProperty": {
              "M10_METHOD_CALL_WITH_NULL_GUARD": "false",
              "M10_WRAPTTED_IN_OTHER_CALLS": "false",
              "M11_Satrt_With_Get": "false",
              "M12_Has_Var_Similar_In_Name": "false",
              "M12_METHOD_CALL_WITH_TRY_CATCH": "false",
              "M13_Argument_Has_Primitive": "true",
              "M1_LOCAL_VAR_NOT_ASSIGNED": "false",
              "M1_LOCAL_VAR_NOT_USED": "false",
              "M1_OVERLOADED_METHOD": "false",
              "M2_SIMILAR_METHOD_WITH_SAME_RETURN": "false",
              "M2_SIMILAR_OBJECT_TYPE_WITH_NORMAL_GUARD": "false",
              "M2_SIMILAR_OBJECT_TYPE_WITH_NULL_GUARD": "false",
              "M3_ANOTHER_METHOD_WITH_PARAMETER_RETURN_COMP": "false",
              "M4_Field_NOT_ASSIGNED": "false",
              "M4_Field_NOT_USED": "false",
              "M4_PARAMETER_RETURN_COMPABILITY": "false",
              "M5_MI_WITH_COMPATIBLE_VAR_TYPE": "false",
              "M5_SIMILAR_PRIMITIVE_TYPE_WITH_NORMAL_GUARD": "false",
              "M5_SIMILAR_PRIMITIVE_TYPE_WITH_NULL_GUARD": "false",
              "M6_INV_Invocation_INV_REPLACE_BY_VAR": "false",
              "M7_INV_Invocation_INV_REPLACE_BY_INV": "false",
              "M7_OBJECT_USED_IN_ASSIGNMENT": "false",
              "M8_PRIMITIVE_USED_IN_ASSIGNMENT": "false",
              "M8_RETURN_PRIMITIVE": "false",
              "M9_METHOD_CALL_WITH_NORMAL_GUARD": "false",
              "M9_RETURN_OBJECTIVE": "true"
            },
            "build": {
              "M10_METHOD_CALL_WITH_NULL_GUARD": "false",
              "M10_WRAPTTED_IN_OTHER_CALLS": "true",
              "M11_Satrt_With_Get": "false",
              "M12_Has_Var_Similar_In_Name": "false",
              "M12_METHOD_CALL_WITH_TRY_CATCH": "false",
              "M13_Argument_Has_Primitive": "false",
              "M1_LOCAL_VAR_NOT_ASSIGNED": "false",
              "M1_LOCAL_VAR_NOT_USED": "false",
              "M1_OVERLOADED_METHOD": "false",
              "M2_SIMILAR_METHOD_WITH_SAME_RETURN": "false",
              "M2_SIMILAR_OBJECT_TYPE_WITH_NORMAL_GUARD": "false",
              "M2_SIMILAR_OBJECT_TYPE_WITH_NULL_GUARD": "false",
              "M3_ANOTHER_METHOD_WITH_PARAMETER_RETURN_COMP": "true",
              "M4_Field_NOT_ASSIGNED": "false",
              "M4_Field_NOT_USED": "false",
              "M4_PARAMETER_RETURN_COMPABILITY": "false",
              "M5_MI_WITH_COMPATIBLE_VAR_TYPE": "false",
              "M5_SIMILAR_PRIMITIVE_TYPE_WITH_NORMAL_GUARD": "false",
              "M5_SIMILAR_PRIMITIVE_TYPE_WITH_NULL_GUARD": "false",
              "M6_INV_Invocation_INV_REPLACE_BY_VAR": "false",
              "M7_INV_Invocation_INV_REPLACE_BY_INV": "false",
              "M7_OBJECT_USED_IN_ASSIGNMENT": "false",
              "M8_PRIMITIVE_USED_IN_ASSIGNMENT": "false",
              "M8_RETURN_PRIMITIVE": "false",
              "M9_METHOD_CALL_WITH_NORMAL_GUARD": "false",
              "M9_RETURN_OBJECTIVE": "true"
            },
            "getLeastSupertype": {
              "M10_METHOD_CALL_WITH_NULL_GUARD": "false",
              "M10_WRAPTTED_IN_OTHER_CALLS": "false",
              "M11_Satrt_With_Get": "true",
              "M12_Has_Var_Similar_In_Name": "false",
              "M12_METHOD_CALL_WITH_TRY_CATCH": "false",
              "M13_Argument_Has_Primitive": "false",
              "M1_LOCAL_VAR_NOT_ASSIGNED": "false",
              "M1_LOCAL_VAR_NOT_USED": "false",
              "M1_OVERLOADED_METHOD": "true",
              "M2_SIMILAR_METHOD_WITH_SAME_RETURN": "false",
              "M2_SIMILAR_OBJECT_TYPE_WITH_NORMAL_GUARD": "false",
              "M2_SIMILAR_OBJECT_TYPE_WITH_NULL_GUARD": "false",
              "M3_ANOTHER_METHOD_WITH_PARAMETER_RETURN_COMP": "true",
              "M4_Field_NOT_ASSIGNED": "false",
              "M4_Field_NOT_USED": "false",
              "M4_PARAMETER_RETURN_COMPABILITY": "true",
              "M5_MI_WITH_COMPATIBLE_VAR_TYPE": "false",
              "M5_SIMILAR_PRIMITIVE_TYPE_WITH_NORMAL_GUARD": "false",
              "M5_SIMILAR_PRIMITIVE_TYPE_WITH_NULL_GUARD": "false",
              "M6_INV_Invocation_INV_REPLACE_BY_VAR": "false",
              "M7_INV_Invocation_INV_REPLACE_BY_INV": "false",
              "M7_OBJECT_USED_IN_ASSIGNMENT": "false",
              "M8_PRIMITIVE_USED_IN_ASSIGNMENT": "false",
              "M8_RETURN_PRIMITIVE": "false",
              "M9_METHOD_CALL_WITH_NORMAL_GUARD": "false",
              "M9_RETURN_OBJECTIVE": "true"
            },
            "getPropertyNode": {
              "M10_METHOD_CALL_WITH_NULL_GUARD": "false",
              "M10_WRAPTTED_IN_OTHER_CALLS": "true",
              "M11_Satrt_With_Get": "true",
              "M12_Has_Var_Similar_In_Name": "false",
              "M12_METHOD_CALL_WITH_TRY_CATCH": "false",
              "M13_Argument_Has_Primitive": "true",
              "M1_LOCAL_VAR_NOT_ASSIGNED": "false",
              "M1_LOCAL_VAR_NOT_USED": "false",
              "M1_OVERLOADED_METHOD": "false",
              "M2_SIMILAR_METHOD_WITH_SAME_RETURN": "false",
              "M2_SIMILAR_OBJECT_TYPE_WITH_NORMAL_GUARD": "false",
              "M2_SIMILAR_OBJECT_TYPE_WITH_NULL_GUARD": "false",
              "M3_ANOTHER_METHOD_WITH_PARAMETER_RETURN_COMP": "false",
              "M4_Field_NOT_ASSIGNED": "false",
              "M4_Field_NOT_USED": "false",
              "M4_PARAMETER_RETURN_COMPABILITY": "false",
              "M5_MI_WITH_COMPATIBLE_VAR_TYPE": "false",
              "M5_SIMILAR_PRIMITIVE_TYPE_WITH_NORMAL_GUARD": "false",
              "M5_SIMILAR_PRIMITIVE_TYPE_WITH_NULL_GUARD": "false",
              "M6_INV_Invocation_INV_REPLACE_BY_VAR": "false",
              "M7_INV_Invocation_INV_REPLACE_BY_INV": "false",
              "M7_OBJECT_USED_IN_ASSIGNMENT": "false",
              "M8_PRIMITIVE_USED_IN_ASSIGNMENT": "false",
              "M8_RETURN_PRIMITIVE": "false",
              "M9_METHOD_CALL_WITH_NORMAL_GUARD": "false",
              "M9_RETURN_OBJECTIVE": "true"
            },
            "getPropertyType": {
              "M10_METHOD_CALL_WITH_NULL_GUARD": "false",
              "M10_WRAPTTED_IN_OTHER_CALLS": "true",
              "M11_Satrt_With_Get": "true",
              "M12_Has_Var_Similar_In_Name": "false",
              "M12_METHOD_CALL_WITH_TRY_CATCH": "false",
              "M13_Argument_Has_Primitive": "true",
              "M1_LOCAL_VAR_NOT_ASSIGNED": "false",
              "M1_LOCAL_VAR_NOT_USED": "false",
              "M1_OVERLOADED_METHOD": "false",
              "M2_SIMILAR_METHOD_WITH_SAME_RETURN": "false",
              "M2_SIMILAR_OBJECT_TYPE_WITH_NORMAL_GUARD": "false",
              "M2_SIMILAR_OBJECT_TYPE_WITH_NULL_GUARD": "false",
              "M3_ANOTHER_METHOD_WITH_PARAMETER_RETURN_COMP": "false",
              "M4_Field_NOT_ASSIGNED": "false",
              "M4_Field_NOT_USED": "false",
              "M4_PARAMETER_RETURN_COMPABILITY": "false",
              "M5_MI_WITH_COMPATIBLE_VAR_TYPE": "false",
              "M5_SIMILAR_PRIMITIVE_TYPE_WITH_NORMAL_GUARD": "false",
              "M5_SIMILAR_PRIMITIVE_TYPE_WITH_NULL_GUARD": "false",
              "M6_INV_Invocation_INV_REPLACE_BY_VAR": "false",
              "M7_INV_Invocation_INV_REPLACE_BY_INV": "false",
              "M7_OBJECT_USED_IN_ASSIGNMENT": "false",
              "M8_PRIMITIVE_USED_IN_ASSIGNMENT": "false",
              "M8_RETURN_PRIMITIVE": "false",
              "M9_METHOD_CALL_WITH_NORMAL_GUARD": "false",
              "M9_RETURN_OBJECTIVE": "true"
            },
            "hasProperty": {
              "M10_METHOD_CALL_WITH_NULL_GUARD": "false",
              "M10_WRAPTTED_IN_OTHER_CALLS": "false",
              "M11_Satrt_With_Get": "false",
              "M12_Has_Var_Similar_In_Name": "false",
              "M12_METHOD_CALL_WITH_TRY_CATCH": "false",
              "M13_Argument_Has_Primitive": "true",
              "M1_LOCAL_VAR_NOT_ASSIGNED": "false",
              "M1_LOCAL_VAR_NOT_USED": "false",
              "M1_OVERLOADED_METHOD": "false",
              "M2_SIMILAR_METHOD_WITH_SAME_RETURN": "false",
              "M2_SIMILAR_OBJECT_TYPE_WITH_NORMAL_GUARD": "false",
              "M2_SIMILAR_OBJECT_TYPE_WITH_NULL_GUARD": "false",
              "M3_ANOTHER_METHOD_WITH_PARAMETER_RETURN_COMP": "false",
              "M4_Field_NOT_ASSIGNED": "false",
              "M4_Field_NOT_USED": "false",
              "M4_PARAMETER_RETURN_COMPABILITY": "false",
              "M5_MI_WITH_COMPATIBLE_VAR_TYPE": "false",
              "M5_SIMILAR_PRIMITIVE_TYPE_WITH_NORMAL_GUARD": "false",
              "M5_SIMILAR_PRIMITIVE_TYPE_WITH_NULL_GUARD": "false",
              "M6_INV_Invocation_INV_REPLACE_BY_VAR": "false",
              "M7_INV_Invocation_INV_REPLACE_BY_INV": "false",
              "M7_OBJECT_USED_IN_ASSIGNMENT": "false",
              "M8_PRIMITIVE_USED_IN_ASSIGNMENT": "false",
              "M8_RETURN_PRIMITIVE": "false",
              "M9_METHOD_CALL_WITH_NORMAL_GUARD": "false",
              "M9_RETURN_OBJECTIVE": "true"
            },
            "isEquivalentTo": {
              "M10_METHOD_CALL_WITH_NULL_GUARD": "false",
              "M10_WRAPTTED_IN_OTHER_CALLS": "false",
              "M11_Satrt_With_Get": "false",
              "M12_Has_Var_Similar_In_Name": "false",
              "M12_METHOD_CALL_WITH_TRY_CATCH": "false",
              "M13_Argument_Has_Primitive": "false",
              "M1_LOCAL_VAR_NOT_ASSIGNED": "true",
              "M1_LOCAL_VAR_NOT_USED": "false",
              "M1_OVERLOADED_METHOD": "true",
              "M2_SIMILAR_METHOD_WITH_SAME_RETURN": "false",
              "M2_SIMILAR_OBJECT_TYPE_WITH_NORMAL_GUARD": "false",
              "M2_SIMILAR_OBJECT_TYPE_WITH_NULL_GUARD": "false",
              "M3_ANOTHER_METHOD_WITH_PARAMETER_RETURN_COMP": "false",
              "M4_Field_NOT_ASSIGNED": "false",
              "M4_Field_NOT_USED": "false",
              "M4_PARAMETER_RETURN_COMPABILITY": "false",
              "M5_MI_WITH_COMPATIBLE_VAR_TYPE": "false",
              "M5_SIMILAR_PRIMITIVE_TYPE_WITH_NORMAL_GUARD": "false",
              "M5_SIMILAR_PRIMITIVE_TYPE_WITH_NULL_GUARD": "false",
              "M6_INV_Invocation_INV_REPLACE_BY_VAR": "false",
              "M7_INV_Invocation_INV_REPLACE_BY_INV": "false",
              "M7_OBJECT_USED_IN_ASSIGNMENT": "false",
              "M8_PRIMITIVE_USED_IN_ASSIGNMENT": "false",
              "M8_RETURN_PRIMITIVE": "false",
              "M9_METHOD_CALL_WITH_NORMAL_GUARD": "true",
              "M9_RETURN_OBJECTIVE": "true"
            },
            "isRecordType": {
              "M10_METHOD_CALL_WITH_NULL_GUARD": "false",
              "M10_WRAPTTED_IN_OTHER_CALLS": "false",
              "M11_Satrt_With_Get": "false",
              "M12_Has_Var_Similar_In_Name": "false",
              "M12_METHOD_CALL_WITH_TRY_CATCH": "false",
              "M13_Argument_Has_Primitive": "false",
              "M1_LOCAL_VAR_NOT_ASSIGNED": "false",
              "M1_LOCAL_VAR_NOT_USED": "false",
              "M1_OVERLOADED_METHOD": "false",
              "M2_SIMILAR_METHOD_WITH_SAME_RETURN": "false",
              "M2_SIMILAR_OBJECT_TYPE_WITH_NORMAL_GUARD": "false",
              "M2_SIMILAR_OBJECT_TYPE_WITH_NULL_GUARD": "false",
              "M3_ANOTHER_METHOD_WITH_PARAMETER_RETURN_COMP": "false",
              "M4_Field_NOT_ASSIGNED": "false",
              "M4_Field_NOT_USED": "false",
              "M4_PARAMETER_RETURN_COMPABILITY": "false",
              "M5_MI_WITH_COMPATIBLE_VAR_TYPE": "false",
              "M5_SIMILAR_PRIMITIVE_TYPE_WITH_NORMAL_GUARD": "false",
              "M5_SIMILAR_PRIMITIVE_TYPE_WITH_NULL_GUARD": "false",
              "M6_INV_Invocation_INV_REPLACE_BY_VAR": "false",
              "M7_INV_Invocation_INV_REPLACE_BY_INV": "false",
              "M7_OBJECT_USED_IN_ASSIGNMENT": "false",
              "M8_PRIMITIVE_USED_IN_ASSIGNMENT": "false",
              "M8_RETURN_PRIMITIVE": "false",
              "M9_METHOD_CALL_WITH_NORMAL_GUARD": "false",
              "M9_RETURN_OBJECTIVE": "true"
            },
            "keySet": {
              "M10_METHOD_CALL_WITH_NULL_GUARD": "false",
              "M10_WRAPTTED_IN_OTHER_CALLS": "false",
              "M11_Satrt_With_Get": "false",
              "M12_Has_Var_Similar_In_Name": "false",
              "M12_METHOD_CALL_WITH_TRY_CATCH": "false",
              "M13_Argument_Has_Primitive": "false",
              "M1_LOCAL_VAR_NOT_ASSIGNED": "false",
              "M1_LOCAL_VAR_NOT_USED": "false",
              "M1_OVERLOADED_METHOD": "false",
              "M2_SIMILAR_METHOD_WITH_SAME_RETURN": "false",
              "M2_SIMILAR_OBJECT_TYPE_WITH_NORMAL_GUARD": "false",
              "M2_SIMILAR_OBJECT_TYPE_WITH_NULL_GUARD": "false",
              "M3_ANOTHER_METHOD_WITH_PARAMETER_RETURN_COMP": "false",
              "M4_Field_NOT_ASSIGNED": "false",
              "M4_Field_NOT_USED": "false",
              "M4_PARAMETER_RETURN_COMPABILITY": "false",
              "M5_MI_WITH_COMPATIBLE_VAR_TYPE": "false",
              "M5_SIMILAR_PRIMITIVE_TYPE_WITH_NORMAL_GUARD": "false",
              "M5_SIMILAR_PRIMITIVE_TYPE_WITH_NULL_GUARD": "false",
              "M6_INV_Invocation_INV_REPLACE_BY_VAR": "false",
              "M7_INV_Invocation_INV_REPLACE_BY_INV": "false",
              "M7_OBJECT_USED_IN_ASSIGNMENT": "false",
              "M8_PRIMITIVE_USED_IN_ASSIGNMENT": "false",
              "M8_RETURN_PRIMITIVE": "false",
              "M9_METHOD_CALL_WITH_NORMAL_GUARD": "false",
              "M9_RETURN_OBJECTIVE": "true"
            },
            "toMaybeRecordType": {
              "M10_METHOD_CALL_WITH_NULL_GUARD": "false",
              "M10_WRAPTTED_IN_OTHER_CALLS": "true",
              "M11_Satrt_With_Get": "false",
              "M12_Has_Var_Similar_In_Name": "false",
              "M12_METHOD_CALL_WITH_TRY_CATCH": "false",
              "M13_Argument_Has_Primitive": "false",
              "M1_LOCAL_VAR_NOT_ASSIGNED": "false",
              "M1_LOCAL_VAR_NOT_USED": "false",
              "M1_OVERLOADED_METHOD": "false",
              "M2_SIMILAR_METHOD_WITH_SAME_RETURN": "false",
              "M2_SIMILAR_OBJECT_TYPE_WITH_NORMAL_GUARD": "false",
              "M2_SIMILAR_OBJECT_TYPE_WITH_NULL_GUARD": "false",
              "M3_ANOTHER_METHOD_WITH_PARAMETER_RETURN_COMP": "false",
              "M4_Field_NOT_ASSIGNED": "false",
              "M4_Field_NOT_USED": "false",
              "M4_PARAMETER_RETURN_COMPABILITY": "false",
              "M5_MI_WITH_COMPATIBLE_VAR_TYPE": "false",
              "M5_SIMILAR_PRIMITIVE_TYPE_WITH_NORMAL_GUARD": "false",
              "M5_SIMILAR_PRIMITIVE_TYPE_WITH_NULL_GUARD": "false",
              "M6_INV_Invocation_INV_REPLACE_BY_VAR": "false",
              "M7_INV_Invocation_INV_REPLACE_BY_INV": "false",
              "M7_OBJECT_USED_IN_ASSIGNMENT": "false",
              "M8_PRIMITIVE_USED_IN_ASSIGNMENT": "false",
              "M8_RETURN_PRIMITIVE": "false",
              "M9_METHOD_CALL_WITH_NORMAL_GUARD": "true",
              "M9_RETURN_OBJECTIVE": "true"
            }
          },
          "FEATURES_METHOD_INVOCATION": {},
          "FEATURES_TYPEACCESS": {
            "com.google.javascript.rhino.jstype.RecordType": {
              "C3_TYPEACCESS_ACTUAL_VAR": "false",
              "C4_SIMILAR_TYPEACCESS_ACTUAL_VAR": "false"
            }
          },
          "FEATURES_VARS": {
            "builder": {
              "V10_VAR_TYPE_Similar_VAR": "false",
              "V11_VAR_COMPATIBLE_TYPE_IN_CONDITION": "false",
              "V12_VAR_Invocation_VAR_REPLACE_BY_VAR": "false",
              "V13_VAR_Invocation_VAR_REPLACE_BY_INVOCATION": "false",
              "V14_VAR_INSTANCE_OF_CLASS": "false",
              "V16_IS_METHOD_PARAMETER_TYPE_VAR": "true",
              "V17_VAR_IS_ENUMERATION": "false",
              "V18_Has_Method_Similar_In_Name": "true",
              "V19_With_Special_Name": "false",
              "V1_IS_TYPE_COMPATIBLE_METHOD_CALL_PARAM_RETURN": "false",
              "V1_LOCAL_VAR_NOT_ASSIGNED": "false",
              "V1_LOCAL_VAR_NOT_USED": "false",
              "V2_HAS_VAR_SIM_NAME": "false",
              "V2_HAS_VAR_SIM_NAME_COMP_TYPE": "false",
              "V3_HAS_CONSTANT": "false",
              "V4B_USED_MULTIPLE_AS_PARAMETER": "false",
              "V4_Field_NOT_ASSIGNED": "false",
              "V4_Field_NOT_USED": "false",
              "V5_HAS_VAR_IN_TRANSFORMATION": "false",
              "V6_IS_METHOD_RETURN_TYPE_VAR": "true",
              "V8_VAR_OBJECT": "true",
              "V8_VAR_PRIMITIVE": "false",
              "V9_VAR_TYPE_Similar_Literal": "false"
            },
            "properties": {
              "V10_VAR_TYPE_Similar_VAR": "false",
              "V11_VAR_COMPATIBLE_TYPE_IN_CONDITION": "false",
              "V12_VAR_Invocation_VAR_REPLACE_BY_VAR": "false",
              "V13_VAR_Invocation_VAR_REPLACE_BY_INVOCATION": "false",
              "V14_VAR_INSTANCE_OF_CLASS": "false",
              "V16_IS_METHOD_PARAMETER_TYPE_VAR": "true",
              "V17_VAR_IS_ENUMERATION": "false",
              "V18_Has_Method_Similar_In_Name": "false",
              "V19_With_Special_Name": "false",
              "V1_IS_TYPE_COMPATIBLE_METHOD_CALL_PARAM_RETURN": "false",
              "V1_LOCAL_VAR_NOT_ASSIGNED": "false",
              "V1_LOCAL_VAR_NOT_USED": "false",
              "V2_HAS_VAR_SIM_NAME": "false",
              "V2_HAS_VAR_SIM_NAME_COMP_TYPE": "false",
              "V3_HAS_CONSTANT": "false",
              "V4B_USED_MULTIPLE_AS_PARAMETER": "false",
              "V4_Field_NOT_ASSIGNED": "false",
              "V4_Field_NOT_USED": "false",
              "V5_HAS_VAR_IN_TRANSFORMATION": "false",
              "V6_IS_METHOD_RETURN_TYPE_VAR": "true",
              "V8_VAR_OBJECT": "true",
              "V8_VAR_PRIMITIVE": "false",
              "V9_VAR_TYPE_Similar_Literal": "false"
            },
            "property": {
              "V10_VAR_TYPE_Similar_VAR": "false",
              "V11_VAR_COMPATIBLE_TYPE_IN_CONDITION": "false",
              "V12_VAR_Invocation_VAR_REPLACE_BY_VAR": "false",
              "V13_VAR_Invocation_VAR_REPLACE_BY_INVOCATION": "false",
              "V14_VAR_INSTANCE_OF_CLASS": "false",
              "V16_IS_METHOD_PARAMETER_TYPE_VAR": "true",
              "V17_VAR_IS_ENUMERATION": "false",
              "V18_Has_Method_Similar_In_Name": "true",
              "V19_With_Special_Name": "false",
              "V1_IS_TYPE_COMPATIBLE_METHOD_CALL_PARAM_RETURN": "false",
              "V1_LOCAL_VAR_NOT_ASSIGNED": "true",
              "V1_LOCAL_VAR_NOT_USED": "false",
              "V2_HAS_VAR_SIM_NAME": "false",
              "V2_HAS_VAR_SIM_NAME_COMP_TYPE": "false",
              "V3_HAS_CONSTANT": "false",
              "V4B_USED_MULTIPLE_AS_PARAMETER": "false",
              "V4_FIRST_TIME_USED_AS_PARAMETER": "true",
              "V4_Field_NOT_ASSIGNED": "false",
              "V4_Field_NOT_USED": "false",
              "V5_HAS_VAR_IN_TRANSFORMATION": "false",
              "V6_IS_METHOD_RETURN_TYPE_VAR": "true",
              "V8_VAR_OBJECT": "false",
              "V8_VAR_PRIMITIVE": "true",
              "V9_VAR_TYPE_Similar_Literal": "true"
            },
            "registry": {
              "V10_VAR_TYPE_Similar_VAR": "false",
              "V11_VAR_COMPATIBLE_TYPE_IN_CONDITION": "false",
              "V12_VAR_Invocation_VAR_REPLACE_BY_VAR": "false",
              "V13_VAR_Invocation_VAR_REPLACE_BY_INVOCATION": "false",
              "V14_VAR_INSTANCE_OF_CLASS": "true",
              "V16_IS_METHOD_PARAMETER_TYPE_VAR": "true",
              "V17_VAR_IS_ENUMERATION": "false",
              "V18_Has_Method_Similar_In_Name": "false",
              "V19_With_Special_Name": "false",
              "V1_IS_TYPE_COMPATIBLE_METHOD_CALL_PARAM_RETURN": "false",
              "V1_LOCAL_VAR_NOT_ASSIGNED": "false",
              "V1_LOCAL_VAR_NOT_USED": "false",
              "V2_HAS_VAR_SIM_NAME": "false",
              "V2_HAS_VAR_SIM_NAME_COMP_TYPE": "false",
              "V3_HAS_CONSTANT": "false",
              "V4B_USED_MULTIPLE_AS_PARAMETER": "false",
              "V4_Field_NOT_ASSIGNED": "false",
              "V4_Field_NOT_USED": "false",
              "V5_HAS_VAR_IN_TRANSFORMATION": "false",
              "V6_IS_METHOD_RETURN_TYPE_VAR": "true",
              "V8_VAR_OBJECT": "true",
              "V8_VAR_PRIMITIVE": "false",
              "V9_VAR_TYPE_Similar_Literal": "false"
            },
            "that": {
              "V10_VAR_TYPE_Similar_VAR": "false",
              "V11_VAR_COMPATIBLE_TYPE_IN_CONDITION": "false",
              "V12_VAR_Invocation_VAR_REPLACE_BY_VAR": "false",
              "V13_VAR_Invocation_VAR_REPLACE_BY_INVOCATION": "false",
              "V14_VAR_INSTANCE_OF_CLASS": "false",
              "V16_IS_METHOD_PARAMETER_TYPE_VAR": "true",
              "V17_VAR_IS_ENUMERATION": "false",
              "V18_Has_Method_Similar_In_Name": "false",
              "V19_With_Special_Name": "false",
              "V1_IS_TYPE_COMPATIBLE_METHOD_CALL_PARAM_RETURN": "true",
              "V1_LOCAL_VAR_NOT_ASSIGNED": "false",
              "V1_LOCAL_VAR_NOT_USED": "false",
              "V2_HAS_VAR_SIM_NAME": "false",
              "V2_HAS_VAR_SIM_NAME_COMP_TYPE": "false",
              "V3_HAS_CONSTANT": "false",
              "V4B_USED_MULTIPLE_AS_PARAMETER": "false",
              "V4_Field_NOT_ASSIGNED": "false",
              "V4_Field_NOT_USED": "false",
              "V5_HAS_VAR_IN_TRANSFORMATION": "false",
              "V6_IS_METHOD_RETURN_TYPE_VAR": "true",
              "V8_VAR_OBJECT": "true",
              "V8_VAR_PRIMITIVE": "false",
              "V9_VAR_TYPE_Similar_Literal": "false"
            }
          },
          "S10_METHOD_CALL_WITH_NULL_GUARD": "false",
          "S11_FAULTY_CLASS_EXCEPTION_TYPE": "false",
          "S12_METHOD_CALL_WITH_TRY_CATCH": "false",
          "S13_TYPE_OF_FAULTY_STATEMENT_AFTER_1": "",
          "S13_TYPE_OF_FAULTY_STATEMENT_AFTER_2": "",
          "S13_TYPE_OF_FAULTY_STATEMENT_AFTER_3": "",
          "S13_TYPE_OF_FAULTY_STATEMENT_BEFORE_1": "",
          "S13_TYPE_OF_FAULTY_STATEMENT_BEFORE_2": "",
          "S13_TYPE_OF_FAULTY_STATEMENT_BEFORE_3": "",
          "S14_TYPE_OF_FAULTY_STATEMENT_PARENT": "Class",
          "S15_HAS_OBJECTIVE_METHOD_CALL": "true",
          "S16_HAS_Invocations_Prone_Exception": "false",
          "S18_In_Synchronized_Method": "false",
          "S1_LOCAL_VAR_NOT_ASSIGNED": "true",
          "S1_LOCAL_VAR_NOT_USED": "false",
          "S2_SIMILAR_OBJECT_TYPE_WITH_NORMAL_GUARD": "false",
          "S2_SIMILAR_OBJECT_TYPE_WITH_NULL_GUARD": "false",
          "S3_TYPE_OF_FAULTY_STATEMENT": "Method",
          "S4_Field_NOT_ASSIGNED": "false",
          "S4_Field_NOT_USED": "false",
          "S5_SIMILAR_PRIMITIVE_TYPE_WITH_NORMAL_GUARD": "false",
          "S5_SIMILAR_PRIMITIVE_TYPE_WITH_NULL_GUARD": "false",
          "S7_OBJECT_USED_IN_ASSIGNMENT": "false",
          "S8_PRIMITIVE_USED_IN_ASSIGNMENT": "false",
          "S9_METHOD_CALL_WITH_NORMAL_GUARD": "true",
          "ast_info": {
            "dst": "null",
            "dst_parent": "null",
            "dst_parent_type": "null",
            "dst_type": "null",
            "operator": "DEL",
            "src": "@java.lang.Override\npublic com.google.javascript.rhino.jstype.JSType getLeastSupertype(com.google.javascript.rhino.jstype.JSType that) {\n    if (!that.isRecordType()) {\n        return super.getLeastSupertype(that);\n    }\n    com.google.javascript.rhino.jstype.RecordTypeBuilder builder = new com.google.javascript.rhino.jstype.RecordTypeBuilder(registry);\n    for (java.lang.String property : properties.keySet()) {\n        if (that.toMaybeRecordType().hasProperty(property) && that.toMaybeRecordType().getPropertyType(property).isEquivalentTo(getPropertyType(property))) {\n            builder.addProperty(property, getPropertyType(property), getPropertyNode(property));\n        }\n    }\n    return builder.build();\n}",
            "src_parent": "class RecordType extends com.google.javascript.rhino.jstype.PrototypeObjectType {\n    private static final long serialVersionUID = 1L;\n\n    private final java.util.SortedMap<java.lang.String, com.google.javascript.rhino.jstype.JSType> properties = com.google.common.collect.Maps.newTreeMap();\n\n    private boolean isFrozen = false;\n\n    RecordType(com.google.javascript.rhino.jstype.JSTypeRegistry registry, java.util.Map<java.lang.String, com.google.javascript.rhino.jstype.RecordTypeBuilder.RecordProperty> properties) {\n        super(registry, null, null);\n        setPrettyPrint(true);\n        for (java.lang.String property : properties.keySet()) {\n            com.google.javascript.rhino.jstype.RecordTypeBuilder.RecordProperty prop = properties.get(property);\n            if (prop == null) {\n                throw new java.lang.IllegalStateException(\"RecordProperty associated with a property should not be null!\");\n            }\n            defineDeclaredProperty(property, prop.getType(), prop.getPropertyNode());\n        }\n        isFrozen = true;\n    }\n\n    @java.lang.Override\n    public boolean isEquivalentTo(com.google.javascript.rhino.jstype.JSType other) {\n        if (!other.isRecordType()) {\n            return false;\n        }\n        com.google.javascript.rhino.jstype.RecordType otherRecord = other.toMaybeRecordType();\n        if (otherRecord == this) {\n            return true;\n        }\n        java.util.Set<java.lang.String> keySet = properties.keySet();\n        java.util.Map<java.lang.String, com.google.javascript.rhino.jstype.JSType> otherProps = otherRecord.properties;\n        if (!otherProps.keySet().equals(keySet)) {\n            return false;\n        }\n        for (java.lang.String key : keySet) {\n            if (!otherProps.get(key).isEquivalentTo(properties.get(key))) {\n                return false;\n            }\n        }\n        return true;\n    }\n\n    @java.lang.Override\n    public com.google.javascript.rhino.jstype.ObjectType getImplicitPrototype() {\n        return registry.getNativeObjectType(JSTypeNative.OBJECT_TYPE);\n    }\n\n    @java.lang.Override\n    boolean defineProperty(java.lang.String propertyName, com.google.javascript.rhino.jstype.JSType type, boolean inferred, com.google.javascript.rhino.Node propertyNode) {\n        if (isFrozen) {\n            return false;\n        }\n        if (!inferred) {\n            properties.put(propertyName, type);\n        }\n        return super.defineProperty(propertyName, type, inferred, propertyNode);\n    }\n\n    @java.lang.Override\n    public com.google.javascript.rhino.jstype.JSType getLeastSupertype(com.google.javascript.rhino.jstype.JSType that) {\n        if (!that.isRecordType()) {\n            return super.getLeastSupertype(that);\n        }\n        com.google.javascript.rhino.jstype.RecordTypeBuilder builder = new com.google.javascript.rhino.jstype.RecordTypeBuilder(registry);\n        for (java.lang.String property : properties.keySet()) {\n            if (that.toMaybeRecordType().hasProperty(property) && that.toMaybeRecordType().getPropertyType(property).isEquivalentTo(getPropertyType(property))) {\n                builder.addProperty(property, getPropertyType(property), getPropertyNode(property));\n            }\n        }\n        return builder.build();\n    }\n\n    com.google.javascript.rhino.jstype.JSType getGreatestSubtypeHelper(com.google.javascript.rhino.jstype.JSType that) {\n        if (that.isRecordType()) {\n            com.google.javascript.rhino.jstype.RecordType thatRecord = that.toMaybeRecordType();\n            com.google.javascript.rhino.jstype.RecordTypeBuilder builder = new com.google.javascript.rhino.jstype.RecordTypeBuilder(registry);\n            for (java.lang.String property : properties.keySet()) {\n                if (thatRecord.hasProperty(property) && (!thatRecord.getPropertyType(property).isEquivalentTo(getPropertyType(property)))) {\n                    return registry.getNativeObjectType(JSTypeNative.NO_TYPE);\n                }\n                builder.addProperty(property, getPropertyType(property), getPropertyNode(property));\n            }\n            for (java.lang.String property : thatRecord.properties.keySet()) {\n                if (!hasProperty(property)) {\n                    builder.addProperty(property, thatRecord.getPropertyType(property), thatRecord.getPropertyNode(property));\n                }\n            }\n            return builder.build();\n        }\n        com.google.javascript.rhino.jstype.JSType greatestSubtype = registry.getNativeType(JSTypeNative.NO_OBJECT_TYPE);\n        com.google.javascript.rhino.jstype.JSType thatRestrictedToObj = registry.getNativeType(JSTypeNative.OBJECT_TYPE).getGreatestSubtype(that);\n        if (!thatRestrictedToObj.isEmptyType()) {\n            for (java.util.Map.Entry<java.lang.String, com.google.javascript.rhino.jstype.JSType> entry : properties.entrySet()) {\n                java.lang.String propName = entry.getKey();\n                com.google.javascript.rhino.jstype.JSType propType = entry.getValue();\n                com.google.javascript.rhino.jstype.UnionTypeBuilder builder = new com.google.javascript.rhino.jstype.UnionTypeBuilder(registry);\n                for (com.google.javascript.rhino.jstype.ObjectType alt : registry.getEachReferenceTypeWithProperty(propName)) {\n                    com.google.javascript.rhino.jstype.JSType altPropType = alt.getPropertyType(propName);\n                    if ((((altPropType != null) && (!alt.isEquivalentTo(this))) && alt.isSubtype(that)) && ((propType.isUnknownType() || altPropType.isUnknownType()) || altPropType.isEquivalentTo(propType))) {\n                        builder.addAlternate(alt);\n                    }\n                }\n                greatestSubtype = greatestSubtype.getLeastSupertype(builder.build());\n            }\n        }\n        return greatestSubtype;\n    }\n\n    @java.lang.Override\n    com.google.javascript.rhino.jstype.RecordType toMaybeRecordType() {\n        return this;\n    }\n\n    @java.lang.Override\n    public boolean isSubtype(com.google.javascript.rhino.jstype.JSType that) {\n        if (com.google.javascript.rhino.jstype.JSType.isSubtypeHelper(this, that)) {\n            return true;\n        }\n        if (registry.getNativeObjectType(JSTypeNative.OBJECT_TYPE).isSubtype(that)) {\n            return true;\n        }\n        if (!that.isRecordType()) {\n            return false;\n        }\n        return com.google.javascript.rhino.jstype.RecordType.isSubtype(this, that.toMaybeRecordType());\n    }\n\n    static boolean isSubtype(com.google.javascript.rhino.jstype.ObjectType typeA, com.google.javascript.rhino.jstype.RecordType typeB) {\n        for (java.lang.String property : typeB.properties.keySet()) {\n            if (!typeA.hasProperty(property)) {\n                return false;\n            }\n            com.google.javascript.rhino.jstype.JSType propA = typeA.getPropertyType(property);\n            com.google.javascript.rhino.jstype.JSType propB = typeB.getPropertyType(property);\n            if ((!propA.isUnknownType()) && (!propB.isUnknownType())) {\n                if (typeA.isPropertyTypeDeclared(property)) {\n                    if (!propA.isEquivalentTo(propB)) {\n                        return false;\n                    }\n                } else if (!propA.isSubtype(propB)) {\n                    return false;\n                }\n            }\n        }\n        return true;\n    }\n\n    @java.lang.Override\n    com.google.javascript.rhino.jstype.JSType resolveInternal(com.google.javascript.rhino.ErrorReporter t, com.google.javascript.rhino.jstype.StaticScope<com.google.javascript.rhino.jstype.JSType> scope) {\n        for (java.util.Map.Entry<java.lang.String, com.google.javascript.rhino.jstype.JSType> entry : properties.entrySet()) {\n            com.google.javascript.rhino.jstype.JSType type = entry.getValue();\n            com.google.javascript.rhino.jstype.JSType resolvedType = type.resolve(t, scope);\n            if (type != resolvedType) {\n                properties.put(entry.getKey(), resolvedType);\n            }\n        }\n        return super.resolveInternal(t, scope);\n    }\n}",
            "src_parent_type": "Class",
            "src_type": "Method"
          }
        },
        {},
        {
          "repairPatterns": {
            "codeMove": 0,
            "condBlockExcAdd": 0,
            "condBlockOthersAdd": 0,
            "condBlockRem": 0,
            "condBlockRetAdd": 0,
            "constChange": 0,
            "copyPaste": 0,
            "expArithMod": 0,
            "expLogicExpand": 0,
            "expLogicMod": 0,
            "expLogicReduce": 0,
            "missNullCheckN": 0,
            "missNullCheckP": 0,
            "notClassified": 0,
            "singleLine": 1,
            "unwrapIfElse": 0,
            "unwrapMethod": 0,
            "unwrapTryCatch": 0,
            "wrapsElse": 0,
            "wrapsIf": 0,
            "wrapsIfElse": 0,
            "wrapsLoop": 0,
            "wrapsMethod": 0,
            "wrapsTryCatch": 0,
            "wrongMethodRef": 0,
            "wrongVarRef": 0
          }
        }
      ],
      "file_name": "Developer"
    }
  ],
  "id": "patch1#1-Closure-46"
}