{
  "files": [
    {
      "features": [
        {
          "CONSTANT": {
            "false": {
              "C1_SAME_TYPE_CONSTANT": "false",
              "C2_SAME_TYPE_CONSTANT_VAR": "false",
              "C2_SAME_TYPE_VAR": "false"
            },
            "null": {
              "C1_SAME_TYPE_CONSTANT": "false",
              "C2_SAME_TYPE_CONSTANT_VAR": "false",
              "C2_SAME_TYPE_VAR": "false"
            }
          },
          "FEATURES_BINARYOPERATOR": {
            "0_(currentBlock != null) && (currentBlock != this)": {
              "O1_IS_BIT": "false",
              "O1_IS_COMPARE": "false",
              "O1_IS_LOGICAL": "true",
              "O1_IS_MATH": "false",
              "O1_IS_OTHERS": "false",
              "O1_IS_SHIFT": "false",
              "O2_LOGICAL_CONTAIN_NOT": "false",
              "O3_CONTAIN_01": "false",
              "O3_CONTAIN_NULL": "false",
              "O4_COMPARE_IN_CONDITION": "false",
              "O5_IS_MATH_ROOT": "false"
            },
            "1_(currentBlock != null)": {
              "O1_IS_BIT": "false",
              "O1_IS_COMPARE": "true",
              "O1_IS_LOGICAL": "false",
              "O1_IS_MATH": "false",
              "O1_IS_OTHERS": "false",
              "O1_IS_SHIFT": "false",
              "O2_LOGICAL_CONTAIN_NOT": "false",
              "O3_CONTAIN_01": "false",
              "O3_CONTAIN_NULL": "true",
              "O4_COMPARE_IN_CONDITION": "false",
              "O5_IS_MATH_ROOT": "false"
            },
            "2_(currentBlock != this)": {
              "O1_IS_BIT": "false",
              "O1_IS_COMPARE": "true",
              "O1_IS_LOGICAL": "false",
              "O1_IS_MATH": "false",
              "O1_IS_OTHERS": "false",
              "O1_IS_SHIFT": "false",
              "O2_LOGICAL_CONTAIN_NOT": "false",
              "O3_CONTAIN_01": "false",
              "O3_CONTAIN_NULL": "false",
              "O4_COMPARE_IN_CONDITION": "false",
              "O5_IS_MATH_ROOT": "false"
            },
            "3_currentBlock == this": {
              "O1_IS_BIT": "false",
              "O1_IS_COMPARE": "true",
              "O1_IS_LOGICAL": "false",
              "O1_IS_MATH": "false",
              "O1_IS_OTHERS": "false",
              "O1_IS_SHIFT": "false",
              "O2_LOGICAL_CONTAIN_NOT": "false",
              "O3_CONTAIN_01": "false",
              "O3_CONTAIN_NULL": "false",
              "O4_COMPARE_IN_CONDITION": "false",
              "O5_IS_MATH_ROOT": "false"
            }
          },
          "FEATURES_LOGICAL_EXPRESSION": {
            "logical_expression_0_this.isHoisted = com.google.javascript.jscomp.NodeUtil.isHoistedFunctionDeclaration(root)": {
              "LE10_ATOMIC_EXPRESSION_COMPARISION_SAME_LEFT": "false",
              "LE10_ATOMIC_EXPRESSION_COMPARISION_SAME_RIGHT": "false",
              "LE10_ATOMIC_EXPRESSION_MULTIPLE_VAR_AS_BOOLEAN": "false",
              "LE10_ATOMIC_EXPRESSION_SAME_INVOCATION_TARGET": "false",
              "LE10_ATOMIC_EXPRESSION_USED_IN_INVOCATION_COMPARISION_VARIABLE": "false",
              "LE10_CONTAINS_ALL_INVOCATION_COMPARISION_VARIABLE": "false",
              "LE1_EXISTS_RELATED_BOOLEAN_EXPRESSION": "true",
              "LE2_IS_BOOLEAN_METHOD_PARAM_TYPE_VAR": "true",
              "LE3_IS_COMPATIBLE_VAR_NOT_INCLUDED": "false",
              "LE4_EXISTS_LOCAL_UNUSED_VARIABLES": "false",
              "LE5_COMPLEX_REFERENCE": "true",
              "LE6_HAS_NEGATION": "false",
              "LE8_SCOPE_VAR_USED_OTHER_BOOLEXPER": "false",
              "LE9_EQUAL_NOTEQUAL_NULL_CHECK": "false",
              "LE9_MIX_CHECK": "false",
              "LE9_NORMAL_CHECK": "false",
              "LE9_NULL_CHECK": "false"
            },
            "logical_expression_1_(currentBlock != null) && (currentBlock != this)": {
              "LE10_ATOMIC_EXPRESSION_COMPARISION_SAME_LEFT": "true",
              "LE10_ATOMIC_EXPRESSION_COMPARISION_SAME_RIGHT": "false",
              "LE10_ATOMIC_EXPRESSION_MULTIPLE_VAR_AS_BOOLEAN": "false",
              "LE10_ATOMIC_EXPRESSION_SAME_INVOCATION_TARGET": "false",
              "LE10_ATOMIC_EXPRESSION_USED_IN_INVOCATION_COMPARISION_VARIABLE": "false",
              "LE10_CONTAINS_ALL_INVOCATION_COMPARISION_VARIABLE": "false",
              "LE1_EXISTS_RELATED_BOOLEAN_EXPRESSION": "true",
              "LE2_IS_BOOLEAN_METHOD_PARAM_TYPE_VAR": "true",
              "LE3_IS_COMPATIBLE_VAR_NOT_INCLUDED": "false",
              "LE4_EXISTS_LOCAL_UNUSED_VARIABLES": "false",
              "LE5_COMPLEX_REFERENCE": "true",
              "LE6_HAS_NEGATION": "false",
              "LE8_SCOPE_VAR_USED_OTHER_BOOLEXPER": "false",
              "LE9_EQUAL_NOTEQUAL_NULL_CHECK": "false",
              "LE9_MIX_CHECK": "true",
              "LE9_NORMAL_CHECK": "false",
              "LE9_NULL_CHECK": "false"
            },
            "logical_expression_2_currentBlock.isHoisted": {
              "LE10_ATOMIC_EXPRESSION_COMPARISION_SAME_LEFT": "false",
              "LE10_ATOMIC_EXPRESSION_COMPARISION_SAME_RIGHT": "false",
              "LE10_ATOMIC_EXPRESSION_MULTIPLE_VAR_AS_BOOLEAN": "false",
              "LE10_ATOMIC_EXPRESSION_SAME_INVOCATION_TARGET": "false",
              "LE10_ATOMIC_EXPRESSION_USED_IN_INVOCATION_COMPARISION_VARIABLE": "false",
              "LE10_CONTAINS_ALL_INVOCATION_COMPARISION_VARIABLE": "false",
              "LE1_EXISTS_RELATED_BOOLEAN_EXPRESSION": "true",
              "LE2_IS_BOOLEAN_METHOD_PARAM_TYPE_VAR": "true",
              "LE3_IS_COMPATIBLE_VAR_NOT_INCLUDED": "false",
              "LE4_EXISTS_LOCAL_UNUSED_VARIABLES": "false",
              "LE5_COMPLEX_REFERENCE": "true",
              "LE6_HAS_NEGATION": "false",
              "LE8_SCOPE_VAR_USED_OTHER_BOOLEXPER": "false",
              "LE9_EQUAL_NOTEQUAL_NULL_CHECK": "false",
              "LE9_MIX_CHECK": "false",
              "LE9_NORMAL_CHECK": "false",
              "LE9_NULL_CHECK": "false"
            },
            "logical_expression_3_false": {
              "LE10_ATOMIC_EXPRESSION_COMPARISION_SAME_LEFT": "false",
              "LE10_ATOMIC_EXPRESSION_COMPARISION_SAME_RIGHT": "false",
              "LE10_ATOMIC_EXPRESSION_MULTIPLE_VAR_AS_BOOLEAN": "false",
              "LE10_ATOMIC_EXPRESSION_SAME_INVOCATION_TARGET": "false",
              "LE10_ATOMIC_EXPRESSION_USED_IN_INVOCATION_COMPARISION_VARIABLE": "false",
              "LE10_CONTAINS_ALL_INVOCATION_COMPARISION_VARIABLE": "false",
              "LE1_EXISTS_RELATED_BOOLEAN_EXPRESSION": "false",
              "LE2_IS_BOOLEAN_METHOD_PARAM_TYPE_VAR": "false",
              "LE3_IS_COMPATIBLE_VAR_NOT_INCLUDED": "false",
              "LE4_EXISTS_LOCAL_UNUSED_VARIABLES": "false",
              "LE5_COMPLEX_REFERENCE": "false",
              "LE6_HAS_NEGATION": "false",
              "LE8_SCOPE_VAR_USED_OTHER_BOOLEXPER": "false",
              "LE9_EQUAL_NOTEQUAL_NULL_CHECK": "false",
              "LE9_MIX_CHECK": "false",
              "LE9_NORMAL_CHECK": "false",
              "LE9_NULL_CHECK": "false"
            },
            "logical_expression_4_currentBlock == this": {
              "LE10_ATOMIC_EXPRESSION_COMPARISION_SAME_LEFT": "false",
              "LE10_ATOMIC_EXPRESSION_COMPARISION_SAME_RIGHT": "false",
              "LE10_ATOMIC_EXPRESSION_MULTIPLE_VAR_AS_BOOLEAN": "false",
              "LE10_ATOMIC_EXPRESSION_SAME_INVOCATION_TARGET": "false",
              "LE10_ATOMIC_EXPRESSION_USED_IN_INVOCATION_COMPARISION_VARIABLE": "false",
              "LE10_CONTAINS_ALL_INVOCATION_COMPARISION_VARIABLE": "false",
              "LE1_EXISTS_RELATED_BOOLEAN_EXPRESSION": "true",
              "LE2_IS_BOOLEAN_METHOD_PARAM_TYPE_VAR": "true",
              "LE3_IS_COMPATIBLE_VAR_NOT_INCLUDED": "false",
              "LE4_EXISTS_LOCAL_UNUSED_VARIABLES": "false",
              "LE5_COMPLEX_REFERENCE": "true",
              "LE6_HAS_NEGATION": "false",
              "LE8_SCOPE_VAR_USED_OTHER_BOOLEXPER": "false",
              "LE9_EQUAL_NOTEQUAL_NULL_CHECK": "false",
              "LE9_MIX_CHECK": "false",
              "LE9_NORMAL_CHECK": "false",
              "LE9_NULL_CHECK": "false"
            }
          },
          "FEATURES_METHODS": {
            "getParent": {
              "M10_METHOD_CALL_WITH_NULL_GUARD": "false",
              "M10_WRAPTTED_IN_OTHER_CALLS": "false",
              "M11_Satrt_With_Get": "true",
              "M12_Has_Var_Similar_In_Name": "false",
              "M12_METHOD_CALL_WITH_TRY_CATCH": "false",
              "M13_Argument_Has_Primitive": "false",
              "M1_LOCAL_VAR_NOT_ASSIGNED": "true",
              "M1_LOCAL_VAR_NOT_USED": "false",
              "M1_OVERLOADED_METHOD": "false",
              "M2_SIMILAR_METHOD_WITH_SAME_RETURN": "false",
              "M2_SIMILAR_OBJECT_TYPE_WITH_NORMAL_GUARD": "false",
              "M2_SIMILAR_OBJECT_TYPE_WITH_NULL_GUARD": "false",
              "M3_ANOTHER_METHOD_WITH_PARAMETER_RETURN_COMP": "false",
              "M4_Field_NOT_ASSIGNED": "false",
              "M4_Field_NOT_USED": "false",
              "M4_PARAMETER_RETURN_COMPABILITY": "false",
              "M5_MI_WITH_COMPATIBLE_VAR_TYPE": "false",
              "M5_SIMILAR_PRIMITIVE_TYPE_WITH_NORMAL_GUARD": "false",
              "M5_SIMILAR_PRIMITIVE_TYPE_WITH_NULL_GUARD": "false",
              "M6_INV_Invocation_INV_REPLACE_BY_VAR": "false",
              "M7_INV_Invocation_INV_REPLACE_BY_INV": "false",
              "M7_OBJECT_USED_IN_ASSIGNMENT": "false",
              "M8_PRIMITIVE_USED_IN_ASSIGNMENT": "false",
              "M8_RETURN_PRIMITIVE": "false",
              "M9_METHOD_CALL_WITH_NORMAL_GUARD": "false",
              "M9_RETURN_OBJECTIVE": "true"
            },
            "isHoistedFunctionDeclaration": {
              "M10_METHOD_CALL_WITH_NULL_GUARD": "false",
              "M10_WRAPTTED_IN_OTHER_CALLS": "false",
              "M11_Satrt_With_Get": "false",
              "M12_Has_Var_Similar_In_Name": "false",
              "M12_METHOD_CALL_WITH_TRY_CATCH": "false",
              "M13_Argument_Has_Primitive": "false",
              "M1_LOCAL_VAR_NOT_ASSIGNED": "false",
              "M1_LOCAL_VAR_NOT_USED": "false",
              "M1_OVERLOADED_METHOD": "false",
              "M2_SIMILAR_METHOD_WITH_SAME_RETURN": "false",
              "M2_SIMILAR_OBJECT_TYPE_WITH_NORMAL_GUARD": "false",
              "M2_SIMILAR_OBJECT_TYPE_WITH_NULL_GUARD": "false",
              "M3_ANOTHER_METHOD_WITH_PARAMETER_RETURN_COMP": "false",
              "M4_Field_NOT_ASSIGNED": "false",
              "M4_Field_NOT_USED": "false",
              "M4_PARAMETER_RETURN_COMPABILITY": "false",
              "M5_MI_WITH_COMPATIBLE_VAR_TYPE": "false",
              "M5_SIMILAR_PRIMITIVE_TYPE_WITH_NORMAL_GUARD": "false",
              "M5_SIMILAR_PRIMITIVE_TYPE_WITH_NULL_GUARD": "false",
              "M6_INV_Invocation_INV_REPLACE_BY_VAR": "false",
              "M7_INV_Invocation_INV_REPLACE_BY_INV": "false",
              "M7_OBJECT_USED_IN_ASSIGNMENT": "false",
              "M8_PRIMITIVE_USED_IN_ASSIGNMENT": "false",
              "M8_RETURN_PRIMITIVE": "true",
              "M9_METHOD_CALL_WITH_NORMAL_GUARD": "false",
              "M9_RETURN_OBJECTIVE": "false"
            },
            "spoon.support.reflect.code.CtInvocationImpl@1": {
              "M10_METHOD_CALL_WITH_NULL_GUARD": "false",
              "M10_WRAPTTED_IN_OTHER_CALLS": "false",
              "M11_Satrt_With_Get": "false",
              "M12_Has_Var_Similar_In_Name": "false",
              "M12_METHOD_CALL_WITH_TRY_CATCH": "false",
              "M13_Argument_Has_Primitive": "false",
              "M1_LOCAL_VAR_NOT_ASSIGNED": "false",
              "M1_LOCAL_VAR_NOT_USED": "false",
              "M1_OVERLOADED_METHOD": "false",
              "M2_SIMILAR_METHOD_WITH_SAME_RETURN": "false",
              "M2_SIMILAR_OBJECT_TYPE_WITH_NORMAL_GUARD": "false",
              "M2_SIMILAR_OBJECT_TYPE_WITH_NULL_GUARD": "false",
              "M3_ANOTHER_METHOD_WITH_PARAMETER_RETURN_COMP": "true",
              "M4_Field_NOT_ASSIGNED": "false",
              "M4_Field_NOT_USED": "false",
              "M4_PARAMETER_RETURN_COMPABILITY": "false",
              "M5_MI_WITH_COMPATIBLE_VAR_TYPE": "true",
              "M5_SIMILAR_PRIMITIVE_TYPE_WITH_NORMAL_GUARD": "false",
              "M5_SIMILAR_PRIMITIVE_TYPE_WITH_NULL_GUARD": "false",
              "M6_INV_Invocation_INV_REPLACE_BY_VAR": "false",
              "M7_INV_Invocation_INV_REPLACE_BY_INV": "false",
              "M7_OBJECT_USED_IN_ASSIGNMENT": "false",
              "M8_PRIMITIVE_USED_IN_ASSIGNMENT": "false",
              "M8_RETURN_PRIMITIVE": "false",
              "M9_METHOD_CALL_WITH_NORMAL_GUARD": "false",
              "M9_RETURN_OBJECTIVE": "true"
            }
          },
          "FEATURES_METHOD_INVOCATION": {},
          "FEATURES_TYPEACCESS": {
            "com.google.javascript.jscomp.NodeUtil": {
              "C3_TYPEACCESS_ACTUAL_VAR": "false",
              "C4_SIMILAR_TYPEACCESS_ACTUAL_VAR": "false"
            },
            "com.google.javascript.jscomp.ReferenceCollectingCallback$BasicBlock": {
              "C3_TYPEACCESS_ACTUAL_VAR": "false",
              "C4_SIMILAR_TYPEACCESS_ACTUAL_VAR": "false"
            }
          },
          "FEATURES_VARS": {
            "currentBlock": {
              "V10_VAR_TYPE_Similar_VAR": "false",
              "V11_VAR_COMPATIBLE_TYPE_IN_CONDITION": "false",
              "V12_VAR_Invocation_VAR_REPLACE_BY_VAR": "false",
              "V13_VAR_Invocation_VAR_REPLACE_BY_INVOCATION": "false",
              "V14_VAR_INSTANCE_OF_CLASS": "false",
              "V16_IS_METHOD_PARAMETER_TYPE_VAR": "true",
              "V17_VAR_IS_ENUMERATION": "false",
              "V18_Has_Method_Similar_In_Name": "false",
              "V19_With_Special_Name": "false",
              "V1_IS_TYPE_COMPATIBLE_METHOD_CALL_PARAM_RETURN": "false",
              "V1_LOCAL_VAR_NOT_ASSIGNED": "true",
              "V1_LOCAL_VAR_NOT_USED": "false",
              "V2_HAS_VAR_SIM_NAME": "false",
              "V2_HAS_VAR_SIM_NAME_COMP_TYPE": "false",
              "V3_HAS_CONSTANT": "false",
              "V4B_USED_MULTIPLE_AS_PARAMETER": "false",
              "V4_Field_NOT_ASSIGNED": "false",
              "V4_Field_NOT_USED": "false",
              "V5_HAS_VAR_IN_TRANSFORMATION": "false",
              "V6_IS_METHOD_RETURN_TYPE_VAR": "true",
              "V8_VAR_OBJECT": "true",
              "V8_VAR_PRIMITIVE": "false",
              "V9_VAR_TYPE_Similar_Literal": "false"
            },
            "isHoisted": {
              "V10_VAR_TYPE_Similar_VAR": "false",
              "V11_VAR_COMPATIBLE_TYPE_IN_CONDITION": "false",
              "V12_VAR_Invocation_VAR_REPLACE_BY_VAR": "false",
              "V13_VAR_Invocation_VAR_REPLACE_BY_INVOCATION": "false",
              "V14_VAR_INSTANCE_OF_CLASS": "false",
              "V16_IS_METHOD_PARAMETER_TYPE_VAR": "false",
              "V17_VAR_IS_ENUMERATION": "false",
              "V18_Has_Method_Similar_In_Name": "false",
              "V19_With_Special_Name": "false",
              "V1_IS_TYPE_COMPATIBLE_METHOD_CALL_PARAM_RETURN": "false",
              "V1_LOCAL_VAR_NOT_ASSIGNED": "false",
              "V1_LOCAL_VAR_NOT_USED": "false",
              "V2_HAS_VAR_SIM_NAME": "false",
              "V2_HAS_VAR_SIM_NAME_COMP_TYPE": "false",
              "V3_HAS_CONSTANT": "false",
              "V4B_USED_MULTIPLE_AS_PARAMETER": "false",
              "V4_Field_NOT_ASSIGNED": "false",
              "V4_Field_NOT_USED": "false",
              "V5_HAS_VAR_IN_TRANSFORMATION": "false",
              "V6_IS_METHOD_RETURN_TYPE_VAR": "true",
              "V8_VAR_OBJECT": "false",
              "V8_VAR_PRIMITIVE": "true",
              "V9_VAR_TYPE_Similar_Literal": "true"
            },
            "parent": {
              "V10_VAR_TYPE_Similar_VAR": "false",
              "V11_VAR_COMPATIBLE_TYPE_IN_CONDITION": "false",
              "V12_VAR_Invocation_VAR_REPLACE_BY_VAR": "false",
              "V13_VAR_Invocation_VAR_REPLACE_BY_INVOCATION": "false",
              "V14_VAR_INSTANCE_OF_CLASS": "false",
              "V16_IS_METHOD_PARAMETER_TYPE_VAR": "true",
              "V17_VAR_IS_ENUMERATION": "false",
              "V18_Has_Method_Similar_In_Name": "true",
              "V19_With_Special_Name": "false",
              "V1_IS_TYPE_COMPATIBLE_METHOD_CALL_PARAM_RETURN": "false",
              "V1_LOCAL_VAR_NOT_ASSIGNED": "false",
              "V1_LOCAL_VAR_NOT_USED": "false",
              "V2_HAS_VAR_SIM_NAME": "false",
              "V2_HAS_VAR_SIM_NAME_COMP_TYPE": "false",
              "V3_HAS_CONSTANT": "false",
              "V4B_USED_MULTIPLE_AS_PARAMETER": "false",
              "V4_Field_NOT_ASSIGNED": "false",
              "V4_Field_NOT_USED": "false",
              "V5_HAS_VAR_IN_TRANSFORMATION": "false",
              "V6_IS_METHOD_RETURN_TYPE_VAR": "true",
              "V8_VAR_OBJECT": "true",
              "V8_VAR_PRIMITIVE": "false",
              "V9_VAR_TYPE_Similar_Literal": "false"
            },
            "root": {
              "V10_VAR_TYPE_Similar_VAR": "false",
              "V11_VAR_COMPATIBLE_TYPE_IN_CONDITION": "false",
              "V12_VAR_Invocation_VAR_REPLACE_BY_VAR": "false",
              "V13_VAR_Invocation_VAR_REPLACE_BY_INVOCATION": "false",
              "V14_VAR_INSTANCE_OF_CLASS": "false",
              "V16_IS_METHOD_PARAMETER_TYPE_VAR": "true",
              "V17_VAR_IS_ENUMERATION": "false",
              "V18_Has_Method_Similar_In_Name": "false",
              "V19_With_Special_Name": "false",
              "V1_IS_TYPE_COMPATIBLE_METHOD_CALL_PARAM_RETURN": "false",
              "V1_LOCAL_VAR_NOT_ASSIGNED": "false",
              "V1_LOCAL_VAR_NOT_USED": "false",
              "V2_HAS_VAR_SIM_NAME": "false",
              "V2_HAS_VAR_SIM_NAME_COMP_TYPE": "false",
              "V3_HAS_CONSTANT": "false",
              "V4B_USED_MULTIPLE_AS_PARAMETER": "false",
              "V4_FIRST_TIME_USED_AS_PARAMETER": "true",
              "V4_Field_NOT_ASSIGNED": "false",
              "V4_Field_NOT_USED": "false",
              "V5_HAS_VAR_IN_TRANSFORMATION": "false",
              "V6_IS_METHOD_RETURN_TYPE_VAR": "true",
              "V8_VAR_OBJECT": "true",
              "V8_VAR_PRIMITIVE": "false",
              "V9_VAR_TYPE_Similar_Literal": "false"
            },
            "thatBlock": {
              "V10_VAR_TYPE_Similar_VAR": "false",
              "V11_VAR_COMPATIBLE_TYPE_IN_CONDITION": "false",
              "V12_VAR_Invocation_VAR_REPLACE_BY_VAR": "false",
              "V13_VAR_Invocation_VAR_REPLACE_BY_INVOCATION": "false",
              "V14_VAR_INSTANCE_OF_CLASS": "false",
              "V16_IS_METHOD_PARAMETER_TYPE_VAR": "true",
              "V17_VAR_IS_ENUMERATION": "false",
              "V18_Has_Method_Similar_In_Name": "false",
              "V19_With_Special_Name": "false",
              "V1_IS_TYPE_COMPATIBLE_METHOD_CALL_PARAM_RETURN": "false",
              "V1_LOCAL_VAR_NOT_ASSIGNED": "false",
              "V1_LOCAL_VAR_NOT_USED": "false",
              "V2_HAS_VAR_SIM_NAME": "false",
              "V2_HAS_VAR_SIM_NAME_COMP_TYPE": "false",
              "V3_HAS_CONSTANT": "false",
              "V4B_USED_MULTIPLE_AS_PARAMETER": "false",
              "V4_Field_NOT_ASSIGNED": "false",
              "V4_Field_NOT_USED": "false",
              "V5_HAS_VAR_IN_TRANSFORMATION": "false",
              "V6_IS_METHOD_RETURN_TYPE_VAR": "true",
              "V8_VAR_OBJECT": "true",
              "V8_VAR_PRIMITIVE": "false",
              "V9_VAR_TYPE_Similar_Literal": "false"
            }
          },
          "S10_METHOD_CALL_WITH_NULL_GUARD": "false",
          "S11_FAULTY_CLASS_EXCEPTION_TYPE": "false",
          "S12_METHOD_CALL_WITH_TRY_CATCH": "false",
          "S13_TYPE_OF_FAULTY_STATEMENT_AFTER_1": "",
          "S13_TYPE_OF_FAULTY_STATEMENT_AFTER_2": "",
          "S13_TYPE_OF_FAULTY_STATEMENT_AFTER_3": "",
          "S13_TYPE_OF_FAULTY_STATEMENT_BEFORE_1": "",
          "S13_TYPE_OF_FAULTY_STATEMENT_BEFORE_2": "",
          "S13_TYPE_OF_FAULTY_STATEMENT_BEFORE_3": "",
          "S14_TYPE_OF_FAULTY_STATEMENT_PARENT": "Class",
          "S15_HAS_OBJECTIVE_METHOD_CALL": "true",
          "S16_HAS_Invocations_Prone_Exception": "false",
          "S18_In_Synchronized_Method": "false",
          "S1_LOCAL_VAR_NOT_ASSIGNED": "true",
          "S1_LOCAL_VAR_NOT_USED": "false",
          "S2_SIMILAR_OBJECT_TYPE_WITH_NORMAL_GUARD": "false",
          "S2_SIMILAR_OBJECT_TYPE_WITH_NULL_GUARD": "false",
          "S3_TYPE_OF_FAULTY_STATEMENT": "Class",
          "S4_Field_NOT_ASSIGNED": "false",
          "S4_Field_NOT_USED": "false",
          "S5_SIMILAR_PRIMITIVE_TYPE_WITH_NORMAL_GUARD": "false",
          "S5_SIMILAR_PRIMITIVE_TYPE_WITH_NULL_GUARD": "false",
          "S7_OBJECT_USED_IN_ASSIGNMENT": "false",
          "S8_PRIMITIVE_USED_IN_ASSIGNMENT": "false",
          "S9_METHOD_CALL_WITH_NORMAL_GUARD": "false",
          "ast_info": {
            "dst": "null",
            "dst_parent": "null",
            "dst_parent_type": "null",
            "dst_type": "null",
            "operator": "INS",
            "src": "private final boolean isFunction;",
            "src_parent": "static final class BasicBlock {\n    private final com.google.javascript.jscomp.ReferenceCollectingCallback.BasicBlock parent;\n\n    private final boolean isHoisted;\n\n    private final boolean isFunction;\n\n    private final boolean isLoop;\n\n    BasicBlock(com.google.javascript.jscomp.ReferenceCollectingCallback.BasicBlock parent, com.google.javascript.rhino.Node root) {\n        this.parent = parent;\n        this.isHoisted = com.google.javascript.jscomp.NodeUtil.isHoistedFunctionDeclaration(root);\n        this.isFunction = root.getType() == com.google.javascript.rhino.Token.FUNCTION;\n        if (root.getParent() != null) {\n            int pType = root.getParent().getType();\n            this.isLoop = ((pType == com.google.javascript.rhino.Token.DO) || (pType == com.google.javascript.rhino.Token.WHILE)) || (pType == com.google.javascript.rhino.Token.FOR);\n        } else {\n            this.isLoop = false;\n        }\n    }\n\n    com.google.javascript.jscomp.ReferenceCollectingCallback.BasicBlock getParent() {\n        return parent;\n    }\n\n    boolean provablyExecutesBefore(com.google.javascript.jscomp.ReferenceCollectingCallback.BasicBlock thatBlock) {\n        com.google.javascript.jscomp.ReferenceCollectingCallback.BasicBlock currentBlock;\n        for (currentBlock = thatBlock; (currentBlock != null) && (currentBlock != this); currentBlock = currentBlock.getParent()) {\n            if (currentBlock.isHoisted) {\n                return false;\n            }\n        }\n        return currentBlock == this;\n    }\n}",
            "src_parent_type": "Class",
            "src_type": "Field"
          }
        },
        {
          "CONSTANT": {
            "false": {
              "C1_SAME_TYPE_CONSTANT": "false",
              "C2_SAME_TYPE_CONSTANT_VAR": "false",
              "C2_SAME_TYPE_VAR": "false"
            },
            "null": {
              "C1_SAME_TYPE_CONSTANT": "false",
              "C2_SAME_TYPE_CONSTANT_VAR": "false",
              "C2_SAME_TYPE_VAR": "false"
            }
          },
          "FEATURES_BINARYOPERATOR": {
            "0_(currentBlock != null) && (currentBlock != this)": {
              "O1_IS_BIT": "false",
              "O1_IS_COMPARE": "false",
              "O1_IS_LOGICAL": "true",
              "O1_IS_MATH": "false",
              "O1_IS_OTHERS": "false",
              "O1_IS_SHIFT": "false",
              "O2_LOGICAL_CONTAIN_NOT": "false",
              "O3_CONTAIN_01": "false",
              "O3_CONTAIN_NULL": "false",
              "O4_COMPARE_IN_CONDITION": "false",
              "O5_IS_MATH_ROOT": "false"
            },
            "1_(currentBlock != null)": {
              "O1_IS_BIT": "false",
              "O1_IS_COMPARE": "true",
              "O1_IS_LOGICAL": "false",
              "O1_IS_MATH": "false",
              "O1_IS_OTHERS": "false",
              "O1_IS_SHIFT": "false",
              "O2_LOGICAL_CONTAIN_NOT": "false",
              "O3_CONTAIN_01": "false",
              "O3_CONTAIN_NULL": "true",
              "O4_COMPARE_IN_CONDITION": "false",
              "O5_IS_MATH_ROOT": "false"
            },
            "2_(currentBlock != this)": {
              "O1_IS_BIT": "false",
              "O1_IS_COMPARE": "true",
              "O1_IS_LOGICAL": "false",
              "O1_IS_MATH": "false",
              "O1_IS_OTHERS": "false",
              "O1_IS_SHIFT": "false",
              "O2_LOGICAL_CONTAIN_NOT": "false",
              "O3_CONTAIN_01": "false",
              "O3_CONTAIN_NULL": "false",
              "O4_COMPARE_IN_CONDITION": "false",
              "O5_IS_MATH_ROOT": "false"
            },
            "3_currentBlock == this": {
              "O1_IS_BIT": "false",
              "O1_IS_COMPARE": "true",
              "O1_IS_LOGICAL": "false",
              "O1_IS_MATH": "false",
              "O1_IS_OTHERS": "false",
              "O1_IS_SHIFT": "false",
              "O2_LOGICAL_CONTAIN_NOT": "false",
              "O3_CONTAIN_01": "false",
              "O3_CONTAIN_NULL": "false",
              "O4_COMPARE_IN_CONDITION": "false",
              "O5_IS_MATH_ROOT": "false"
            }
          },
          "FEATURES_LOGICAL_EXPRESSION": {
            "logical_expression_0_this.isHoisted = com.google.javascript.jscomp.NodeUtil.isHoistedFunctionDeclaration(root)": {
              "LE10_ATOMIC_EXPRESSION_COMPARISION_SAME_LEFT": "false",
              "LE10_ATOMIC_EXPRESSION_COMPARISION_SAME_RIGHT": "false",
              "LE10_ATOMIC_EXPRESSION_MULTIPLE_VAR_AS_BOOLEAN": "false",
              "LE10_ATOMIC_EXPRESSION_SAME_INVOCATION_TARGET": "false",
              "LE10_ATOMIC_EXPRESSION_USED_IN_INVOCATION_COMPARISION_VARIABLE": "false",
              "LE10_CONTAINS_ALL_INVOCATION_COMPARISION_VARIABLE": "false",
              "LE1_EXISTS_RELATED_BOOLEAN_EXPRESSION": "true",
              "LE2_IS_BOOLEAN_METHOD_PARAM_TYPE_VAR": "true",
              "LE3_IS_COMPATIBLE_VAR_NOT_INCLUDED": "false",
              "LE4_EXISTS_LOCAL_UNUSED_VARIABLES": "false",
              "LE5_COMPLEX_REFERENCE": "true",
              "LE6_HAS_NEGATION": "false",
              "LE8_SCOPE_VAR_USED_OTHER_BOOLEXPER": "false",
              "LE9_EQUAL_NOTEQUAL_NULL_CHECK": "false",
              "LE9_MIX_CHECK": "false",
              "LE9_NORMAL_CHECK": "false",
              "LE9_NULL_CHECK": "false"
            },
            "logical_expression_1_(currentBlock != null) && (currentBlock != this)": {
              "LE10_ATOMIC_EXPRESSION_COMPARISION_SAME_LEFT": "true",
              "LE10_ATOMIC_EXPRESSION_COMPARISION_SAME_RIGHT": "false",
              "LE10_ATOMIC_EXPRESSION_MULTIPLE_VAR_AS_BOOLEAN": "false",
              "LE10_ATOMIC_EXPRESSION_SAME_INVOCATION_TARGET": "false",
              "LE10_ATOMIC_EXPRESSION_USED_IN_INVOCATION_COMPARISION_VARIABLE": "false",
              "LE10_CONTAINS_ALL_INVOCATION_COMPARISION_VARIABLE": "false",
              "LE1_EXISTS_RELATED_BOOLEAN_EXPRESSION": "true",
              "LE2_IS_BOOLEAN_METHOD_PARAM_TYPE_VAR": "true",
              "LE3_IS_COMPATIBLE_VAR_NOT_INCLUDED": "false",
              "LE4_EXISTS_LOCAL_UNUSED_VARIABLES": "false",
              "LE5_COMPLEX_REFERENCE": "true",
              "LE6_HAS_NEGATION": "false",
              "LE8_SCOPE_VAR_USED_OTHER_BOOLEXPER": "false",
              "LE9_EQUAL_NOTEQUAL_NULL_CHECK": "false",
              "LE9_MIX_CHECK": "true",
              "LE9_NORMAL_CHECK": "false",
              "LE9_NULL_CHECK": "false"
            },
            "logical_expression_2_currentBlock.isHoisted": {
              "LE10_ATOMIC_EXPRESSION_COMPARISION_SAME_LEFT": "false",
              "LE10_ATOMIC_EXPRESSION_COMPARISION_SAME_RIGHT": "false",
              "LE10_ATOMIC_EXPRESSION_MULTIPLE_VAR_AS_BOOLEAN": "false",
              "LE10_ATOMIC_EXPRESSION_SAME_INVOCATION_TARGET": "false",
              "LE10_ATOMIC_EXPRESSION_USED_IN_INVOCATION_COMPARISION_VARIABLE": "false",
              "LE10_CONTAINS_ALL_INVOCATION_COMPARISION_VARIABLE": "false",
              "LE1_EXISTS_RELATED_BOOLEAN_EXPRESSION": "true",
              "LE2_IS_BOOLEAN_METHOD_PARAM_TYPE_VAR": "true",
              "LE3_IS_COMPATIBLE_VAR_NOT_INCLUDED": "false",
              "LE4_EXISTS_LOCAL_UNUSED_VARIABLES": "false",
              "LE5_COMPLEX_REFERENCE": "true",
              "LE6_HAS_NEGATION": "false",
              "LE8_SCOPE_VAR_USED_OTHER_BOOLEXPER": "false",
              "LE9_EQUAL_NOTEQUAL_NULL_CHECK": "false",
              "LE9_MIX_CHECK": "false",
              "LE9_NORMAL_CHECK": "false",
              "LE9_NULL_CHECK": "false"
            },
            "logical_expression_3_false": {
              "LE10_ATOMIC_EXPRESSION_COMPARISION_SAME_LEFT": "false",
              "LE10_ATOMIC_EXPRESSION_COMPARISION_SAME_RIGHT": "false",
              "LE10_ATOMIC_EXPRESSION_MULTIPLE_VAR_AS_BOOLEAN": "false",
              "LE10_ATOMIC_EXPRESSION_SAME_INVOCATION_TARGET": "false",
              "LE10_ATOMIC_EXPRESSION_USED_IN_INVOCATION_COMPARISION_VARIABLE": "false",
              "LE10_CONTAINS_ALL_INVOCATION_COMPARISION_VARIABLE": "false",
              "LE1_EXISTS_RELATED_BOOLEAN_EXPRESSION": "false",
              "LE2_IS_BOOLEAN_METHOD_PARAM_TYPE_VAR": "false",
              "LE3_IS_COMPATIBLE_VAR_NOT_INCLUDED": "false",
              "LE4_EXISTS_LOCAL_UNUSED_VARIABLES": "false",
              "LE5_COMPLEX_REFERENCE": "false",
              "LE6_HAS_NEGATION": "false",
              "LE8_SCOPE_VAR_USED_OTHER_BOOLEXPER": "false",
              "LE9_EQUAL_NOTEQUAL_NULL_CHECK": "false",
              "LE9_MIX_CHECK": "false",
              "LE9_NORMAL_CHECK": "false",
              "LE9_NULL_CHECK": "false"
            },
            "logical_expression_4_currentBlock == this": {
              "LE10_ATOMIC_EXPRESSION_COMPARISION_SAME_LEFT": "false",
              "LE10_ATOMIC_EXPRESSION_COMPARISION_SAME_RIGHT": "false",
              "LE10_ATOMIC_EXPRESSION_MULTIPLE_VAR_AS_BOOLEAN": "false",
              "LE10_ATOMIC_EXPRESSION_SAME_INVOCATION_TARGET": "false",
              "LE10_ATOMIC_EXPRESSION_USED_IN_INVOCATION_COMPARISION_VARIABLE": "false",
              "LE10_CONTAINS_ALL_INVOCATION_COMPARISION_VARIABLE": "false",
              "LE1_EXISTS_RELATED_BOOLEAN_EXPRESSION": "true",
              "LE2_IS_BOOLEAN_METHOD_PARAM_TYPE_VAR": "true",
              "LE3_IS_COMPATIBLE_VAR_NOT_INCLUDED": "false",
              "LE4_EXISTS_LOCAL_UNUSED_VARIABLES": "false",
              "LE5_COMPLEX_REFERENCE": "true",
              "LE6_HAS_NEGATION": "false",
              "LE8_SCOPE_VAR_USED_OTHER_BOOLEXPER": "false",
              "LE9_EQUAL_NOTEQUAL_NULL_CHECK": "false",
              "LE9_MIX_CHECK": "false",
              "LE9_NORMAL_CHECK": "false",
              "LE9_NULL_CHECK": "false"
            }
          },
          "FEATURES_METHODS": {
            "getParent": {
              "M10_METHOD_CALL_WITH_NULL_GUARD": "false",
              "M10_WRAPTTED_IN_OTHER_CALLS": "false",
              "M11_Satrt_With_Get": "true",
              "M12_Has_Var_Similar_In_Name": "false",
              "M12_METHOD_CALL_WITH_TRY_CATCH": "false",
              "M13_Argument_Has_Primitive": "false",
              "M1_LOCAL_VAR_NOT_ASSIGNED": "true",
              "M1_LOCAL_VAR_NOT_USED": "false",
              "M1_OVERLOADED_METHOD": "false",
              "M2_SIMILAR_METHOD_WITH_SAME_RETURN": "false",
              "M2_SIMILAR_OBJECT_TYPE_WITH_NORMAL_GUARD": "false",
              "M2_SIMILAR_OBJECT_TYPE_WITH_NULL_GUARD": "false",
              "M3_ANOTHER_METHOD_WITH_PARAMETER_RETURN_COMP": "false",
              "M4_Field_NOT_ASSIGNED": "false",
              "M4_Field_NOT_USED": "false",
              "M4_PARAMETER_RETURN_COMPABILITY": "false",
              "M5_MI_WITH_COMPATIBLE_VAR_TYPE": "false",
              "M5_SIMILAR_PRIMITIVE_TYPE_WITH_NORMAL_GUARD": "false",
              "M5_SIMILAR_PRIMITIVE_TYPE_WITH_NULL_GUARD": "false",
              "M6_INV_Invocation_INV_REPLACE_BY_VAR": "false",
              "M7_INV_Invocation_INV_REPLACE_BY_INV": "false",
              "M7_OBJECT_USED_IN_ASSIGNMENT": "false",
              "M8_PRIMITIVE_USED_IN_ASSIGNMENT": "false",
              "M8_RETURN_PRIMITIVE": "false",
              "M9_METHOD_CALL_WITH_NORMAL_GUARD": "false",
              "M9_RETURN_OBJECTIVE": "true"
            },
            "isHoistedFunctionDeclaration": {
              "M10_METHOD_CALL_WITH_NULL_GUARD": "false",
              "M10_WRAPTTED_IN_OTHER_CALLS": "false",
              "M11_Satrt_With_Get": "false",
              "M12_Has_Var_Similar_In_Name": "false",
              "M12_METHOD_CALL_WITH_TRY_CATCH": "false",
              "M13_Argument_Has_Primitive": "false",
              "M1_LOCAL_VAR_NOT_ASSIGNED": "false",
              "M1_LOCAL_VAR_NOT_USED": "false",
              "M1_OVERLOADED_METHOD": "false",
              "M2_SIMILAR_METHOD_WITH_SAME_RETURN": "false",
              "M2_SIMILAR_OBJECT_TYPE_WITH_NORMAL_GUARD": "false",
              "M2_SIMILAR_OBJECT_TYPE_WITH_NULL_GUARD": "false",
              "M3_ANOTHER_METHOD_WITH_PARAMETER_RETURN_COMP": "false",
              "M4_Field_NOT_ASSIGNED": "false",
              "M4_Field_NOT_USED": "false",
              "M4_PARAMETER_RETURN_COMPABILITY": "false",
              "M5_MI_WITH_COMPATIBLE_VAR_TYPE": "false",
              "M5_SIMILAR_PRIMITIVE_TYPE_WITH_NORMAL_GUARD": "false",
              "M5_SIMILAR_PRIMITIVE_TYPE_WITH_NULL_GUARD": "false",
              "M6_INV_Invocation_INV_REPLACE_BY_VAR": "false",
              "M7_INV_Invocation_INV_REPLACE_BY_INV": "false",
              "M7_OBJECT_USED_IN_ASSIGNMENT": "false",
              "M8_PRIMITIVE_USED_IN_ASSIGNMENT": "false",
              "M8_RETURN_PRIMITIVE": "true",
              "M9_METHOD_CALL_WITH_NORMAL_GUARD": "false",
              "M9_RETURN_OBJECTIVE": "false"
            },
            "spoon.support.reflect.code.CtInvocationImpl@1": {
              "M10_METHOD_CALL_WITH_NULL_GUARD": "false",
              "M10_WRAPTTED_IN_OTHER_CALLS": "false",
              "M11_Satrt_With_Get": "false",
              "M12_Has_Var_Similar_In_Name": "false",
              "M12_METHOD_CALL_WITH_TRY_CATCH": "false",
              "M13_Argument_Has_Primitive": "false",
              "M1_LOCAL_VAR_NOT_ASSIGNED": "false",
              "M1_LOCAL_VAR_NOT_USED": "false",
              "M1_OVERLOADED_METHOD": "false",
              "M2_SIMILAR_METHOD_WITH_SAME_RETURN": "false",
              "M2_SIMILAR_OBJECT_TYPE_WITH_NORMAL_GUARD": "false",
              "M2_SIMILAR_OBJECT_TYPE_WITH_NULL_GUARD": "false",
              "M3_ANOTHER_METHOD_WITH_PARAMETER_RETURN_COMP": "true",
              "M4_Field_NOT_ASSIGNED": "false",
              "M4_Field_NOT_USED": "false",
              "M4_PARAMETER_RETURN_COMPABILITY": "false",
              "M5_MI_WITH_COMPATIBLE_VAR_TYPE": "true",
              "M5_SIMILAR_PRIMITIVE_TYPE_WITH_NORMAL_GUARD": "false",
              "M5_SIMILAR_PRIMITIVE_TYPE_WITH_NULL_GUARD": "false",
              "M6_INV_Invocation_INV_REPLACE_BY_VAR": "false",
              "M7_INV_Invocation_INV_REPLACE_BY_INV": "false",
              "M7_OBJECT_USED_IN_ASSIGNMENT": "false",
              "M8_PRIMITIVE_USED_IN_ASSIGNMENT": "false",
              "M8_RETURN_PRIMITIVE": "false",
              "M9_METHOD_CALL_WITH_NORMAL_GUARD": "false",
              "M9_RETURN_OBJECTIVE": "true"
            }
          },
          "FEATURES_METHOD_INVOCATION": {},
          "FEATURES_TYPEACCESS": {
            "com.google.javascript.jscomp.NodeUtil": {
              "C3_TYPEACCESS_ACTUAL_VAR": "false",
              "C4_SIMILAR_TYPEACCESS_ACTUAL_VAR": "false"
            },
            "com.google.javascript.jscomp.ReferenceCollectingCallback$BasicBlock": {
              "C3_TYPEACCESS_ACTUAL_VAR": "false",
              "C4_SIMILAR_TYPEACCESS_ACTUAL_VAR": "false"
            }
          },
          "FEATURES_VARS": {
            "currentBlock": {
              "V10_VAR_TYPE_Similar_VAR": "false",
              "V11_VAR_COMPATIBLE_TYPE_IN_CONDITION": "false",
              "V12_VAR_Invocation_VAR_REPLACE_BY_VAR": "false",
              "V13_VAR_Invocation_VAR_REPLACE_BY_INVOCATION": "false",
              "V14_VAR_INSTANCE_OF_CLASS": "false",
              "V16_IS_METHOD_PARAMETER_TYPE_VAR": "true",
              "V17_VAR_IS_ENUMERATION": "false",
              "V18_Has_Method_Similar_In_Name": "false",
              "V19_With_Special_Name": "false",
              "V1_IS_TYPE_COMPATIBLE_METHOD_CALL_PARAM_RETURN": "false",
              "V1_LOCAL_VAR_NOT_ASSIGNED": "true",
              "V1_LOCAL_VAR_NOT_USED": "false",
              "V2_HAS_VAR_SIM_NAME": "false",
              "V2_HAS_VAR_SIM_NAME_COMP_TYPE": "false",
              "V3_HAS_CONSTANT": "false",
              "V4B_USED_MULTIPLE_AS_PARAMETER": "false",
              "V4_Field_NOT_ASSIGNED": "false",
              "V4_Field_NOT_USED": "false",
              "V5_HAS_VAR_IN_TRANSFORMATION": "false",
              "V6_IS_METHOD_RETURN_TYPE_VAR": "true",
              "V8_VAR_OBJECT": "true",
              "V8_VAR_PRIMITIVE": "false",
              "V9_VAR_TYPE_Similar_Literal": "false"
            },
            "isHoisted": {
              "V10_VAR_TYPE_Similar_VAR": "false",
              "V11_VAR_COMPATIBLE_TYPE_IN_CONDITION": "false",
              "V12_VAR_Invocation_VAR_REPLACE_BY_VAR": "false",
              "V13_VAR_Invocation_VAR_REPLACE_BY_INVOCATION": "false",
              "V14_VAR_INSTANCE_OF_CLASS": "false",
              "V16_IS_METHOD_PARAMETER_TYPE_VAR": "false",
              "V17_VAR_IS_ENUMERATION": "false",
              "V18_Has_Method_Similar_In_Name": "false",
              "V19_With_Special_Name": "false",
              "V1_IS_TYPE_COMPATIBLE_METHOD_CALL_PARAM_RETURN": "false",
              "V1_LOCAL_VAR_NOT_ASSIGNED": "false",
              "V1_LOCAL_VAR_NOT_USED": "false",
              "V2_HAS_VAR_SIM_NAME": "false",
              "V2_HAS_VAR_SIM_NAME_COMP_TYPE": "false",
              "V3_HAS_CONSTANT": "false",
              "V4B_USED_MULTIPLE_AS_PARAMETER": "false",
              "V4_Field_NOT_ASSIGNED": "false",
              "V4_Field_NOT_USED": "false",
              "V5_HAS_VAR_IN_TRANSFORMATION": "false",
              "V6_IS_METHOD_RETURN_TYPE_VAR": "true",
              "V8_VAR_OBJECT": "false",
              "V8_VAR_PRIMITIVE": "true",
              "V9_VAR_TYPE_Similar_Literal": "true"
            },
            "parent": {
              "V10_VAR_TYPE_Similar_VAR": "false",
              "V11_VAR_COMPATIBLE_TYPE_IN_CONDITION": "false",
              "V12_VAR_Invocation_VAR_REPLACE_BY_VAR": "false",
              "V13_VAR_Invocation_VAR_REPLACE_BY_INVOCATION": "false",
              "V14_VAR_INSTANCE_OF_CLASS": "false",
              "V16_IS_METHOD_PARAMETER_TYPE_VAR": "true",
              "V17_VAR_IS_ENUMERATION": "false",
              "V18_Has_Method_Similar_In_Name": "true",
              "V19_With_Special_Name": "false",
              "V1_IS_TYPE_COMPATIBLE_METHOD_CALL_PARAM_RETURN": "false",
              "V1_LOCAL_VAR_NOT_ASSIGNED": "false",
              "V1_LOCAL_VAR_NOT_USED": "false",
              "V2_HAS_VAR_SIM_NAME": "false",
              "V2_HAS_VAR_SIM_NAME_COMP_TYPE": "false",
              "V3_HAS_CONSTANT": "false",
              "V4B_USED_MULTIPLE_AS_PARAMETER": "false",
              "V4_Field_NOT_ASSIGNED": "false",
              "V4_Field_NOT_USED": "false",
              "V5_HAS_VAR_IN_TRANSFORMATION": "false",
              "V6_IS_METHOD_RETURN_TYPE_VAR": "true",
              "V8_VAR_OBJECT": "true",
              "V8_VAR_PRIMITIVE": "false",
              "V9_VAR_TYPE_Similar_Literal": "false"
            },
            "root": {
              "V10_VAR_TYPE_Similar_VAR": "false",
              "V11_VAR_COMPATIBLE_TYPE_IN_CONDITION": "false",
              "V12_VAR_Invocation_VAR_REPLACE_BY_VAR": "false",
              "V13_VAR_Invocation_VAR_REPLACE_BY_INVOCATION": "false",
              "V14_VAR_INSTANCE_OF_CLASS": "false",
              "V16_IS_METHOD_PARAMETER_TYPE_VAR": "true",
              "V17_VAR_IS_ENUMERATION": "false",
              "V18_Has_Method_Similar_In_Name": "false",
              "V19_With_Special_Name": "false",
              "V1_IS_TYPE_COMPATIBLE_METHOD_CALL_PARAM_RETURN": "false",
              "V1_LOCAL_VAR_NOT_ASSIGNED": "false",
              "V1_LOCAL_VAR_NOT_USED": "false",
              "V2_HAS_VAR_SIM_NAME": "false",
              "V2_HAS_VAR_SIM_NAME_COMP_TYPE": "false",
              "V3_HAS_CONSTANT": "false",
              "V4B_USED_MULTIPLE_AS_PARAMETER": "false",
              "V4_FIRST_TIME_USED_AS_PARAMETER": "true",
              "V4_Field_NOT_ASSIGNED": "false",
              "V4_Field_NOT_USED": "false",
              "V5_HAS_VAR_IN_TRANSFORMATION": "false",
              "V6_IS_METHOD_RETURN_TYPE_VAR": "true",
              "V8_VAR_OBJECT": "true",
              "V8_VAR_PRIMITIVE": "false",
              "V9_VAR_TYPE_Similar_Literal": "false"
            },
            "thatBlock": {
              "V10_VAR_TYPE_Similar_VAR": "false",
              "V11_VAR_COMPATIBLE_TYPE_IN_CONDITION": "false",
              "V12_VAR_Invocation_VAR_REPLACE_BY_VAR": "false",
              "V13_VAR_Invocation_VAR_REPLACE_BY_INVOCATION": "false",
              "V14_VAR_INSTANCE_OF_CLASS": "false",
              "V16_IS_METHOD_PARAMETER_TYPE_VAR": "true",
              "V17_VAR_IS_ENUMERATION": "false",
              "V18_Has_Method_Similar_In_Name": "false",
              "V19_With_Special_Name": "false",
              "V1_IS_TYPE_COMPATIBLE_METHOD_CALL_PARAM_RETURN": "false",
              "V1_LOCAL_VAR_NOT_ASSIGNED": "false",
              "V1_LOCAL_VAR_NOT_USED": "false",
              "V2_HAS_VAR_SIM_NAME": "false",
              "V2_HAS_VAR_SIM_NAME_COMP_TYPE": "false",
              "V3_HAS_CONSTANT": "false",
              "V4B_USED_MULTIPLE_AS_PARAMETER": "false",
              "V4_Field_NOT_ASSIGNED": "false",
              "V4_Field_NOT_USED": "false",
              "V5_HAS_VAR_IN_TRANSFORMATION": "false",
              "V6_IS_METHOD_RETURN_TYPE_VAR": "true",
              "V8_VAR_OBJECT": "true",
              "V8_VAR_PRIMITIVE": "false",
              "V9_VAR_TYPE_Similar_Literal": "false"
            }
          },
          "S10_METHOD_CALL_WITH_NULL_GUARD": "false",
          "S11_FAULTY_CLASS_EXCEPTION_TYPE": "false",
          "S12_METHOD_CALL_WITH_TRY_CATCH": "false",
          "S13_TYPE_OF_FAULTY_STATEMENT_AFTER_1": "",
          "S13_TYPE_OF_FAULTY_STATEMENT_AFTER_2": "",
          "S13_TYPE_OF_FAULTY_STATEMENT_AFTER_3": "",
          "S13_TYPE_OF_FAULTY_STATEMENT_BEFORE_1": "",
          "S13_TYPE_OF_FAULTY_STATEMENT_BEFORE_2": "",
          "S13_TYPE_OF_FAULTY_STATEMENT_BEFORE_3": "",
          "S14_TYPE_OF_FAULTY_STATEMENT_PARENT": "Class",
          "S15_HAS_OBJECTIVE_METHOD_CALL": "true",
          "S16_HAS_Invocations_Prone_Exception": "false",
          "S18_In_Synchronized_Method": "false",
          "S1_LOCAL_VAR_NOT_ASSIGNED": "true",
          "S1_LOCAL_VAR_NOT_USED": "false",
          "S2_SIMILAR_OBJECT_TYPE_WITH_NORMAL_GUARD": "false",
          "S2_SIMILAR_OBJECT_TYPE_WITH_NULL_GUARD": "false",
          "S3_TYPE_OF_FAULTY_STATEMENT": "Class",
          "S4_Field_NOT_ASSIGNED": "false",
          "S4_Field_NOT_USED": "false",
          "S5_SIMILAR_PRIMITIVE_TYPE_WITH_NORMAL_GUARD": "false",
          "S5_SIMILAR_PRIMITIVE_TYPE_WITH_NULL_GUARD": "false",
          "S7_OBJECT_USED_IN_ASSIGNMENT": "false",
          "S8_PRIMITIVE_USED_IN_ASSIGNMENT": "false",
          "S9_METHOD_CALL_WITH_NORMAL_GUARD": "false",
          "ast_info": {
            "dst": "null",
            "dst_parent": "null",
            "dst_parent_type": "null",
            "dst_type": "null",
            "operator": "INS",
            "src": "private final boolean isLoop;",
            "src_parent": "static final class BasicBlock {\n    private final com.google.javascript.jscomp.ReferenceCollectingCallback.BasicBlock parent;\n\n    private final boolean isHoisted;\n\n    private final boolean isFunction;\n\n    private final boolean isLoop;\n\n    BasicBlock(com.google.javascript.jscomp.ReferenceCollectingCallback.BasicBlock parent, com.google.javascript.rhino.Node root) {\n        this.parent = parent;\n        this.isHoisted = com.google.javascript.jscomp.NodeUtil.isHoistedFunctionDeclaration(root);\n        this.isFunction = root.getType() == com.google.javascript.rhino.Token.FUNCTION;\n        if (root.getParent() != null) {\n            int pType = root.getParent().getType();\n            this.isLoop = ((pType == com.google.javascript.rhino.Token.DO) || (pType == com.google.javascript.rhino.Token.WHILE)) || (pType == com.google.javascript.rhino.Token.FOR);\n        } else {\n            this.isLoop = false;\n        }\n    }\n\n    com.google.javascript.jscomp.ReferenceCollectingCallback.BasicBlock getParent() {\n        return parent;\n    }\n\n    boolean provablyExecutesBefore(com.google.javascript.jscomp.ReferenceCollectingCallback.BasicBlock thatBlock) {\n        com.google.javascript.jscomp.ReferenceCollectingCallback.BasicBlock currentBlock;\n        for (currentBlock = thatBlock; (currentBlock != null) && (currentBlock != this); currentBlock = currentBlock.getParent()) {\n            if (currentBlock.isHoisted) {\n                return false;\n            }\n        }\n        return currentBlock == this;\n    }\n}",
            "src_parent_type": "Class",
            "src_type": "Field"
          }
        },
        {
          "CONSTANT": {
            "false": {
              "C1_SAME_TYPE_CONSTANT": "true",
              "C2_SAME_TYPE_CONSTANT_VAR": "false",
              "C2_SAME_TYPE_VAR": "false"
            },
            "null": {
              "C1_SAME_TYPE_CONSTANT": "false",
              "C2_SAME_TYPE_CONSTANT_VAR": "false",
              "C2_SAME_TYPE_VAR": "false"
            },
            "true": {
              "C1_SAME_TYPE_CONSTANT": "true",
              "C2_SAME_TYPE_CONSTANT_VAR": "false",
              "C2_SAME_TYPE_VAR": "false"
            }
          },
          "FEATURES_BINARYOPERATOR": {
            "0_size == 0": {
              "O1_IS_BIT": "false",
              "O1_IS_COMPARE": "true",
              "O1_IS_LOGICAL": "false",
              "O1_IS_MATH": "false",
              "O1_IS_OTHERS": "false",
              "O1_IS_SHIFT": "false",
              "O2_LOGICAL_CONTAIN_NOT": "false",
              "O3_CONTAIN_01": "true",
              "O3_CONTAIN_NULL": "false",
              "O4_COMPARE_IN_CONDITION": "false",
              "O5_IS_MATH_ROOT": "false"
            },
            "10_isInitializingDeclarationAt(i) || isInitializingAssignmentAt(i)": {
              "O1_IS_BIT": "false",
              "O1_IS_COMPARE": "false",
              "O1_IS_LOGICAL": "true",
              "O1_IS_MATH": "false",
              "O1_IS_OTHERS": "false",
              "O1_IS_SHIFT": "false",
              "O2_LOGICAL_CONTAIN_NOT": "false",
              "O3_CONTAIN_01": "false",
              "O3_CONTAIN_NULL": "false",
              "O4_COMPARE_IN_CONDITION": "false",
              "O5_IS_MATH_ROOT": "false"
            },
            "11_ref == null": {
              "O1_IS_BIT": "false",
              "O1_IS_COMPARE": "true",
              "O1_IS_LOGICAL": "false",
              "O1_IS_MATH": "false",
              "O1_IS_OTHERS": "false",
              "O1_IS_SHIFT": "false",
              "O2_LOGICAL_CONTAIN_NOT": "false",
              "O3_CONTAIN_01": "false",
              "O3_CONTAIN_NULL": "true",
              "O4_COMPARE_IN_CONDITION": "false",
              "O5_IS_MATH_ROOT": "false"
            },
            "12_i < size": {
              "O1_IS_BIT": "false",
              "O1_IS_COMPARE": "true",
              "O1_IS_LOGICAL": "false",
              "O1_IS_MATH": "false",
              "O1_IS_OTHERS": "false",
              "O1_IS_SHIFT": "false",
              "O2_LOGICAL_CONTAIN_NOT": "false",
              "O3_CONTAIN_01": "false",
              "O3_CONTAIN_NULL": "false",
              "O4_COMPARE_IN_CONDITION": "false",
              "O5_IS_MATH_ROOT": "false"
            },
            "13_ref.isLvalue() || ref.isInitializingDeclaration()": {
              "O1_IS_BIT": "false",
              "O1_IS_COMPARE": "false",
              "O1_IS_LOGICAL": "true",
              "O1_IS_MATH": "false",
              "O1_IS_OTHERS": "false",
              "O1_IS_SHIFT": "false",
              "O2_LOGICAL_CONTAIN_NOT": "false",
              "O3_CONTAIN_01": "false",
              "O3_CONTAIN_NULL": "false",
              "O4_COMPARE_IN_CONDITION": "false",
              "O5_IS_MATH_ROOT": "false"
            },
            "14_assignment == null": {
              "O1_IS_BIT": "false",
              "O1_IS_COMPARE": "true",
              "O1_IS_LOGICAL": "false",
              "O1_IS_MATH": "false",
              "O1_IS_OTHERS": "false",
              "O1_IS_SHIFT": "false",
              "O2_LOGICAL_CONTAIN_NOT": "false",
              "O3_CONTAIN_01": "false",
              "O3_CONTAIN_NULL": "true",
              "O4_COMPARE_IN_CONDITION": "false",
              "O5_IS_MATH_ROOT": "false"
            },
            "15_i < size": {
              "O1_IS_BIT": "false",
              "O1_IS_COMPARE": "true",
              "O1_IS_LOGICAL": "false",
              "O1_IS_MATH": "false",
              "O1_IS_OTHERS": "false",
              "O1_IS_SHIFT": "false",
              "O2_LOGICAL_CONTAIN_NOT": "false",
              "O3_CONTAIN_01": "false",
              "O3_CONTAIN_NULL": "false",
              "O4_COMPARE_IN_CONDITION": "false",
              "O5_IS_MATH_ROOT": "false"
            },
            "16_ref.isLvalue() || ref.isInitializingDeclaration()": {
              "O1_IS_BIT": "false",
              "O1_IS_COMPARE": "false",
              "O1_IS_LOGICAL": "true",
              "O1_IS_MATH": "false",
              "O1_IS_OTHERS": "false",
              "O1_IS_SHIFT": "false",
              "O2_LOGICAL_CONTAIN_NOT": "false",
              "O3_CONTAIN_01": "false",
              "O3_CONTAIN_NULL": "false",
              "O4_COMPARE_IN_CONDITION": "false",
              "O5_IS_MATH_ROOT": "false"
            },
            "17_(size > 0) && references.get(0).isInitializingDeclaration()": {
              "O1_IS_BIT": "false",
              "O1_IS_COMPARE": "false",
              "O1_IS_LOGICAL": "true",
              "O1_IS_MATH": "false",
              "O1_IS_OTHERS": "false",
              "O1_IS_SHIFT": "false",
              "O2_LOGICAL_CONTAIN_NOT": "false",
              "O3_CONTAIN_01": "false",
              "O3_CONTAIN_NULL": "false",
              "O4_COMPARE_IN_CONDITION": "false",
              "O5_IS_MATH_ROOT": "false"
            },
            "18_(size > 0)": {
              "O1_IS_BIT": "false",
              "O1_IS_COMPARE": "true",
              "O1_IS_LOGICAL": "false",
              "O1_IS_MATH": "false",
              "O1_IS_OTHERS": "false",
              "O1_IS_SHIFT": "false",
              "O2_LOGICAL_CONTAIN_NOT": "false",
              "O3_CONTAIN_01": "true",
              "O3_CONTAIN_NULL": "false",
              "O4_COMPARE_IN_CONDITION": "false",
              "O5_IS_MATH_ROOT": "false"
            },
            "1_init == null": {
              "O1_IS_BIT": "false",
              "O1_IS_COMPARE": "true",
              "O1_IS_LOGICAL": "false",
              "O1_IS_MATH": "false",
              "O1_IS_OTHERS": "false",
              "O1_IS_SHIFT": "false",
              "O2_LOGICAL_CONTAIN_NOT": "false",
              "O3_CONTAIN_01": "false",
              "O3_CONTAIN_NULL": "true",
              "O4_COMPARE_IN_CONDITION": "false",
              "O5_IS_MATH_ROOT": "false"
            },
            "2_i < size": {
              "O1_IS_BIT": "false",
              "O1_IS_COMPARE": "true",
              "O1_IS_LOGICAL": "false",
              "O1_IS_MATH": "false",
              "O1_IS_OTHERS": "false",
              "O1_IS_SHIFT": "false",
              "O2_LOGICAL_CONTAIN_NOT": "false",
              "O3_CONTAIN_01": "false",
              "O3_CONTAIN_NULL": "false",
              "O4_COMPARE_IN_CONDITION": "false",
              "O5_IS_MATH_ROOT": "false"
            },
            "3_scope == null": {
              "O1_IS_BIT": "false",
              "O1_IS_COMPARE": "true",
              "O1_IS_LOGICAL": "false",
              "O1_IS_MATH": "false",
              "O1_IS_OTHERS": "false",
              "O1_IS_SHIFT": "false",
              "O2_LOGICAL_CONTAIN_NOT": "false",
              "O3_CONTAIN_01": "false",
              "O3_CONTAIN_NULL": "true",
              "O4_COMPARE_IN_CONDITION": "false",
              "O5_IS_MATH_ROOT": "false"
            },
            "4_scope != ref.scope": {
              "O1_IS_BIT": "false",
              "O1_IS_COMPARE": "true",
              "O1_IS_LOGICAL": "false",
              "O1_IS_MATH": "false",
              "O1_IS_OTHERS": "false",
              "O1_IS_SHIFT": "false",
              "O2_LOGICAL_CONTAIN_NOT": "false",
              "O3_CONTAIN_01": "false",
              "O3_CONTAIN_NULL": "false",
              "O4_COMPARE_IN_CONDITION": "false",
              "O5_IS_MATH_ROOT": "false"
            },
            "5_(index < references.size()) && (index > 0)": {
              "O1_IS_BIT": "false",
              "O1_IS_COMPARE": "false",
              "O1_IS_LOGICAL": "true",
              "O1_IS_MATH": "false",
              "O1_IS_OTHERS": "false",
              "O1_IS_SHIFT": "false",
              "O2_LOGICAL_CONTAIN_NOT": "false",
              "O3_CONTAIN_01": "false",
              "O3_CONTAIN_NULL": "false",
              "O4_COMPARE_IN_CONDITION": "false",
              "O5_IS_MATH_ROOT": "false"
            },
            "6_(index < references.size())": {
              "O1_IS_BIT": "false",
              "O1_IS_COMPARE": "true",
              "O1_IS_LOGICAL": "false",
              "O1_IS_MATH": "false",
              "O1_IS_OTHERS": "false",
              "O1_IS_SHIFT": "false",
              "O2_LOGICAL_CONTAIN_NOT": "false",
              "O3_CONTAIN_01": "false",
              "O3_CONTAIN_NULL": "false",
              "O4_COMPARE_IN_CONDITION": "false",
              "O5_IS_MATH_ROOT": "false"
            },
            "7_(index > 0)": {
              "O1_IS_BIT": "false",
              "O1_IS_COMPARE": "true",
              "O1_IS_LOGICAL": "false",
              "O1_IS_MATH": "false",
              "O1_IS_OTHERS": "false",
              "O1_IS_SHIFT": "false",
              "O2_LOGICAL_CONTAIN_NOT": "false",
              "O3_CONTAIN_01": "true",
              "O3_CONTAIN_NULL": "false",
              "O4_COMPARE_IN_CONDITION": "false",
              "O5_IS_MATH_ROOT": "false"
            },
            "8_index - 1": {
              "O1_IS_BIT": "false",
              "O1_IS_COMPARE": "false",
              "O1_IS_LOGICAL": "false",
              "O1_IS_MATH": "true",
              "O1_IS_OTHERS": "false",
              "O1_IS_SHIFT": "false",
              "O2_LOGICAL_CONTAIN_NOT": "false",
              "O3_CONTAIN_01": "true",
              "O3_CONTAIN_NULL": "false",
              "O4_COMPARE_IN_CONDITION": "false",
              "O5_IS_MATH_ROOT": "true"
            },
            "9_i < size": {
              "O1_IS_BIT": "false",
              "O1_IS_COMPARE": "true",
              "O1_IS_LOGICAL": "false",
              "O1_IS_MATH": "false",
              "O1_IS_OTHERS": "false",
              "O1_IS_SHIFT": "false",
              "O2_LOGICAL_CONTAIN_NOT": "false",
              "O3_CONTAIN_01": "false",
              "O3_CONTAIN_NULL": "false",
              "O4_COMPARE_IN_CONDITION": "false",
              "O5_IS_MATH_ROOT": "false"
            }
          },
          "FEATURES_LOGICAL_EXPRESSION": {
            "logical_expression_0_ref == null": {
              "LE10_ATOMIC_EXPRESSION_COMPARISION_SAME_LEFT": "false",
              "LE10_ATOMIC_EXPRESSION_COMPARISION_SAME_RIGHT": "false",
              "LE10_ATOMIC_EXPRESSION_MULTIPLE_VAR_AS_BOOLEAN": "false",
              "LE10_ATOMIC_EXPRESSION_SAME_INVOCATION_TARGET": "false",
              "LE10_ATOMIC_EXPRESSION_USED_IN_INVOCATION_COMPARISION_VARIABLE": "false",
              "LE10_CONTAINS_ALL_INVOCATION_COMPARISION_VARIABLE": "false",
              "LE1_EXISTS_RELATED_BOOLEAN_EXPRESSION": "true",
              "LE2_IS_BOOLEAN_METHOD_PARAM_TYPE_VAR": "true",
              "LE3_IS_COMPATIBLE_VAR_NOT_INCLUDED": "false",
              "LE4_EXISTS_LOCAL_UNUSED_VARIABLES": "false",
              "LE5_COMPLEX_REFERENCE": "true",
              "LE6_HAS_NEGATION": "false",
              "LE7_SIMPLE_VAR_OR_METHOD_IN_LOGIC": "false",
              "LE8_SCOPE_VAR_USED_OTHER_BOOLEXPER": "true",
              "LE9_EQUAL_NOTEQUAL_NULL_CHECK": "false",
              "LE9_MIX_CHECK": "false",
              "LE9_NORMAL_CHECK": "false",
              "LE9_NULL_CHECK": "false"
            },
            "logical_expression_1_false": {
              "LE10_ATOMIC_EXPRESSION_COMPARISION_SAME_LEFT": "false",
              "LE10_ATOMIC_EXPRESSION_COMPARISION_SAME_RIGHT": "false",
              "LE10_ATOMIC_EXPRESSION_MULTIPLE_VAR_AS_BOOLEAN": "false",
              "LE10_ATOMIC_EXPRESSION_SAME_INVOCATION_TARGET": "false",
              "LE10_ATOMIC_EXPRESSION_USED_IN_INVOCATION_COMPARISION_VARIABLE": "false",
              "LE10_CONTAINS_ALL_INVOCATION_COMPARISION_VARIABLE": "false",
              "LE1_EXISTS_RELATED_BOOLEAN_EXPRESSION": "false",
              "LE2_IS_BOOLEAN_METHOD_PARAM_TYPE_VAR": "false",
              "LE3_IS_COMPATIBLE_VAR_NOT_INCLUDED": "false",
              "LE4_EXISTS_LOCAL_UNUSED_VARIABLES": "false",
              "LE5_COMPLEX_REFERENCE": "false",
              "LE6_HAS_NEGATION": "false",
              "LE7_SIMPLE_VAR_OR_METHOD_IN_LOGIC": "false",
              "LE8_SCOPE_VAR_USED_OTHER_BOOLEXPER": "true",
              "LE9_EQUAL_NOTEQUAL_NULL_CHECK": "false",
              "LE9_MIX_CHECK": "false",
              "LE9_NORMAL_CHECK": "false",
              "LE9_NULL_CHECK": "false"
            },
            "logical_expression_2_true": {
              "LE10_ATOMIC_EXPRESSION_COMPARISION_SAME_LEFT": "false",
              "LE10_ATOMIC_EXPRESSION_COMPARISION_SAME_RIGHT": "false",
              "LE10_ATOMIC_EXPRESSION_MULTIPLE_VAR_AS_BOOLEAN": "false",
              "LE10_ATOMIC_EXPRESSION_SAME_INVOCATION_TARGET": "false",
              "LE10_ATOMIC_EXPRESSION_USED_IN_INVOCATION_COMPARISION_VARIABLE": "false",
              "LE10_CONTAINS_ALL_INVOCATION_COMPARISION_VARIABLE": "false",
              "LE1_EXISTS_RELATED_BOOLEAN_EXPRESSION": "false",
              "LE2_IS_BOOLEAN_METHOD_PARAM_TYPE_VAR": "false",
              "LE3_IS_COMPATIBLE_VAR_NOT_INCLUDED": "false",
              "LE4_EXISTS_LOCAL_UNUSED_VARIABLES": "false",
              "LE5_COMPLEX_REFERENCE": "false",
              "LE6_HAS_NEGATION": "false",
              "LE7_SIMPLE_VAR_OR_METHOD_IN_LOGIC": "false",
              "LE8_SCOPE_VAR_USED_OTHER_BOOLEXPER": "true",
              "LE9_EQUAL_NOTEQUAL_NULL_CHECK": "false",
              "LE9_MIX_CHECK": "false",
              "LE9_NORMAL_CHECK": "false",
              "LE9_NULL_CHECK": "false"
            }
          },
          "FEATURES_METHODS": {
            "getOneAndOnlyAssignment": {
              "M10_METHOD_CALL_WITH_NULL_GUARD": "false",
              "M10_WRAPTTED_IN_OTHER_CALLS": "false",
              "M11_Satrt_With_Get": "true",
              "M12_Has_Var_Similar_In_Name": "false",
              "M12_METHOD_CALL_WITH_TRY_CATCH": "false",
              "M13_Argument_Has_Primitive": "false",
              "M1_LOCAL_VAR_NOT_ASSIGNED": "false",
              "M1_LOCAL_VAR_NOT_USED": "false",
              "M1_OVERLOADED_METHOD": "false",
              "M2_SIMILAR_METHOD_WITH_SAME_RETURN": "true",
              "M2_SIMILAR_OBJECT_TYPE_WITH_NORMAL_GUARD": "false",
              "M2_SIMILAR_OBJECT_TYPE_WITH_NULL_GUARD": "false",
              "M3_ANOTHER_METHOD_WITH_PARAMETER_RETURN_COMP": "false",
              "M4_Field_NOT_ASSIGNED": "false",
              "M4_Field_NOT_USED": "false",
              "M4_PARAMETER_RETURN_COMPABILITY": "false",
              "M5_MI_WITH_COMPATIBLE_VAR_TYPE": "false",
              "M5_SIMILAR_PRIMITIVE_TYPE_WITH_NORMAL_GUARD": "false",
              "M5_SIMILAR_PRIMITIVE_TYPE_WITH_NULL_GUARD": "false",
              "M6_INV_Invocation_INV_REPLACE_BY_VAR": "false",
              "M7_INV_Invocation_INV_REPLACE_BY_INV": "false",
              "M7_OBJECT_USED_IN_ASSIGNMENT": "false",
              "M8_PRIMITIVE_USED_IN_ASSIGNMENT": "false",
              "M8_RETURN_PRIMITIVE": "false",
              "M9_METHOD_CALL_WITH_NORMAL_GUARD": "false",
              "M9_RETURN_OBJECTIVE": "true"
            }
          },
          "FEATURES_METHOD_INVOCATION": {},
          "FEATURES_TYPEACCESS": {
            "com.google.javascript.jscomp.ReferenceCollectingCallback$ReferenceCollection": {
              "C3_TYPEACCESS_ACTUAL_VAR": "false",
              "C4_SIMILAR_TYPEACCESS_ACTUAL_VAR": "false"
            }
          },
          "FEATURES_VARS": {
            "ref": {
              "V10_VAR_TYPE_Similar_VAR": "false",
              "V11_VAR_COMPATIBLE_TYPE_IN_CONDITION": "false",
              "V12_VAR_Invocation_VAR_REPLACE_BY_VAR": "false",
              "V13_VAR_Invocation_VAR_REPLACE_BY_INVOCATION": "false",
              "V14_VAR_INSTANCE_OF_CLASS": "false",
              "V16_IS_METHOD_PARAMETER_TYPE_VAR": "true",
              "V17_VAR_IS_ENUMERATION": "false",
              "V18_Has_Method_Similar_In_Name": "false",
              "V19_With_Special_Name": "false",
              "V1_IS_TYPE_COMPATIBLE_METHOD_CALL_PARAM_RETURN": "false",
              "V1_LOCAL_VAR_NOT_ASSIGNED": "true",
              "V1_LOCAL_VAR_NOT_USED": "false",
              "V2_HAS_VAR_SIM_NAME": "true",
              "V2_HAS_VAR_SIM_NAME_COMP_TYPE": "false",
              "V3_HAS_CONSTANT": "false",
              "V4B_USED_MULTIPLE_AS_PARAMETER": "false",
              "V4_Field_NOT_ASSIGNED": "false",
              "V4_Field_NOT_USED": "false",
              "V5_HAS_VAR_IN_TRANSFORMATION": "false",
              "V6_IS_METHOD_RETURN_TYPE_VAR": "true",
              "V8_VAR_OBJECT": "true",
              "V8_VAR_PRIMITIVE": "false",
              "V9_VAR_TYPE_Similar_Literal": "false"
            }
          },
          "S10_METHOD_CALL_WITH_NULL_GUARD": "false",
          "S11_FAULTY_CLASS_EXCEPTION_TYPE": "false",
          "S12_METHOD_CALL_WITH_TRY_CATCH": "false",
          "S13_TYPE_OF_FAULTY_STATEMENT_AFTER_1": "",
          "S13_TYPE_OF_FAULTY_STATEMENT_AFTER_2": "",
          "S13_TYPE_OF_FAULTY_STATEMENT_AFTER_3": "",
          "S13_TYPE_OF_FAULTY_STATEMENT_BEFORE_1": "",
          "S13_TYPE_OF_FAULTY_STATEMENT_BEFORE_2": "",
          "S13_TYPE_OF_FAULTY_STATEMENT_BEFORE_3": "",
          "S14_TYPE_OF_FAULTY_STATEMENT_PARENT": "Class",
          "S15_HAS_OBJECTIVE_METHOD_CALL": "true",
          "S16_HAS_Invocations_Prone_Exception": "false",
          "S18_In_Synchronized_Method": "false",
          "S1_LOCAL_VAR_NOT_ASSIGNED": "true",
          "S1_LOCAL_VAR_NOT_USED": "false",
          "S2_SIMILAR_OBJECT_TYPE_WITH_NORMAL_GUARD": "false",
          "S2_SIMILAR_OBJECT_TYPE_WITH_NULL_GUARD": "false",
          "S3_TYPE_OF_FAULTY_STATEMENT": "Method",
          "S4_Field_NOT_ASSIGNED": "false",
          "S4_Field_NOT_USED": "false",
          "S5_SIMILAR_PRIMITIVE_TYPE_WITH_NORMAL_GUARD": "false",
          "S5_SIMILAR_PRIMITIVE_TYPE_WITH_NULL_GUARD": "false",
          "S7_OBJECT_USED_IN_ASSIGNMENT": "false",
          "S8_PRIMITIVE_USED_IN_ASSIGNMENT": "false",
          "S9_METHOD_CALL_WITH_NORMAL_GUARD": "false",
          "ast_info": {
            "dst": "null",
            "dst_parent": "null",
            "dst_parent_type": "null",
            "dst_type": "null",
            "operator": "INS",
            "src": "for (com.google.javascript.jscomp.ReferenceCollectingCallback.BasicBlock block = ref.getBasicBlock(); block != null; block = block.getParent()) {\n    if (block.isFunction) {\n        break;\n    } else if (block.isLoop) {\n        return false;\n    }\n}",
            "src_parent": "{\n    com.google.javascript.jscomp.ReferenceCollectingCallback.Reference ref = getOneAndOnlyAssignment();\n    if (ref == null) {\n        return false;\n    }\n    for (com.google.javascript.jscomp.ReferenceCollectingCallback.BasicBlock block = ref.getBasicBlock(); block != null; block = block.getParent()) {\n        if (block.isFunction) {\n            break;\n        } else if (block.isLoop) {\n            return false;\n        }\n    }\n    return true;\n}",
            "src_parent_type": "Block",
            "src_type": "For"
          }
        },
        {
          "FEATURES_BINARYOPERATOR": {
            "0_(currentBlock != null) && (currentBlock != this)": {
              "O1_IS_BIT": "false",
              "O1_IS_COMPARE": "false",
              "O1_IS_LOGICAL": "true",
              "O1_IS_MATH": "false",
              "O1_IS_OTHERS": "false",
              "O1_IS_SHIFT": "false",
              "O2_LOGICAL_CONTAIN_NOT": "false",
              "O3_CONTAIN_01": "false",
              "O3_CONTAIN_NULL": "false",
              "O4_COMPARE_IN_CONDITION": "false",
              "O5_IS_MATH_ROOT": "false"
            },
            "1_(currentBlock != null)": {
              "O1_IS_BIT": "false",
              "O1_IS_COMPARE": "true",
              "O1_IS_LOGICAL": "false",
              "O1_IS_MATH": "false",
              "O1_IS_OTHERS": "false",
              "O1_IS_SHIFT": "false",
              "O2_LOGICAL_CONTAIN_NOT": "false",
              "O3_CONTAIN_01": "false",
              "O3_CONTAIN_NULL": "true",
              "O4_COMPARE_IN_CONDITION": "false",
              "O5_IS_MATH_ROOT": "false"
            },
            "2_(currentBlock != this)": {
              "O1_IS_BIT": "false",
              "O1_IS_COMPARE": "true",
              "O1_IS_LOGICAL": "false",
              "O1_IS_MATH": "false",
              "O1_IS_OTHERS": "false",
              "O1_IS_SHIFT": "false",
              "O2_LOGICAL_CONTAIN_NOT": "false",
              "O3_CONTAIN_01": "false",
              "O3_CONTAIN_NULL": "false",
              "O4_COMPARE_IN_CONDITION": "false",
              "O5_IS_MATH_ROOT": "false"
            },
            "3_currentBlock == this": {
              "O1_IS_BIT": "false",
              "O1_IS_COMPARE": "true",
              "O1_IS_LOGICAL": "false",
              "O1_IS_MATH": "false",
              "O1_IS_OTHERS": "false",
              "O1_IS_SHIFT": "false",
              "O2_LOGICAL_CONTAIN_NOT": "false",
              "O3_CONTAIN_01": "false",
              "O3_CONTAIN_NULL": "false",
              "O4_COMPARE_IN_CONDITION": "false",
              "O5_IS_MATH_ROOT": "false"
            }
          },
          "FEATURES_LOGICAL_EXPRESSION": {
            "logical_expression_0_this.isHoisted = com.google.javascript.jscomp.NodeUtil.isHoistedFunctionDeclaration(root)": {
              "LE10_ATOMIC_EXPRESSION_COMPARISION_SAME_LEFT": "false",
              "LE10_ATOMIC_EXPRESSION_COMPARISION_SAME_RIGHT": "false",
              "LE10_ATOMIC_EXPRESSION_MULTIPLE_VAR_AS_BOOLEAN": "false",
              "LE10_ATOMIC_EXPRESSION_SAME_INVOCATION_TARGET": "false",
              "LE10_ATOMIC_EXPRESSION_USED_IN_INVOCATION_COMPARISION_VARIABLE": "false",
              "LE10_CONTAINS_ALL_INVOCATION_COMPARISION_VARIABLE": "false",
              "LE1_EXISTS_RELATED_BOOLEAN_EXPRESSION": "true",
              "LE2_IS_BOOLEAN_METHOD_PARAM_TYPE_VAR": "true",
              "LE3_IS_COMPATIBLE_VAR_NOT_INCLUDED": "false",
              "LE4_EXISTS_LOCAL_UNUSED_VARIABLES": "false",
              "LE5_COMPLEX_REFERENCE": "true",
              "LE6_HAS_NEGATION": "false",
              "LE8_SCOPE_VAR_USED_OTHER_BOOLEXPER": "false",
              "LE9_EQUAL_NOTEQUAL_NULL_CHECK": "false",
              "LE9_MIX_CHECK": "false",
              "LE9_NORMAL_CHECK": "false",
              "LE9_NULL_CHECK": "false"
            }
          },
          "FEATURES_METHODS": {
            "isHoistedFunctionDeclaration": {
              "M10_METHOD_CALL_WITH_NULL_GUARD": "false",
              "M10_WRAPTTED_IN_OTHER_CALLS": "false",
              "M11_Satrt_With_Get": "false",
              "M12_Has_Var_Similar_In_Name": "false",
              "M12_METHOD_CALL_WITH_TRY_CATCH": "false",
              "M13_Argument_Has_Primitive": "false",
              "M1_LOCAL_VAR_NOT_ASSIGNED": "false",
              "M1_LOCAL_VAR_NOT_USED": "false",
              "M1_OVERLOADED_METHOD": "false",
              "M2_SIMILAR_METHOD_WITH_SAME_RETURN": "false",
              "M2_SIMILAR_OBJECT_TYPE_WITH_NORMAL_GUARD": "false",
              "M2_SIMILAR_OBJECT_TYPE_WITH_NULL_GUARD": "false",
              "M3_ANOTHER_METHOD_WITH_PARAMETER_RETURN_COMP": "false",
              "M4_Field_NOT_ASSIGNED": "false",
              "M4_Field_NOT_USED": "false",
              "M4_PARAMETER_RETURN_COMPABILITY": "false",
              "M5_MI_WITH_COMPATIBLE_VAR_TYPE": "true",
              "M5_SIMILAR_PRIMITIVE_TYPE_WITH_NORMAL_GUARD": "false",
              "M5_SIMILAR_PRIMITIVE_TYPE_WITH_NULL_GUARD": "false",
              "M6_INV_Invocation_INV_REPLACE_BY_VAR": "false",
              "M7_INV_Invocation_INV_REPLACE_BY_INV": "false",
              "M7_OBJECT_USED_IN_ASSIGNMENT": "false",
              "M8_PRIMITIVE_USED_IN_ASSIGNMENT": "false",
              "M8_RETURN_PRIMITIVE": "true",
              "M9_METHOD_CALL_WITH_NORMAL_GUARD": "false",
              "M9_RETURN_OBJECTIVE": "false"
            },
            "spoon.support.reflect.code.CtInvocationImpl@1": {
              "M10_METHOD_CALL_WITH_NULL_GUARD": "false",
              "M10_WRAPTTED_IN_OTHER_CALLS": "false",
              "M11_Satrt_With_Get": "false",
              "M12_Has_Var_Similar_In_Name": "false",
              "M12_METHOD_CALL_WITH_TRY_CATCH": "false",
              "M13_Argument_Has_Primitive": "false",
              "M1_LOCAL_VAR_NOT_ASSIGNED": "false",
              "M1_LOCAL_VAR_NOT_USED": "false",
              "M1_OVERLOADED_METHOD": "false",
              "M2_SIMILAR_METHOD_WITH_SAME_RETURN": "false",
              "M2_SIMILAR_OBJECT_TYPE_WITH_NORMAL_GUARD": "false",
              "M2_SIMILAR_OBJECT_TYPE_WITH_NULL_GUARD": "false",
              "M3_ANOTHER_METHOD_WITH_PARAMETER_RETURN_COMP": "true",
              "M4_Field_NOT_ASSIGNED": "false",
              "M4_Field_NOT_USED": "false",
              "M4_PARAMETER_RETURN_COMPABILITY": "false",
              "M5_MI_WITH_COMPATIBLE_VAR_TYPE": "true",
              "M5_SIMILAR_PRIMITIVE_TYPE_WITH_NORMAL_GUARD": "false",
              "M5_SIMILAR_PRIMITIVE_TYPE_WITH_NULL_GUARD": "false",
              "M6_INV_Invocation_INV_REPLACE_BY_VAR": "false",
              "M7_INV_Invocation_INV_REPLACE_BY_INV": "false",
              "M7_OBJECT_USED_IN_ASSIGNMENT": "false",
              "M8_PRIMITIVE_USED_IN_ASSIGNMENT": "false",
              "M8_RETURN_PRIMITIVE": "false",
              "M9_METHOD_CALL_WITH_NORMAL_GUARD": "false",
              "M9_RETURN_OBJECTIVE": "true"
            }
          },
          "FEATURES_METHOD_INVOCATION": {},
          "FEATURES_TYPEACCESS": {
            "com.google.javascript.jscomp.NodeUtil": {
              "C3_TYPEACCESS_ACTUAL_VAR": "false",
              "C4_SIMILAR_TYPEACCESS_ACTUAL_VAR": "false"
            },
            "com.google.javascript.jscomp.ReferenceCollectingCallback$BasicBlock": {
              "C3_TYPEACCESS_ACTUAL_VAR": "false",
              "C4_SIMILAR_TYPEACCESS_ACTUAL_VAR": "false"
            }
          },
          "FEATURES_VARS": {
            "isHoisted": {
              "V10_VAR_TYPE_Similar_VAR": "false",
              "V11_VAR_COMPATIBLE_TYPE_IN_CONDITION": "false",
              "V12_VAR_Invocation_VAR_REPLACE_BY_VAR": "false",
              "V13_VAR_Invocation_VAR_REPLACE_BY_INVOCATION": "false",
              "V14_VAR_INSTANCE_OF_CLASS": "false",
              "V16_IS_METHOD_PARAMETER_TYPE_VAR": "false",
              "V17_VAR_IS_ENUMERATION": "false",
              "V18_Has_Method_Similar_In_Name": "false",
              "V19_With_Special_Name": "false",
              "V1_IS_TYPE_COMPATIBLE_METHOD_CALL_PARAM_RETURN": "false",
              "V1_LOCAL_VAR_NOT_ASSIGNED": "false",
              "V1_LOCAL_VAR_NOT_USED": "false",
              "V2_HAS_VAR_SIM_NAME": "false",
              "V2_HAS_VAR_SIM_NAME_COMP_TYPE": "false",
              "V3_HAS_CONSTANT": "false",
              "V4B_USED_MULTIPLE_AS_PARAMETER": "false",
              "V4_Field_NOT_ASSIGNED": "false",
              "V4_Field_NOT_USED": "false",
              "V5_HAS_VAR_IN_TRANSFORMATION": "false",
              "V6_IS_METHOD_RETURN_TYPE_VAR": "true",
              "V8_VAR_OBJECT": "false",
              "V8_VAR_PRIMITIVE": "true",
              "V9_VAR_TYPE_Similar_Literal": "true"
            },
            "parent": {
              "V10_VAR_TYPE_Similar_VAR": "false",
              "V11_VAR_COMPATIBLE_TYPE_IN_CONDITION": "false",
              "V12_VAR_Invocation_VAR_REPLACE_BY_VAR": "false",
              "V13_VAR_Invocation_VAR_REPLACE_BY_INVOCATION": "false",
              "V14_VAR_INSTANCE_OF_CLASS": "false",
              "V16_IS_METHOD_PARAMETER_TYPE_VAR": "true",
              "V17_VAR_IS_ENUMERATION": "false",
              "V18_Has_Method_Similar_In_Name": "true",
              "V19_With_Special_Name": "false",
              "V1_IS_TYPE_COMPATIBLE_METHOD_CALL_PARAM_RETURN": "false",
              "V1_LOCAL_VAR_NOT_ASSIGNED": "false",
              "V1_LOCAL_VAR_NOT_USED": "false",
              "V2_HAS_VAR_SIM_NAME": "false",
              "V2_HAS_VAR_SIM_NAME_COMP_TYPE": "false",
              "V3_HAS_CONSTANT": "false",
              "V4B_USED_MULTIPLE_AS_PARAMETER": "false",
              "V4_Field_NOT_ASSIGNED": "false",
              "V4_Field_NOT_USED": "false",
              "V5_HAS_VAR_IN_TRANSFORMATION": "false",
              "V6_IS_METHOD_RETURN_TYPE_VAR": "true",
              "V8_VAR_OBJECT": "true",
              "V8_VAR_PRIMITIVE": "false",
              "V9_VAR_TYPE_Similar_Literal": "false"
            },
            "root": {
              "V10_VAR_TYPE_Similar_VAR": "false",
              "V11_VAR_COMPATIBLE_TYPE_IN_CONDITION": "false",
              "V12_VAR_Invocation_VAR_REPLACE_BY_VAR": "false",
              "V13_VAR_Invocation_VAR_REPLACE_BY_INVOCATION": "false",
              "V14_VAR_INSTANCE_OF_CLASS": "false",
              "V16_IS_METHOD_PARAMETER_TYPE_VAR": "true",
              "V17_VAR_IS_ENUMERATION": "false",
              "V18_Has_Method_Similar_In_Name": "false",
              "V19_With_Special_Name": "false",
              "V1_IS_TYPE_COMPATIBLE_METHOD_CALL_PARAM_RETURN": "false",
              "V1_LOCAL_VAR_NOT_ASSIGNED": "false",
              "V1_LOCAL_VAR_NOT_USED": "false",
              "V2_HAS_VAR_SIM_NAME": "false",
              "V2_HAS_VAR_SIM_NAME_COMP_TYPE": "false",
              "V3_HAS_CONSTANT": "false",
              "V4B_USED_MULTIPLE_AS_PARAMETER": "false",
              "V4_FIRST_TIME_USED_AS_PARAMETER": "true",
              "V4_Field_NOT_ASSIGNED": "false",
              "V4_Field_NOT_USED": "false",
              "V5_HAS_VAR_IN_TRANSFORMATION": "false",
              "V6_IS_METHOD_RETURN_TYPE_VAR": "true",
              "V8_VAR_OBJECT": "true",
              "V8_VAR_PRIMITIVE": "false",
              "V9_VAR_TYPE_Similar_Literal": "false"
            }
          },
          "S10_METHOD_CALL_WITH_NULL_GUARD": "false",
          "S11_FAULTY_CLASS_EXCEPTION_TYPE": "false",
          "S12_METHOD_CALL_WITH_TRY_CATCH": "false",
          "S13_TYPE_OF_FAULTY_STATEMENT_AFTER_1": "",
          "S13_TYPE_OF_FAULTY_STATEMENT_AFTER_2": "",
          "S13_TYPE_OF_FAULTY_STATEMENT_AFTER_3": "",
          "S13_TYPE_OF_FAULTY_STATEMENT_BEFORE_1": "",
          "S13_TYPE_OF_FAULTY_STATEMENT_BEFORE_2": "",
          "S13_TYPE_OF_FAULTY_STATEMENT_BEFORE_3": "",
          "S14_TYPE_OF_FAULTY_STATEMENT_PARENT": "Class",
          "S15_HAS_OBJECTIVE_METHOD_CALL": "true",
          "S16_HAS_Invocations_Prone_Exception": "false",
          "S18_In_Synchronized_Method": "false",
          "S1_LOCAL_VAR_NOT_ASSIGNED": "false",
          "S1_LOCAL_VAR_NOT_USED": "false",
          "S2_SIMILAR_OBJECT_TYPE_WITH_NORMAL_GUARD": "false",
          "S2_SIMILAR_OBJECT_TYPE_WITH_NULL_GUARD": "false",
          "S3_TYPE_OF_FAULTY_STATEMENT": "Constructor",
          "S4_Field_NOT_ASSIGNED": "false",
          "S4_Field_NOT_USED": "false",
          "S5_SIMILAR_PRIMITIVE_TYPE_WITH_NORMAL_GUARD": "false",
          "S5_SIMILAR_PRIMITIVE_TYPE_WITH_NULL_GUARD": "false",
          "S7_OBJECT_USED_IN_ASSIGNMENT": "false",
          "S8_PRIMITIVE_USED_IN_ASSIGNMENT": "false",
          "S9_METHOD_CALL_WITH_NORMAL_GUARD": "false",
          "ast_info": {
            "dst": "null",
            "dst_parent": "null",
            "dst_parent_type": "null",
            "dst_type": "null",
            "operator": "INS",
            "src": "this.isFunction = root.getType() == com.google.javascript.rhino.Token.FUNCTION",
            "src_parent": "{\n    this.parent = parent;\n    this.isHoisted = com.google.javascript.jscomp.NodeUtil.isHoistedFunctionDeclaration(root);\n    this.isFunction = root.getType() == com.google.javascript.rhino.Token.FUNCTION;\n    if (root.getParent() != null) {\n        int pType = root.getParent().getType();\n        this.isLoop = ((pType == com.google.javascript.rhino.Token.DO) || (pType == com.google.javascript.rhino.Token.WHILE)) || (pType == com.google.javascript.rhino.Token.FOR);\n    } else {\n        this.isLoop = false;\n    }\n}",
            "src_parent_type": "Block",
            "src_type": "Assignment"
          }
        },
        {
          "FEATURES_BINARYOPERATOR": {
            "0_(currentBlock != null) && (currentBlock != this)": {
              "O1_IS_BIT": "false",
              "O1_IS_COMPARE": "false",
              "O1_IS_LOGICAL": "true",
              "O1_IS_MATH": "false",
              "O1_IS_OTHERS": "false",
              "O1_IS_SHIFT": "false",
              "O2_LOGICAL_CONTAIN_NOT": "false",
              "O3_CONTAIN_01": "false",
              "O3_CONTAIN_NULL": "false",
              "O4_COMPARE_IN_CONDITION": "false",
              "O5_IS_MATH_ROOT": "false"
            },
            "1_(currentBlock != null)": {
              "O1_IS_BIT": "false",
              "O1_IS_COMPARE": "true",
              "O1_IS_LOGICAL": "false",
              "O1_IS_MATH": "false",
              "O1_IS_OTHERS": "false",
              "O1_IS_SHIFT": "false",
              "O2_LOGICAL_CONTAIN_NOT": "false",
              "O3_CONTAIN_01": "false",
              "O3_CONTAIN_NULL": "true",
              "O4_COMPARE_IN_CONDITION": "false",
              "O5_IS_MATH_ROOT": "false"
            },
            "2_(currentBlock != this)": {
              "O1_IS_BIT": "false",
              "O1_IS_COMPARE": "true",
              "O1_IS_LOGICAL": "false",
              "O1_IS_MATH": "false",
              "O1_IS_OTHERS": "false",
              "O1_IS_SHIFT": "false",
              "O2_LOGICAL_CONTAIN_NOT": "false",
              "O3_CONTAIN_01": "false",
              "O3_CONTAIN_NULL": "false",
              "O4_COMPARE_IN_CONDITION": "false",
              "O5_IS_MATH_ROOT": "false"
            },
            "3_currentBlock == this": {
              "O1_IS_BIT": "false",
              "O1_IS_COMPARE": "true",
              "O1_IS_LOGICAL": "false",
              "O1_IS_MATH": "false",
              "O1_IS_OTHERS": "false",
              "O1_IS_SHIFT": "false",
              "O2_LOGICAL_CONTAIN_NOT": "false",
              "O3_CONTAIN_01": "false",
              "O3_CONTAIN_NULL": "false",
              "O4_COMPARE_IN_CONDITION": "false",
              "O5_IS_MATH_ROOT": "false"
            }
          },
          "FEATURES_LOGICAL_EXPRESSION": {
            "logical_expression_0_this.isHoisted = com.google.javascript.jscomp.NodeUtil.isHoistedFunctionDeclaration(root)": {
              "LE10_ATOMIC_EXPRESSION_COMPARISION_SAME_LEFT": "false",
              "LE10_ATOMIC_EXPRESSION_COMPARISION_SAME_RIGHT": "false",
              "LE10_ATOMIC_EXPRESSION_MULTIPLE_VAR_AS_BOOLEAN": "false",
              "LE10_ATOMIC_EXPRESSION_SAME_INVOCATION_TARGET": "false",
              "LE10_ATOMIC_EXPRESSION_USED_IN_INVOCATION_COMPARISION_VARIABLE": "false",
              "LE10_CONTAINS_ALL_INVOCATION_COMPARISION_VARIABLE": "false",
              "LE1_EXISTS_RELATED_BOOLEAN_EXPRESSION": "true",
              "LE2_IS_BOOLEAN_METHOD_PARAM_TYPE_VAR": "true",
              "LE3_IS_COMPATIBLE_VAR_NOT_INCLUDED": "false",
              "LE4_EXISTS_LOCAL_UNUSED_VARIABLES": "false",
              "LE5_COMPLEX_REFERENCE": "true",
              "LE6_HAS_NEGATION": "false",
              "LE8_SCOPE_VAR_USED_OTHER_BOOLEXPER": "false",
              "LE9_EQUAL_NOTEQUAL_NULL_CHECK": "false",
              "LE9_MIX_CHECK": "false",
              "LE9_NORMAL_CHECK": "false",
              "LE9_NULL_CHECK": "false"
            }
          },
          "FEATURES_METHODS": {
            "isHoistedFunctionDeclaration": {
              "M10_METHOD_CALL_WITH_NULL_GUARD": "false",
              "M10_WRAPTTED_IN_OTHER_CALLS": "false",
              "M11_Satrt_With_Get": "false",
              "M12_Has_Var_Similar_In_Name": "false",
              "M12_METHOD_CALL_WITH_TRY_CATCH": "false",
              "M13_Argument_Has_Primitive": "false",
              "M1_LOCAL_VAR_NOT_ASSIGNED": "false",
              "M1_LOCAL_VAR_NOT_USED": "false",
              "M1_OVERLOADED_METHOD": "false",
              "M2_SIMILAR_METHOD_WITH_SAME_RETURN": "false",
              "M2_SIMILAR_OBJECT_TYPE_WITH_NORMAL_GUARD": "false",
              "M2_SIMILAR_OBJECT_TYPE_WITH_NULL_GUARD": "false",
              "M3_ANOTHER_METHOD_WITH_PARAMETER_RETURN_COMP": "false",
              "M4_Field_NOT_ASSIGNED": "false",
              "M4_Field_NOT_USED": "false",
              "M4_PARAMETER_RETURN_COMPABILITY": "false",
              "M5_MI_WITH_COMPATIBLE_VAR_TYPE": "true",
              "M5_SIMILAR_PRIMITIVE_TYPE_WITH_NORMAL_GUARD": "false",
              "M5_SIMILAR_PRIMITIVE_TYPE_WITH_NULL_GUARD": "false",
              "M6_INV_Invocation_INV_REPLACE_BY_VAR": "false",
              "M7_INV_Invocation_INV_REPLACE_BY_INV": "false",
              "M7_OBJECT_USED_IN_ASSIGNMENT": "false",
              "M8_PRIMITIVE_USED_IN_ASSIGNMENT": "false",
              "M8_RETURN_PRIMITIVE": "true",
              "M9_METHOD_CALL_WITH_NORMAL_GUARD": "false",
              "M9_RETURN_OBJECTIVE": "false"
            },
            "spoon.support.reflect.code.CtInvocationImpl@1": {
              "M10_METHOD_CALL_WITH_NULL_GUARD": "false",
              "M10_WRAPTTED_IN_OTHER_CALLS": "false",
              "M11_Satrt_With_Get": "false",
              "M12_Has_Var_Similar_In_Name": "false",
              "M12_METHOD_CALL_WITH_TRY_CATCH": "false",
              "M13_Argument_Has_Primitive": "false",
              "M1_LOCAL_VAR_NOT_ASSIGNED": "false",
              "M1_LOCAL_VAR_NOT_USED": "false",
              "M1_OVERLOADED_METHOD": "false",
              "M2_SIMILAR_METHOD_WITH_SAME_RETURN": "false",
              "M2_SIMILAR_OBJECT_TYPE_WITH_NORMAL_GUARD": "false",
              "M2_SIMILAR_OBJECT_TYPE_WITH_NULL_GUARD": "false",
              "M3_ANOTHER_METHOD_WITH_PARAMETER_RETURN_COMP": "true",
              "M4_Field_NOT_ASSIGNED": "false",
              "M4_Field_NOT_USED": "false",
              "M4_PARAMETER_RETURN_COMPABILITY": "false",
              "M5_MI_WITH_COMPATIBLE_VAR_TYPE": "true",
              "M5_SIMILAR_PRIMITIVE_TYPE_WITH_NORMAL_GUARD": "false",
              "M5_SIMILAR_PRIMITIVE_TYPE_WITH_NULL_GUARD": "false",
              "M6_INV_Invocation_INV_REPLACE_BY_VAR": "false",
              "M7_INV_Invocation_INV_REPLACE_BY_INV": "false",
              "M7_OBJECT_USED_IN_ASSIGNMENT": "false",
              "M8_PRIMITIVE_USED_IN_ASSIGNMENT": "false",
              "M8_RETURN_PRIMITIVE": "false",
              "M9_METHOD_CALL_WITH_NORMAL_GUARD": "false",
              "M9_RETURN_OBJECTIVE": "true"
            }
          },
          "FEATURES_METHOD_INVOCATION": {},
          "FEATURES_TYPEACCESS": {
            "com.google.javascript.jscomp.NodeUtil": {
              "C3_TYPEACCESS_ACTUAL_VAR": "false",
              "C4_SIMILAR_TYPEACCESS_ACTUAL_VAR": "false"
            },
            "com.google.javascript.jscomp.ReferenceCollectingCallback$BasicBlock": {
              "C3_TYPEACCESS_ACTUAL_VAR": "false",
              "C4_SIMILAR_TYPEACCESS_ACTUAL_VAR": "false"
            }
          },
          "FEATURES_VARS": {
            "isHoisted": {
              "V10_VAR_TYPE_Similar_VAR": "false",
              "V11_VAR_COMPATIBLE_TYPE_IN_CONDITION": "false",
              "V12_VAR_Invocation_VAR_REPLACE_BY_VAR": "false",
              "V13_VAR_Invocation_VAR_REPLACE_BY_INVOCATION": "false",
              "V14_VAR_INSTANCE_OF_CLASS": "false",
              "V16_IS_METHOD_PARAMETER_TYPE_VAR": "false",
              "V17_VAR_IS_ENUMERATION": "false",
              "V18_Has_Method_Similar_In_Name": "false",
              "V19_With_Special_Name": "false",
              "V1_IS_TYPE_COMPATIBLE_METHOD_CALL_PARAM_RETURN": "false",
              "V1_LOCAL_VAR_NOT_ASSIGNED": "false",
              "V1_LOCAL_VAR_NOT_USED": "false",
              "V2_HAS_VAR_SIM_NAME": "false",
              "V2_HAS_VAR_SIM_NAME_COMP_TYPE": "false",
              "V3_HAS_CONSTANT": "false",
              "V4B_USED_MULTIPLE_AS_PARAMETER": "false",
              "V4_Field_NOT_ASSIGNED": "false",
              "V4_Field_NOT_USED": "false",
              "V5_HAS_VAR_IN_TRANSFORMATION": "false",
              "V6_IS_METHOD_RETURN_TYPE_VAR": "true",
              "V8_VAR_OBJECT": "false",
              "V8_VAR_PRIMITIVE": "true",
              "V9_VAR_TYPE_Similar_Literal": "true"
            },
            "parent": {
              "V10_VAR_TYPE_Similar_VAR": "false",
              "V11_VAR_COMPATIBLE_TYPE_IN_CONDITION": "false",
              "V12_VAR_Invocation_VAR_REPLACE_BY_VAR": "false",
              "V13_VAR_Invocation_VAR_REPLACE_BY_INVOCATION": "false",
              "V14_VAR_INSTANCE_OF_CLASS": "false",
              "V16_IS_METHOD_PARAMETER_TYPE_VAR": "true",
              "V17_VAR_IS_ENUMERATION": "false",
              "V18_Has_Method_Similar_In_Name": "true",
              "V19_With_Special_Name": "false",
              "V1_IS_TYPE_COMPATIBLE_METHOD_CALL_PARAM_RETURN": "false",
              "V1_LOCAL_VAR_NOT_ASSIGNED": "false",
              "V1_LOCAL_VAR_NOT_USED": "false",
              "V2_HAS_VAR_SIM_NAME": "false",
              "V2_HAS_VAR_SIM_NAME_COMP_TYPE": "false",
              "V3_HAS_CONSTANT": "false",
              "V4B_USED_MULTIPLE_AS_PARAMETER": "false",
              "V4_Field_NOT_ASSIGNED": "false",
              "V4_Field_NOT_USED": "false",
              "V5_HAS_VAR_IN_TRANSFORMATION": "false",
              "V6_IS_METHOD_RETURN_TYPE_VAR": "true",
              "V8_VAR_OBJECT": "true",
              "V8_VAR_PRIMITIVE": "false",
              "V9_VAR_TYPE_Similar_Literal": "false"
            },
            "root": {
              "V10_VAR_TYPE_Similar_VAR": "false",
              "V11_VAR_COMPATIBLE_TYPE_IN_CONDITION": "false",
              "V12_VAR_Invocation_VAR_REPLACE_BY_VAR": "false",
              "V13_VAR_Invocation_VAR_REPLACE_BY_INVOCATION": "false",
              "V14_VAR_INSTANCE_OF_CLASS": "false",
              "V16_IS_METHOD_PARAMETER_TYPE_VAR": "true",
              "V17_VAR_IS_ENUMERATION": "false",
              "V18_Has_Method_Similar_In_Name": "false",
              "V19_With_Special_Name": "false",
              "V1_IS_TYPE_COMPATIBLE_METHOD_CALL_PARAM_RETURN": "false",
              "V1_LOCAL_VAR_NOT_ASSIGNED": "false",
              "V1_LOCAL_VAR_NOT_USED": "false",
              "V2_HAS_VAR_SIM_NAME": "false",
              "V2_HAS_VAR_SIM_NAME_COMP_TYPE": "false",
              "V3_HAS_CONSTANT": "false",
              "V4B_USED_MULTIPLE_AS_PARAMETER": "false",
              "V4_FIRST_TIME_USED_AS_PARAMETER": "true",
              "V4_Field_NOT_ASSIGNED": "false",
              "V4_Field_NOT_USED": "false",
              "V5_HAS_VAR_IN_TRANSFORMATION": "false",
              "V6_IS_METHOD_RETURN_TYPE_VAR": "true",
              "V8_VAR_OBJECT": "true",
              "V8_VAR_PRIMITIVE": "false",
              "V9_VAR_TYPE_Similar_Literal": "false"
            }
          },
          "S10_METHOD_CALL_WITH_NULL_GUARD": "false",
          "S11_FAULTY_CLASS_EXCEPTION_TYPE": "false",
          "S12_METHOD_CALL_WITH_TRY_CATCH": "false",
          "S13_TYPE_OF_FAULTY_STATEMENT_AFTER_1": "",
          "S13_TYPE_OF_FAULTY_STATEMENT_AFTER_2": "",
          "S13_TYPE_OF_FAULTY_STATEMENT_AFTER_3": "",
          "S13_TYPE_OF_FAULTY_STATEMENT_BEFORE_1": "",
          "S13_TYPE_OF_FAULTY_STATEMENT_BEFORE_2": "",
          "S13_TYPE_OF_FAULTY_STATEMENT_BEFORE_3": "",
          "S14_TYPE_OF_FAULTY_STATEMENT_PARENT": "Class",
          "S15_HAS_OBJECTIVE_METHOD_CALL": "true",
          "S16_HAS_Invocations_Prone_Exception": "false",
          "S18_In_Synchronized_Method": "false",
          "S1_LOCAL_VAR_NOT_ASSIGNED": "false",
          "S1_LOCAL_VAR_NOT_USED": "false",
          "S2_SIMILAR_OBJECT_TYPE_WITH_NORMAL_GUARD": "false",
          "S2_SIMILAR_OBJECT_TYPE_WITH_NULL_GUARD": "false",
          "S3_TYPE_OF_FAULTY_STATEMENT": "Constructor",
          "S4_Field_NOT_ASSIGNED": "false",
          "S4_Field_NOT_USED": "false",
          "S5_SIMILAR_PRIMITIVE_TYPE_WITH_NORMAL_GUARD": "false",
          "S5_SIMILAR_PRIMITIVE_TYPE_WITH_NULL_GUARD": "false",
          "S7_OBJECT_USED_IN_ASSIGNMENT": "false",
          "S8_PRIMITIVE_USED_IN_ASSIGNMENT": "false",
          "S9_METHOD_CALL_WITH_NORMAL_GUARD": "false",
          "ast_info": {
            "dst": "null",
            "dst_parent": "null",
            "dst_parent_type": "null",
            "dst_type": "null",
            "operator": "INS",
            "src": "if (root.getParent() != null) {\n    int pType = root.getParent().getType();\n    this.isLoop = ((pType == com.google.javascript.rhino.Token.DO) || (pType == com.google.javascript.rhino.Token.WHILE)) || (pType == com.google.javascript.rhino.Token.FOR);\n} else {\n    this.isLoop = false;\n}",
            "src_parent": "{\n    this.parent = parent;\n    this.isHoisted = com.google.javascript.jscomp.NodeUtil.isHoistedFunctionDeclaration(root);\n    this.isFunction = root.getType() == com.google.javascript.rhino.Token.FUNCTION;\n    if (root.getParent() != null) {\n        int pType = root.getParent().getType();\n        this.isLoop = ((pType == com.google.javascript.rhino.Token.DO) || (pType == com.google.javascript.rhino.Token.WHILE)) || (pType == com.google.javascript.rhino.Token.FOR);\n    } else {\n        this.isLoop = false;\n    }\n}",
            "src_parent_type": "Block",
            "src_type": "If"
          }
        },
        {
          "P4J_FORMER_ABST_V_AF": "0",
          "P4J_FORMER_ASSIGN_CONST_AF": "0",
          "P4J_FORMER_ASSIGN_LHS_AF": "0",
          "P4J_FORMER_ASSIGN_ZERO_AF": "0",
          "P4J_FORMER_CALLEE_AF": "0",
          "P4J_FORMER_CALL_ARGUMENT_AF": "0",
          "P4J_FORMER_CHANGED_AF": "0",
          "P4J_FORMER_DEREF_AF": "0",
          "P4J_FORMER_FUNC_ARGUMENT_VF": "0",
          "P4J_FORMER_GLOBAL_VARIABLE_VF": "0",
          "P4J_FORMER_INDEX_AF": "0",
          "P4J_FORMER_INSERT_CONTROL_RF": "0",
          "P4J_FORMER_INSERT_GUARD_RF": "0",
          "P4J_FORMER_INSERT_STMT_RF": "0",
          "P4J_FORMER_LOCAL_VARIABLE_VF": "0",
          "P4J_FORMER_MEMBER_ACCESS_AF": "0",
          "P4J_FORMER_MEMBER_VF": "0",
          "P4J_FORMER_MODIFIED_SIMILAR_VF": "0",
          "P4J_FORMER_MODIFIED_VF": "0",
          "P4J_FORMER_NONZERO_CONST_VF": "0",
          "P4J_FORMER_OP_ADD_AF": "0",
          "P4J_FORMER_OP_DIV_AF": "0",
          "P4J_FORMER_OP_EQ_AF": "0",
          "P4J_FORMER_OP_GE_AF": "0",
          "P4J_FORMER_OP_GT_AF": "0",
          "P4J_FORMER_OP_LE_AF": "0",
          "P4J_FORMER_OP_LT_AF": "0",
          "P4J_FORMER_OP_MOD_AF": "0",
          "P4J_FORMER_OP_MUL_AF": "0",
          "P4J_FORMER_OP_NE_AF": "0",
          "P4J_FORMER_OP_SUB_AF": "0",
          "P4J_FORMER_REMOVE_PARTIAL_IF": "0",
          "P4J_FORMER_REMOVE_STMT": "0",
          "P4J_FORMER_REMOVE_WHOLE_BLOCK": "0",
          "P4J_FORMER_REMOVE_WHOLE_IF": "0",
          "P4J_FORMER_REPLACE_COND_RF": "0",
          "P4J_FORMER_REPLACE_STMT_RF": "0",
          "P4J_FORMER_R_STMT_ASSIGN_AF": "0",
          "P4J_FORMER_R_STMT_CALL_AF": "0",
          "P4J_FORMER_R_STMT_COND_AF": "0",
          "P4J_FORMER_R_STMT_CONTROL_AF": "0",
          "P4J_FORMER_SIZE_LITERAL_VF": "0",
          "P4J_FORMER_STMT_ASSIGN_AF": "0",
          "P4J_FORMER_STMT_CALL_AF": "0",
          "P4J_FORMER_STMT_COND_AF": "0",
          "P4J_FORMER_STMT_CONTROL_AF": "0",
          "P4J_FORMER_STMT_LABEL_AF": "0",
          "P4J_FORMER_STMT_LOOP_AF": "0",
          "P4J_FORMER_STRING_LITERAL_VF": "0",
          "P4J_FORMER_UOP_DEC_AF": "0",
          "P4J_FORMER_UOP_INC_AF": "0",
          "P4J_FORMER_ZERO_CONST_VF": "0",
          "P4J_LATER_ABST_V_AF": "0",
          "P4J_LATER_ASSIGN_CONST_AF": "0",
          "P4J_LATER_ASSIGN_LHS_AF": "0",
          "P4J_LATER_ASSIGN_ZERO_AF": "0",
          "P4J_LATER_CALLEE_AF": "0",
          "P4J_LATER_CALL_ARGUMENT_AF": "0",
          "P4J_LATER_CHANGED_AF": "0",
          "P4J_LATER_DEREF_AF": "0",
          "P4J_LATER_FUNC_ARGUMENT_VF": "0",
          "P4J_LATER_GLOBAL_VARIABLE_VF": "0",
          "P4J_LATER_INDEX_AF": "0",
          "P4J_LATER_INSERT_CONTROL_RF": "0",
          "P4J_LATER_INSERT_GUARD_RF": "0",
          "P4J_LATER_INSERT_STMT_RF": "0",
          "P4J_LATER_LOCAL_VARIABLE_VF": "0",
          "P4J_LATER_MEMBER_ACCESS_AF": "1",
          "P4J_LATER_MEMBER_VF": "0",
          "P4J_LATER_MODIFIED_SIMILAR_VF": "0",
          "P4J_LATER_MODIFIED_VF": "0",
          "P4J_LATER_NONZERO_CONST_VF": "0",
          "P4J_LATER_OP_ADD_AF": "0",
          "P4J_LATER_OP_DIV_AF": "0",
          "P4J_LATER_OP_EQ_AF": "0",
          "P4J_LATER_OP_GE_AF": "0",
          "P4J_LATER_OP_GT_AF": "0",
          "P4J_LATER_OP_LE_AF": "0",
          "P4J_LATER_OP_LT_AF": "0",
          "P4J_LATER_OP_MOD_AF": "0",
          "P4J_LATER_OP_MUL_AF": "0",
          "P4J_LATER_OP_NE_AF": "0",
          "P4J_LATER_OP_SUB_AF": "0",
          "P4J_LATER_REMOVE_PARTIAL_IF": "0",
          "P4J_LATER_REMOVE_STMT": "0",
          "P4J_LATER_REMOVE_WHOLE_BLOCK": "0",
          "P4J_LATER_REMOVE_WHOLE_IF": "0",
          "P4J_LATER_REPLACE_COND_RF": "0",
          "P4J_LATER_REPLACE_STMT_RF": "0",
          "P4J_LATER_R_STMT_ASSIGN_AF": "0",
          "P4J_LATER_R_STMT_CALL_AF": "0",
          "P4J_LATER_R_STMT_COND_AF": "0",
          "P4J_LATER_R_STMT_CONTROL_AF": "0",
          "P4J_LATER_SIZE_LITERAL_VF": "0",
          "P4J_LATER_STMT_ASSIGN_AF": "0",
          "P4J_LATER_STMT_CALL_AF": "0",
          "P4J_LATER_STMT_COND_AF": "0",
          "P4J_LATER_STMT_CONTROL_AF": "0",
          "P4J_LATER_STMT_LABEL_AF": "0",
          "P4J_LATER_STMT_LOOP_AF": "0",
          "P4J_LATER_STRING_LITERAL_VF": "0",
          "P4J_LATER_UOP_DEC_AF": "0",
          "P4J_LATER_UOP_INC_AF": "0",
          "P4J_LATER_ZERO_CONST_VF": "0",
          "P4J_SRC_ABST_V_AF": "0",
          "P4J_SRC_ASSIGN_CONST_AF": "0",
          "P4J_SRC_ASSIGN_LHS_AF": "0",
          "P4J_SRC_ASSIGN_ZERO_AF": "0",
          "P4J_SRC_CALLEE_AF": "0",
          "P4J_SRC_CALL_ARGUMENT_AF": "0",
          "P4J_SRC_CHANGED_AF": "0",
          "P4J_SRC_DEREF_AF": "0",
          "P4J_SRC_FUNC_ARGUMENT_VF": "0",
          "P4J_SRC_GLOBAL_VARIABLE_VF": "0",
          "P4J_SRC_INDEX_AF": "0",
          "P4J_SRC_INSERT_CONTROL_RF": "0",
          "P4J_SRC_INSERT_GUARD_RF": "0",
          "P4J_SRC_INSERT_STMT_RF": "1",
          "P4J_SRC_LOCAL_VARIABLE_VF": "0",
          "P4J_SRC_MEMBER_ACCESS_AF": "1",
          "P4J_SRC_MEMBER_VF": "1",
          "P4J_SRC_MODIFIED_SIMILAR_VF": "0",
          "P4J_SRC_MODIFIED_VF": "0",
          "P4J_SRC_NONZERO_CONST_VF": "0",
          "P4J_SRC_OP_ADD_AF": "0",
          "P4J_SRC_OP_DIV_AF": "0",
          "P4J_SRC_OP_EQ_AF": "0",
          "P4J_SRC_OP_GE_AF": "0",
          "P4J_SRC_OP_GT_AF": "0",
          "P4J_SRC_OP_LE_AF": "0",
          "P4J_SRC_OP_LT_AF": "0",
          "P4J_SRC_OP_MOD_AF": "0",
          "P4J_SRC_OP_MUL_AF": "0",
          "P4J_SRC_OP_NE_AF": "0",
          "P4J_SRC_OP_SUB_AF": "0",
          "P4J_SRC_REMOVE_PARTIAL_IF": "0",
          "P4J_SRC_REMOVE_STMT": "0",
          "P4J_SRC_REMOVE_WHOLE_BLOCK": "0",
          "P4J_SRC_REMOVE_WHOLE_IF": "0",
          "P4J_SRC_REPLACE_COND_RF": "0",
          "P4J_SRC_REPLACE_STMT_RF": "0",
          "P4J_SRC_R_STMT_ASSIGN_AF": "0",
          "P4J_SRC_R_STMT_CALL_AF": "0",
          "P4J_SRC_R_STMT_COND_AF": "0",
          "P4J_SRC_R_STMT_CONTROL_AF": "0",
          "P4J_SRC_SIZE_LITERAL_VF": "0",
          "P4J_SRC_STMT_ASSIGN_AF": "0",
          "P4J_SRC_STMT_CALL_AF": "0",
          "P4J_SRC_STMT_COND_AF": "0",
          "P4J_SRC_STMT_CONTROL_AF": "0",
          "P4J_SRC_STMT_LABEL_AF": "0",
          "P4J_SRC_STMT_LOOP_AF": "0",
          "P4J_SRC_STRING_LITERAL_VF": "0",
          "P4J_SRC_UOP_DEC_AF": "0",
          "P4J_SRC_UOP_INC_AF": "0",
          "P4J_SRC_ZERO_CONST_VF": "0"
        },
        {
          "repairPatterns": {
            "codeMove": 0,
            "condBlockExcAdd": 0,
            "condBlockOthersAdd": 0,
            "condBlockRem": 0,
            "condBlockRetAdd": 0,
            "constChange": 0,
            "copyPaste": 0,
            "expArithMod": 0,
            "expLogicExpand": 0,
            "expLogicMod": 0,
            "expLogicReduce": 0,
            "missNullCheckN": 0,
            "missNullCheckP": 0,
            "notClassified": 0,
            "singleLine": 0,
            "unwrapIfElse": 0,
            "unwrapMethod": 0,
            "unwrapTryCatch": 0,
            "wrapsElse": 0,
            "wrapsIf": 0,
            "wrapsIfElse": 0,
            "wrapsLoop": 0,
            "wrapsMethod": 0,
            "wrapsTryCatch": 0,
            "wrongMethodRef": 0,
            "wrongVarRef": 0
          }
        },
        {
          "UpdateLiteral": 0,
          "addLineNo": 19,
          "addThis": 1,
          "condLogicReduce": 0,
          "dupArgsInvocation": 0,
          "ifTrue": 0,
          "insertBooleanLiteral": 0,
          "insertIfFalse": 0,
          "insertNewConstLiteral": 0,
          "patchedFileNo": 1,
          "removeNullinCond": 0,
          "rmLineNo": 0,
          "updIfFalse": 0
        }
      ],
      "file_name": "Developer"
    }
  ],
  "id": "patch1#1-Closure-98"
}